ISO-10303-21;
HEADER;
/* Generated by software containing ST-Developer
 * from STEP Tools, Inc. (www.steptools.com) 
 */

FILE_DESCRIPTION(
/* description */ (''),
/* implementation_level */ '2;1');

FILE_NAME(
/* name */ '90_Deg_Profile.step',
/* time_stamp */ '2025-11-24T17:13:09+01:00',
/* author */ (''),
/* organization */ (''),
/* preprocessor_version */ 'ST-DEVELOPER v20.1',
/* originating_system */ 'Autodesk Translation Framework v14.21.0.0',
/* authorisation */ '');

FILE_SCHEMA (('AUTOMOTIVE_DESIGN { 1 0 10303 214 3 1 1 }'));
ENDSEC;

DATA;
#10=MECHANICAL_DESIGN_GEOMETRIC_PRESENTATION_REPRESENTATION('',(#13),#3301);
#11=SHAPE_REPRESENTATION_RELATIONSHIP('SRR','None',#3308,#12);
#12=ADVANCED_BREP_SHAPE_REPRESENTATION('',(#14),#3300);
#13=STYLED_ITEM('',(#3318),#14);
#14=MANIFOLD_SOLID_BREP('Body1',#1979);
#15=FACE_BOUND('',#266,.T.);
#16=FACE_BOUND('',#267,.T.);
#17=FACE_BOUND('',#268,.T.);
#18=FACE_BOUND('',#270,.T.);
#19=FACE_BOUND('',#271,.T.);
#20=FACE_BOUND('',#272,.T.);
#21=FACE_BOUND('',#305,.T.);
#22=FACE_BOUND('',#308,.T.);
#23=FACE_BOUND('',#309,.T.);
#24=FACE_BOUND('',#310,.T.);
#25=ELLIPSE('',#2085,1.4142135623731,1.);
#26=ELLIPSE('',#2086,1.4142135623731,1.);
#27=ELLIPSE('',#2092,1.4142135623731,1.);
#28=ELLIPSE('',#2093,1.4142135623731,1.);
#29=ELLIPSE('',#2100,1.08239220029239,1.);
#30=ELLIPSE('',#2105,1.08239220029239,1.);
#31=ELLIPSE('',#2108,1.08239220029239,1.);
#32=ELLIPSE('',#2113,1.08239220029239,1.);
#33=PLANE('',#1996);
#34=PLANE('',#2000);
#35=PLANE('',#2005);
#36=PLANE('',#2006);
#37=PLANE('',#2007);
#38=PLANE('',#2016);
#39=PLANE('',#2017);
#40=PLANE('',#2021);
#41=PLANE('',#2025);
#42=PLANE('',#2029);
#43=PLANE('',#2033);
#44=PLANE('',#2038);
#45=PLANE('',#2041);
#46=PLANE('',#2046);
#47=PLANE('',#2049);
#48=PLANE('',#2053);
#49=PLANE('',#2054);
#50=PLANE('',#2067);
#51=PLANE('',#2068);
#52=PLANE('',#2074);
#53=PLANE('',#2077);
#54=PLANE('',#2083);
#55=PLANE('',#2087);
#56=PLANE('',#2091);
#57=PLANE('',#2102);
#58=PLANE('',#2103);
#59=PLANE('',#2110);
#60=PLANE('',#2111);
#61=PLANE('',#2115);
#62=PLANE('',#2119);
#63=PLANE('',#2123);
#64=PLANE('',#2124);
#65=PLANE('',#2125);
#66=PLANE('',#2126);
#67=PLANE('',#2127);
#68=PLANE('',#2128);
#69=PLANE('',#2129);
#70=PLANE('',#2130);
#71=PLANE('',#2131);
#72=PLANE('',#2132);
#73=PLANE('',#2133);
#74=PLANE('',#2134);
#75=PLANE('',#2135);
#76=PLANE('',#2136);
#77=PLANE('',#2137);
#78=PLANE('',#2138);
#79=PLANE('',#2139);
#80=PLANE('',#2140);
#81=PLANE('',#2141);
#82=PLANE('',#2142);
#83=PLANE('',#2143);
#84=PLANE('',#2144);
#85=PLANE('',#2145);
#86=PLANE('',#2146);
#87=PLANE('',#2147);
#88=PLANE('',#2148);
#89=PLANE('',#2149);
#90=PLANE('',#2150);
#91=PLANE('',#2151);
#92=PLANE('',#2155);
#93=PLANE('',#2159);
#94=PLANE('',#2160);
#95=PLANE('',#2161);
#96=PLANE('',#2162);
#97=PLANE('',#2163);
#98=PLANE('',#2164);
#99=FACE_OUTER_BOUND('',#201,.T.);
#100=FACE_OUTER_BOUND('',#202,.T.);
#101=FACE_OUTER_BOUND('',#203,.T.);
#102=FACE_OUTER_BOUND('',#204,.T.);
#103=FACE_OUTER_BOUND('',#205,.T.);
#104=FACE_OUTER_BOUND('',#206,.T.);
#105=FACE_OUTER_BOUND('',#207,.T.);
#106=FACE_OUTER_BOUND('',#208,.T.);
#107=FACE_OUTER_BOUND('',#209,.T.);
#108=FACE_OUTER_BOUND('',#210,.T.);
#109=FACE_OUTER_BOUND('',#211,.T.);
#110=FACE_OUTER_BOUND('',#212,.T.);
#111=FACE_OUTER_BOUND('',#213,.T.);
#112=FACE_OUTER_BOUND('',#214,.T.);
#113=FACE_OUTER_BOUND('',#215,.T.);
#114=FACE_OUTER_BOUND('',#216,.T.);
#115=FACE_OUTER_BOUND('',#217,.T.);
#116=FACE_OUTER_BOUND('',#218,.T.);
#117=FACE_OUTER_BOUND('',#219,.T.);
#118=FACE_OUTER_BOUND('',#220,.T.);
#119=FACE_OUTER_BOUND('',#221,.T.);
#120=FACE_OUTER_BOUND('',#222,.T.);
#121=FACE_OUTER_BOUND('',#223,.T.);
#122=FACE_OUTER_BOUND('',#224,.T.);
#123=FACE_OUTER_BOUND('',#225,.T.);
#124=FACE_OUTER_BOUND('',#226,.T.);
#125=FACE_OUTER_BOUND('',#227,.T.);
#126=FACE_OUTER_BOUND('',#228,.T.);
#127=FACE_OUTER_BOUND('',#229,.T.);
#128=FACE_OUTER_BOUND('',#230,.T.);
#129=FACE_OUTER_BOUND('',#231,.T.);
#130=FACE_OUTER_BOUND('',#232,.T.);
#131=FACE_OUTER_BOUND('',#233,.T.);
#132=FACE_OUTER_BOUND('',#234,.T.);
#133=FACE_OUTER_BOUND('',#235,.T.);
#134=FACE_OUTER_BOUND('',#236,.T.);
#135=FACE_OUTER_BOUND('',#237,.T.);
#136=FACE_OUTER_BOUND('',#238,.T.);
#137=FACE_OUTER_BOUND('',#239,.T.);
#138=FACE_OUTER_BOUND('',#240,.T.);
#139=FACE_OUTER_BOUND('',#241,.T.);
#140=FACE_OUTER_BOUND('',#242,.T.);
#141=FACE_OUTER_BOUND('',#243,.T.);
#142=FACE_OUTER_BOUND('',#244,.T.);
#143=FACE_OUTER_BOUND('',#245,.T.);
#144=FACE_OUTER_BOUND('',#246,.T.);
#145=FACE_OUTER_BOUND('',#247,.T.);
#146=FACE_OUTER_BOUND('',#248,.T.);
#147=FACE_OUTER_BOUND('',#249,.T.);
#148=FACE_OUTER_BOUND('',#250,.T.);
#149=FACE_OUTER_BOUND('',#251,.T.);
#150=FACE_OUTER_BOUND('',#252,.T.);
#151=FACE_OUTER_BOUND('',#253,.T.);
#152=FACE_OUTER_BOUND('',#254,.T.);
#153=FACE_OUTER_BOUND('',#255,.T.);
#154=FACE_OUTER_BOUND('',#256,.T.);
#155=FACE_OUTER_BOUND('',#257,.T.);
#156=FACE_OUTER_BOUND('',#258,.T.);
#157=FACE_OUTER_BOUND('',#259,.T.);
#158=FACE_OUTER_BOUND('',#260,.T.);
#159=FACE_OUTER_BOUND('',#261,.T.);
#160=FACE_OUTER_BOUND('',#262,.T.);
#161=FACE_OUTER_BOUND('',#263,.T.);
#162=FACE_OUTER_BOUND('',#264,.T.);
#163=FACE_OUTER_BOUND('',#265,.T.);
#164=FACE_OUTER_BOUND('',#269,.T.);
#165=FACE_OUTER_BOUND('',#273,.T.);
#166=FACE_OUTER_BOUND('',#274,.T.);
#167=FACE_OUTER_BOUND('',#275,.T.);
#168=FACE_OUTER_BOUND('',#276,.T.);
#169=FACE_OUTER_BOUND('',#277,.T.);
#170=FACE_OUTER_BOUND('',#278,.T.);
#171=FACE_OUTER_BOUND('',#279,.T.);
#172=FACE_OUTER_BOUND('',#280,.T.);
#173=FACE_OUTER_BOUND('',#281,.T.);
#174=FACE_OUTER_BOUND('',#282,.T.);
#175=FACE_OUTER_BOUND('',#283,.T.);
#176=FACE_OUTER_BOUND('',#284,.T.);
#177=FACE_OUTER_BOUND('',#285,.T.);
#178=FACE_OUTER_BOUND('',#286,.T.);
#179=FACE_OUTER_BOUND('',#287,.T.);
#180=FACE_OUTER_BOUND('',#288,.T.);
#181=FACE_OUTER_BOUND('',#289,.T.);
#182=FACE_OUTER_BOUND('',#290,.T.);
#183=FACE_OUTER_BOUND('',#291,.T.);
#184=FACE_OUTER_BOUND('',#292,.T.);
#185=FACE_OUTER_BOUND('',#293,.T.);
#186=FACE_OUTER_BOUND('',#294,.T.);
#187=FACE_OUTER_BOUND('',#295,.T.);
#188=FACE_OUTER_BOUND('',#296,.T.);
#189=FACE_OUTER_BOUND('',#297,.T.);
#190=FACE_OUTER_BOUND('',#298,.T.);
#191=FACE_OUTER_BOUND('',#299,.T.);
#192=FACE_OUTER_BOUND('',#300,.T.);
#193=FACE_OUTER_BOUND('',#301,.T.);
#194=FACE_OUTER_BOUND('',#302,.T.);
#195=FACE_OUTER_BOUND('',#303,.T.);
#196=FACE_OUTER_BOUND('',#304,.T.);
#197=FACE_OUTER_BOUND('',#306,.T.);
#198=FACE_OUTER_BOUND('',#307,.T.);
#199=FACE_OUTER_BOUND('',#311,.T.);
#200=FACE_OUTER_BOUND('',#312,.T.);
#201=EDGE_LOOP('',(#1273,#1274,#1275,#1276));
#202=EDGE_LOOP('',(#1277));
#203=EDGE_LOOP('',(#1278,#1279,#1280,#1281));
#204=EDGE_LOOP('',(#1282));
#205=EDGE_LOOP('',(#1283,#1284,#1285,#1286,#1287));
#206=EDGE_LOOP('',(#1288));
#207=EDGE_LOOP('',(#1289,#1290,#1291));
#208=EDGE_LOOP('',(#1292,#1293,#1294,#1295,#1296,#1297,#1298,#1299,#1300,
#1301,#1302,#1303,#1304,#1305));
#209=EDGE_LOOP('',(#1306,#1307,#1308,#1309,#1310));
#210=EDGE_LOOP('',(#1311));
#211=EDGE_LOOP('',(#1312,#1313,#1314));
#212=EDGE_LOOP('',(#1315,#1316,#1317,#1318));
#213=EDGE_LOOP('',(#1319,#1320,#1321,#1322,#1323,#1324,#1325,#1326));
#214=EDGE_LOOP('',(#1327,#1328,#1329,#1330,#1331,#1332));
#215=EDGE_LOOP('',(#1333,#1334,#1335,#1336));
#216=EDGE_LOOP('',(#1337,#1338,#1339,#1340,#1341,#1342,#1343,#1344));
#217=EDGE_LOOP('',(#1345,#1346,#1347,#1348,#1349,#1350,#1351,#1352,#1353,
#1354,#1355,#1356));
#218=EDGE_LOOP('',(#1357,#1358,#1359,#1360));
#219=EDGE_LOOP('',(#1361,#1362,#1363,#1364));
#220=EDGE_LOOP('',(#1365,#1366,#1367,#1368,#1369,#1370,#1371,#1372,#1373,
#1374,#1375,#1376));
#221=EDGE_LOOP('',(#1377,#1378,#1379,#1380));
#222=EDGE_LOOP('',(#1381,#1382,#1383,#1384));
#223=EDGE_LOOP('',(#1385,#1386,#1387,#1388));
#224=EDGE_LOOP('',(#1389,#1390,#1391,#1392));
#225=EDGE_LOOP('',(#1393,#1394,#1395,#1396,#1397,#1398));
#226=EDGE_LOOP('',(#1399,#1400,#1401,#1402));
#227=EDGE_LOOP('',(#1403,#1404,#1405,#1406));
#228=EDGE_LOOP('',(#1407,#1408,#1409,#1410));
#229=EDGE_LOOP('',(#1411,#1412,#1413,#1414));
#230=EDGE_LOOP('',(#1415,#1416,#1417,#1418,#1419,#1420,#1421,#1422));
#231=EDGE_LOOP('',(#1423,#1424,#1425,#1426));
#232=EDGE_LOOP('',(#1427,#1428,#1429,#1430));
#233=EDGE_LOOP('',(#1431,#1432,#1433,#1434));
#234=EDGE_LOOP('',(#1435,#1436,#1437,#1438));
#235=EDGE_LOOP('',(#1439,#1440,#1441,#1442,#1443,#1444));
#236=EDGE_LOOP('',(#1445,#1446,#1447,#1448,#1449,#1450,#1451,#1452));
#237=EDGE_LOOP('',(#1453,#1454,#1455,#1456));
#238=EDGE_LOOP('',(#1457,#1458,#1459,#1460));
#239=EDGE_LOOP('',(#1461,#1462,#1463,#1464));
#240=EDGE_LOOP('',(#1465,#1466,#1467,#1468,#1469,#1470));
#241=EDGE_LOOP('',(#1471,#1472,#1473,#1474));
#242=EDGE_LOOP('',(#1475,#1476,#1477,#1478));
#243=EDGE_LOOP('',(#1479,#1480,#1481,#1482,#1483,#1484,#1485,#1486));
#244=EDGE_LOOP('',(#1487,#1488,#1489,#1490,#1491,#1492,#1493,#1494));
#245=EDGE_LOOP('',(#1495,#1496,#1497,#1498));
#246=EDGE_LOOP('',(#1499,#1500,#1501,#1502,#1503,#1504,#1505,#1506));
#247=EDGE_LOOP('',(#1507,#1508,#1509,#1510));
#248=EDGE_LOOP('',(#1511,#1512,#1513,#1514));
#249=EDGE_LOOP('',(#1515,#1516,#1517,#1518));
#250=EDGE_LOOP('',(#1519,#1520,#1521,#1522));
#251=EDGE_LOOP('',(#1523,#1524,#1525,#1526));
#252=EDGE_LOOP('',(#1527,#1528,#1529,#1530));
#253=EDGE_LOOP('',(#1531,#1532,#1533,#1534));
#254=EDGE_LOOP('',(#1535,#1536,#1537,#1538));
#255=EDGE_LOOP('',(#1539,#1540,#1541,#1542));
#256=EDGE_LOOP('',(#1543,#1544,#1545,#1546));
#257=EDGE_LOOP('',(#1547,#1548,#1549,#1550));
#258=EDGE_LOOP('',(#1551,#1552,#1553,#1554));
#259=EDGE_LOOP('',(#1555,#1556,#1557,#1558));
#260=EDGE_LOOP('',(#1559,#1560,#1561,#1562));
#261=EDGE_LOOP('',(#1563,#1564,#1565,#1566));
#262=EDGE_LOOP('',(#1567,#1568,#1569,#1570));
#263=EDGE_LOOP('',(#1571,#1572,#1573,#1574));
#264=EDGE_LOOP('',(#1575,#1576,#1577,#1578));
#265=EDGE_LOOP('',(#1579,#1580,#1581,#1582,#1583,#1584));
#266=EDGE_LOOP('',(#1585,#1586,#1587,#1588,#1589,#1590,#1591,#1592,#1593,
#1594));
#267=EDGE_LOOP('',(#1595,#1596,#1597,#1598,#1599,#1600,#1601,#1602,#1603,
#1604));
#268=EDGE_LOOP('',(#1605,#1606,#1607,#1608));
#269=EDGE_LOOP('',(#1609,#1610,#1611,#1612,#1613,#1614));
#270=EDGE_LOOP('',(#1615));
#271=EDGE_LOOP('',(#1616));
#272=EDGE_LOOP('',(#1617,#1618,#1619,#1620));
#273=EDGE_LOOP('',(#1621,#1622,#1623,#1624));
#274=EDGE_LOOP('',(#1625,#1626,#1627,#1628));
#275=EDGE_LOOP('',(#1629,#1630,#1631,#1632,#1633,#1634,#1635,#1636,#1637,
#1638));
#276=EDGE_LOOP('',(#1639,#1640,#1641,#1642));
#277=EDGE_LOOP('',(#1643,#1644,#1645,#1646));
#278=EDGE_LOOP('',(#1647,#1648,#1649,#1650));
#279=EDGE_LOOP('',(#1651,#1652,#1653,#1654));
#280=EDGE_LOOP('',(#1655,#1656,#1657,#1658));
#281=EDGE_LOOP('',(#1659,#1660,#1661,#1662));
#282=EDGE_LOOP('',(#1663,#1664,#1665,#1666));
#283=EDGE_LOOP('',(#1667,#1668,#1669,#1670));
#284=EDGE_LOOP('',(#1671,#1672,#1673,#1674,#1675,#1676,#1677,#1678,#1679,
#1680));
#285=EDGE_LOOP('',(#1681,#1682,#1683,#1684,#1685,#1686,#1687,#1688));
#286=EDGE_LOOP('',(#1689,#1690,#1691,#1692,#1693,#1694,#1695,#1696,#1697,
#1698));
#287=EDGE_LOOP('',(#1699,#1700,#1701,#1702));
#288=EDGE_LOOP('',(#1703,#1704,#1705,#1706));
#289=EDGE_LOOP('',(#1707,#1708,#1709,#1710));
#290=EDGE_LOOP('',(#1711,#1712,#1713,#1714));
#291=EDGE_LOOP('',(#1715,#1716,#1717,#1718,#1719,#1720,#1721,#1722));
#292=EDGE_LOOP('',(#1723,#1724,#1725,#1726));
#293=EDGE_LOOP('',(#1727,#1728,#1729,#1730));
#294=EDGE_LOOP('',(#1731,#1732,#1733,#1734));
#295=EDGE_LOOP('',(#1735,#1736,#1737,#1738));
#296=EDGE_LOOP('',(#1739,#1740,#1741,#1742));
#297=EDGE_LOOP('',(#1743,#1744,#1745,#1746));
#298=EDGE_LOOP('',(#1747,#1748,#1749,#1750,#1751,#1752,#1753,#1754,#1755,
#1756));
#299=EDGE_LOOP('',(#1757,#1758,#1759,#1760));
#300=EDGE_LOOP('',(#1761,#1762,#1763,#1764));
#301=EDGE_LOOP('',(#1765,#1766,#1767,#1768));
#302=EDGE_LOOP('',(#1769,#1770,#1771,#1772));
#303=EDGE_LOOP('',(#1773,#1774,#1775,#1776,#1777,#1778,#1779));
#304=EDGE_LOOP('',(#1780,#1781,#1782,#1783));
#305=EDGE_LOOP('',(#1784,#1785,#1786,#1787));
#306=EDGE_LOOP('',(#1788,#1789,#1790,#1791,#1792,#1793,#1794));
#307=EDGE_LOOP('',(#1795,#1796,#1797,#1798,#1799,#1800));
#308=EDGE_LOOP('',(#1801,#1802,#1803,#1804,#1805,#1806,#1807,#1808,#1809,
#1810));
#309=EDGE_LOOP('',(#1811,#1812,#1813,#1814,#1815,#1816,#1817,#1818,#1819,
#1820));
#310=EDGE_LOOP('',(#1821,#1822,#1823,#1824));
#311=EDGE_LOOP('',(#1825,#1826,#1827,#1828,#1829,#1830,#1831,#1832));
#312=EDGE_LOOP('',(#1833,#1834,#1835,#1836,#1837,#1838,#1839,#1840));
#313=LINE('',#2730,#527);
#314=LINE('',#2737,#528);
#315=LINE('',#2744,#529);
#316=LINE('',#2751,#530);
#317=LINE('',#2752,#531);
#318=LINE('',#2755,#532);
#319=LINE('',#2759,#533);
#320=LINE('',#2763,#534);
#321=LINE('',#2767,#535);
#322=LINE('',#2769,#536);
#323=LINE('',#2771,#537);
#324=LINE('',#2775,#538);
#325=LINE('',#2778,#539);
#326=LINE('',#2782,#540);
#327=LINE('',#2787,#541);
#328=LINE('',#2788,#542);
#329=LINE('',#2794,#543);
#330=LINE('',#2797,#544);
#331=LINE('',#2800,#545);
#332=LINE('',#2804,#546);
#333=LINE('',#2808,#547);
#334=LINE('',#2811,#548);
#335=LINE('',#2814,#549);
#336=LINE('',#2816,#550);
#337=LINE('',#2818,#551);
#338=LINE('',#2819,#552);
#339=LINE('',#2825,#553);
#340=LINE('',#2828,#554);
#341=LINE('',#2831,#555);
#342=LINE('',#2835,#556);
#343=LINE('',#2839,#557);
#344=LINE('',#2842,#558);
#345=LINE('',#2845,#559);
#346=LINE('',#2847,#560);
#347=LINE('',#2849,#561);
#348=LINE('',#2851,#562);
#349=LINE('',#2853,#563);
#350=LINE('',#2855,#564);
#351=LINE('',#2857,#565);
#352=LINE('',#2859,#566);
#353=LINE('',#2861,#567);
#354=LINE('',#2862,#568);
#355=LINE('',#2866,#569);
#356=LINE('',#2869,#570);
#357=LINE('',#2872,#571);
#358=LINE('',#2875,#572);
#359=LINE('',#2877,#573);
#360=LINE('',#2879,#574);
#361=LINE('',#2881,#575);
#362=LINE('',#2883,#576);
#363=LINE('',#2885,#577);
#364=LINE('',#2887,#578);
#365=LINE('',#2889,#579);
#366=LINE('',#2891,#580);
#367=LINE('',#2892,#581);
#368=LINE('',#2896,#582);
#369=LINE('',#2898,#583);
#370=LINE('',#2902,#584);
#371=LINE('',#2905,#585);
#372=LINE('',#2908,#586);
#373=LINE('',#2911,#587);
#374=LINE('',#2913,#588);
#375=LINE('',#2915,#589);
#376=LINE('',#2916,#590);
#377=LINE('',#2919,#591);
#378=LINE('',#2922,#592);
#379=LINE('',#2927,#593);
#380=LINE('',#2931,#594);
#381=LINE('',#2933,#595);
#382=LINE('',#2934,#596);
#383=LINE('',#2939,#597);
#384=LINE('',#2947,#598);
#385=LINE('',#2950,#599);
#386=LINE('',#2957,#600);
#387=LINE('',#2960,#601);
#388=LINE('',#2963,#602);
#389=LINE('',#2965,#603);
#390=LINE('',#2967,#604);
#391=LINE('',#2969,#605);
#392=LINE('',#2970,#606);
#393=LINE('',#2973,#607);
#394=LINE('',#2977,#608);
#395=LINE('',#2981,#609);
#396=LINE('',#2985,#610);
#397=LINE('',#2989,#611);
#398=LINE('',#2990,#612);
#399=LINE('',#2993,#613);
#400=LINE('',#2996,#614);
#401=LINE('',#2999,#615);
#402=LINE('',#3001,#616);
#403=LINE('',#3003,#617);
#404=LINE('',#3004,#618);
#405=LINE('',#3012,#619);
#406=LINE('',#3015,#620);
#407=LINE('',#3018,#621);
#408=LINE('',#3022,#622);
#409=LINE('',#3026,#623);
#410=LINE('',#3029,#624);
#411=LINE('',#3032,#625);
#412=LINE('',#3034,#626);
#413=LINE('',#3036,#627);
#414=LINE('',#3038,#628);
#415=LINE('',#3040,#629);
#416=LINE('',#3041,#630);
#417=LINE('',#3047,#631);
#418=LINE('',#3050,#632);
#419=LINE('',#3054,#633);
#420=LINE('',#3058,#634);
#421=LINE('',#3062,#635);
#422=LINE('',#3067,#636);
#423=LINE('',#3070,#637);
#424=LINE('',#3072,#638);
#425=LINE('',#3075,#639);
#426=LINE('',#3076,#640);
#427=LINE('',#3079,#641);
#428=LINE('',#3080,#642);
#429=LINE('',#3082,#643);
#430=LINE('',#3085,#644);
#431=LINE('',#3088,#645);
#432=LINE('',#3091,#646);
#433=LINE('',#3093,#647);
#434=LINE('',#3096,#648);
#435=LINE('',#3097,#649);
#436=LINE('',#3100,#650);
#437=LINE('',#3101,#651);
#438=LINE('',#3103,#652);
#439=LINE('',#3106,#653);
#440=LINE('',#3109,#654);
#441=LINE('',#3113,#655);
#442=LINE('',#3115,#656);
#443=LINE('',#3117,#657);
#444=LINE('',#3118,#658);
#445=LINE('',#3123,#659);
#446=LINE('',#3127,#660);
#447=LINE('',#3129,#661);
#448=LINE('',#3130,#662);
#449=LINE('',#3136,#663);
#450=LINE('',#3138,#664);
#451=LINE('',#3139,#665);
#452=LINE('',#3140,#666);
#453=LINE('',#3142,#667);
#454=LINE('',#3144,#668);
#455=LINE('',#3146,#669);
#456=LINE('',#3148,#670);
#457=LINE('',#3149,#671);
#458=LINE('',#3150,#672);
#459=LINE('',#3152,#673);
#460=LINE('',#3154,#674);
#461=LINE('',#3156,#675);
#462=LINE('',#3158,#676);
#463=LINE('',#3159,#677);
#464=LINE('',#3162,#678);
#465=LINE('',#3164,#679);
#466=LINE('',#3165,#680);
#467=LINE('',#3170,#681);
#468=LINE('',#3172,#682);
#469=LINE('',#3174,#683);
#470=LINE('',#3176,#684);
#471=LINE('',#3177,#685);
#472=LINE('',#3180,#686);
#473=LINE('',#3181,#687);
#474=LINE('',#3184,#688);
#475=LINE('',#3185,#689);
#476=LINE('',#3187,#690);
#477=LINE('',#3188,#691);
#478=LINE('',#3191,#692);
#479=LINE('',#3192,#693);
#480=LINE('',#3195,#694);
#481=LINE('',#3196,#695);
#482=LINE('',#3199,#696);
#483=LINE('',#3200,#697);
#484=LINE('',#3203,#698);
#485=LINE('',#3204,#699);
#486=LINE('',#3206,#700);
#487=LINE('',#3210,#701);
#488=LINE('',#3212,#702);
#489=LINE('',#3214,#703);
#490=LINE('',#3215,#704);
#491=LINE('',#3218,#705);
#492=LINE('',#3219,#706);
#493=LINE('',#3220,#707);
#494=LINE('',#3223,#708);
#495=LINE('',#3224,#709);
#496=LINE('',#3226,#710);
#497=LINE('',#3228,#711);
#498=LINE('',#3231,#712);
#499=LINE('',#3232,#713);
#500=LINE('',#3234,#714);
#501=LINE('',#3238,#715);
#502=LINE('',#3240,#716);
#503=LINE('',#3241,#717);
#504=LINE('',#3244,#718);
#505=LINE('',#3246,#719);
#506=LINE('',#3247,#720);
#507=LINE('',#3250,#721);
#508=LINE('',#3252,#722);
#509=LINE('',#3253,#723);
#510=LINE('',#3256,#724);
#511=LINE('',#3258,#725);
#512=LINE('',#3259,#726);
#513=LINE('',#3261,#727);
#514=LINE('',#3262,#728);
#515=LINE('',#3267,#729);
#516=LINE('',#3269,#730);
#517=LINE('',#3271,#731);
#518=LINE('',#3272,#732);
#519=LINE('',#3278,#733);
#520=LINE('',#3281,#734);
#521=LINE('',#3283,#735);
#522=LINE('',#3284,#736);
#523=LINE('',#3289,#737);
#524=LINE('',#3291,#738);
#525=LINE('',#3294,#739);
#526=LINE('',#3295,#740);
#527=VECTOR('',#2171,2.2);
#528=VECTOR('',#2180,2.2);
#529=VECTOR('',#2189,2.);
#530=VECTOR('',#2198,10.);
#531=VECTOR('',#2199,10.);
#532=VECTOR('',#2202,10.);
#533=VECTOR('',#2205,10.);
#534=VECTOR('',#2208,10.);
#535=VECTOR('',#2211,10.);
#536=VECTOR('',#2212,10.);
#537=VECTOR('',#2213,10.);
#538=VECTOR('',#2216,10.);
#539=VECTOR('',#2219,10.);
#540=VECTOR('',#2224,2.);
#541=VECTOR('',#2231,10.);
#542=VECTOR('',#2232,10.);
#543=VECTOR('',#2237,10.);
#544=VECTOR('',#2240,10.);
#545=VECTOR('',#2243,10.);
#546=VECTOR('',#2246,10.);
#547=VECTOR('',#2249,10.);
#548=VECTOR('',#2252,10.);
#549=VECTOR('',#2255,10.);
#550=VECTOR('',#2256,10.);
#551=VECTOR('',#2257,10.);
#552=VECTOR('',#2258,10.);
#553=VECTOR('',#2263,10.);
#554=VECTOR('',#2266,10.);
#555=VECTOR('',#2269,10.);
#556=VECTOR('',#2272,10.);
#557=VECTOR('',#2275,10.);
#558=VECTOR('',#2278,10.);
#559=VECTOR('',#2281,10.);
#560=VECTOR('',#2282,10.);
#561=VECTOR('',#2283,10.);
#562=VECTOR('',#2284,10.);
#563=VECTOR('',#2285,10.);
#564=VECTOR('',#2286,10.);
#565=VECTOR('',#2287,10.);
#566=VECTOR('',#2288,10.);
#567=VECTOR('',#2289,10.);
#568=VECTOR('',#2290,10.);
#569=VECTOR('',#2295,10.);
#570=VECTOR('',#2298,10.);
#571=VECTOR('',#2301,10.);
#572=VECTOR('',#2304,10.);
#573=VECTOR('',#2305,10.);
#574=VECTOR('',#2306,10.);
#575=VECTOR('',#2307,10.);
#576=VECTOR('',#2308,10.);
#577=VECTOR('',#2309,10.);
#578=VECTOR('',#2310,10.);
#579=VECTOR('',#2311,10.);
#580=VECTOR('',#2312,10.);
#581=VECTOR('',#2313,10.);
#582=VECTOR('',#2318,10.);
#583=VECTOR('',#2321,10.);
#584=VECTOR('',#2326,10.);
#585=VECTOR('',#2329,10.);
#586=VECTOR('',#2332,10.);
#587=VECTOR('',#2335,10.);
#588=VECTOR('',#2336,10.);
#589=VECTOR('',#2337,10.);
#590=VECTOR('',#2338,10.);
#591=VECTOR('',#2341,10.);
#592=VECTOR('',#2346,10.);
#593=VECTOR('',#2351,10.);
#594=VECTOR('',#2356,10.);
#595=VECTOR('',#2357,10.);
#596=VECTOR('',#2358,10.);
#597=VECTOR('',#2363,10.);
#598=VECTOR('',#2376,10.);
#599=VECTOR('',#2379,10.);
#600=VECTOR('',#2386,10.);
#601=VECTOR('',#2389,10.);
#602=VECTOR('',#2392,10.);
#603=VECTOR('',#2393,10.);
#604=VECTOR('',#2394,10.);
#605=VECTOR('',#2395,10.);
#606=VECTOR('',#2396,10.);
#607=VECTOR('',#2399,10.);
#608=VECTOR('',#2402,10.);
#609=VECTOR('',#2405,10.);
#610=VECTOR('',#2410,10.);
#611=VECTOR('',#2415,10.);
#612=VECTOR('',#2416,10.);
#613=VECTOR('',#2419,10.);
#614=VECTOR('',#2422,10.);
#615=VECTOR('',#2425,10.);
#616=VECTOR('',#2426,10.);
#617=VECTOR('',#2427,10.);
#618=VECTOR('',#2428,10.);
#619=VECTOR('',#2437,10.);
#620=VECTOR('',#2440,10.);
#621=VECTOR('',#2443,10.);
#622=VECTOR('',#2446,10.);
#623=VECTOR('',#2449,10.);
#624=VECTOR('',#2452,10.);
#625=VECTOR('',#2455,10.);
#626=VECTOR('',#2456,10.);
#627=VECTOR('',#2457,10.);
#628=VECTOR('',#2458,10.);
#629=VECTOR('',#2459,10.);
#630=VECTOR('',#2460,10.);
#631=VECTOR('',#2467,10.);
#632=VECTOR('',#2470,10.);
#633=VECTOR('',#2473,10.);
#634=VECTOR('',#2476,10.);
#635=VECTOR('',#2481,10.);
#636=VECTOR('',#2488,10.);
#637=VECTOR('',#2491,10.);
#638=VECTOR('',#2492,10.);
#639=VECTOR('',#2497,10.);
#640=VECTOR('',#2498,10.);
#641=VECTOR('',#2501,10.);
#642=VECTOR('',#2502,10.);
#643=VECTOR('',#2505,10.);
#644=VECTOR('',#2508,10.);
#645=VECTOR('',#2513,10.);
#646=VECTOR('',#2516,10.);
#647=VECTOR('',#2517,10.);
#648=VECTOR('',#2522,10.);
#649=VECTOR('',#2523,10.);
#650=VECTOR('',#2526,10.);
#651=VECTOR('',#2527,10.);
#652=VECTOR('',#2530,10.);
#653=VECTOR('',#2533,10.);
#654=VECTOR('',#2538,10.);
#655=VECTOR('',#2541,10.);
#656=VECTOR('',#2542,10.);
#657=VECTOR('',#2543,10.);
#658=VECTOR('',#2544,10.);
#659=VECTOR('',#2549,10.);
#660=VECTOR('',#2554,10.);
#661=VECTOR('',#2555,10.);
#662=VECTOR('',#2556,10.);
#663=VECTOR('',#2565,10.);
#664=VECTOR('',#2566,10.);
#665=VECTOR('',#2567,10.);
#666=VECTOR('',#2568,10.);
#667=VECTOR('',#2569,10.);
#668=VECTOR('',#2570,10.);
#669=VECTOR('',#2571,10.);
#670=VECTOR('',#2572,10.);
#671=VECTOR('',#2573,10.);
#672=VECTOR('',#2574,10.);
#673=VECTOR('',#2575,10.);
#674=VECTOR('',#2576,10.);
#675=VECTOR('',#2577,10.);
#676=VECTOR('',#2578,10.);
#677=VECTOR('',#2579,10.);
#678=VECTOR('',#2582,10.);
#679=VECTOR('',#2583,10.);
#680=VECTOR('',#2584,10.);
#681=VECTOR('',#2591,10.);
#682=VECTOR('',#2592,10.);
#683=VECTOR('',#2593,10.);
#684=VECTOR('',#2594,10.);
#685=VECTOR('',#2595,10.);
#686=VECTOR('',#2598,10.);
#687=VECTOR('',#2599,10.);
#688=VECTOR('',#2602,10.);
#689=VECTOR('',#2603,10.);
#690=VECTOR('',#2606,10.);
#691=VECTOR('',#2607,10.);
#692=VECTOR('',#2610,10.);
#693=VECTOR('',#2611,10.);
#694=VECTOR('',#2614,10.);
#695=VECTOR('',#2615,10.);
#696=VECTOR('',#2618,10.);
#697=VECTOR('',#2619,10.);
#698=VECTOR('',#2622,10.);
#699=VECTOR('',#2623,10.);
#700=VECTOR('',#2626,10.);
#701=VECTOR('',#2631,10.);
#702=VECTOR('',#2632,10.);
#703=VECTOR('',#2633,10.);
#704=VECTOR('',#2634,10.);
#705=VECTOR('',#2637,10.);
#706=VECTOR('',#2638,10.);
#707=VECTOR('',#2639,10.);
#708=VECTOR('',#2642,10.);
#709=VECTOR('',#2643,10.);
#710=VECTOR('',#2646,10.);
#711=VECTOR('',#2649,10.);
#712=VECTOR('',#2652,10.);
#713=VECTOR('',#2653,10.);
#714=VECTOR('',#2656,10.);
#715=VECTOR('',#2661,10.);
#716=VECTOR('',#2662,10.);
#717=VECTOR('',#2663,10.);
#718=VECTOR('',#2666,10.);
#719=VECTOR('',#2667,10.);
#720=VECTOR('',#2668,10.);
#721=VECTOR('',#2671,10.);
#722=VECTOR('',#2672,10.);
#723=VECTOR('',#2673,10.);
#724=VECTOR('',#2676,10.);
#725=VECTOR('',#2677,10.);
#726=VECTOR('',#2678,10.);
#727=VECTOR('',#2681,10.);
#728=VECTOR('',#2682,10.);
#729=VECTOR('',#2687,10.);
#730=VECTOR('',#2688,10.);
#731=VECTOR('',#2689,10.);
#732=VECTOR('',#2690,10.);
#733=VECTOR('',#2697,10.);
#734=VECTOR('',#2700,10.);
#735=VECTOR('',#2701,10.);
#736=VECTOR('',#2702,10.);
#737=VECTOR('',#2711,10.);
#738=VECTOR('',#2714,10.);
#739=VECTOR('',#2719,10.);
#740=VECTOR('',#2720,10.);
#741=CIRCLE('',#1994,2.2);
#742=CIRCLE('',#1995,2.2);
#743=CIRCLE('',#1998,2.2);
#744=CIRCLE('',#1999,2.2);
#745=CIRCLE('',#2002,2.);
#746=CIRCLE('',#2003,2.);
#747=CIRCLE('',#2004,2.);
#748=CIRCLE('',#2008,2.);
#749=CIRCLE('',#2009,1.);
#750=CIRCLE('',#2010,1.);
#751=CIRCLE('',#2011,1.);
#752=CIRCLE('',#2012,1.);
#753=CIRCLE('',#2014,2.);
#754=CIRCLE('',#2015,2.);
#755=CIRCLE('',#2019,0.75);
#756=CIRCLE('',#2020,0.75);
#757=CIRCLE('',#2022,0.75);
#758=CIRCLE('',#2023,0.75);
#759=CIRCLE('',#2024,0.75);
#760=CIRCLE('',#2027,0.75);
#761=CIRCLE('',#2028,0.75);
#762=CIRCLE('',#2030,0.75);
#763=CIRCLE('',#2031,0.75);
#764=CIRCLE('',#2032,0.75);
#765=CIRCLE('',#2035,0.75);
#766=CIRCLE('',#2037,0.75);
#767=CIRCLE('',#2040,0.75);
#768=CIRCLE('',#2043,0.75);
#769=CIRCLE('',#2045,0.75);
#770=CIRCLE('',#2048,0.75);
#771=CIRCLE('',#2051,0.75);
#772=CIRCLE('',#2052,0.75);
#773=CIRCLE('',#2055,0.75);
#774=CIRCLE('',#2056,0.75);
#775=CIRCLE('',#2057,0.75);
#776=CIRCLE('',#2059,0.75);
#777=CIRCLE('',#2061,0.75);
#778=CIRCLE('',#2063,0.75);
#779=CIRCLE('',#2065,0.75);
#780=CIRCLE('',#2066,0.75);
#781=CIRCLE('',#2069,0.75);
#782=CIRCLE('',#2070,0.75);
#783=CIRCLE('',#2071,0.75);
#784=CIRCLE('',#2073,0.75);
#785=CIRCLE('',#2076,0.75);
#786=CIRCLE('',#2079,0.75);
#787=CIRCLE('',#2081,1.);
#788=CIRCLE('',#2082,1.);
#789=CIRCLE('',#2084,1.);
#790=CIRCLE('',#2089,1.);
#791=CIRCLE('',#2090,1.);
#792=CIRCLE('',#2094,1.);
#793=CIRCLE('',#2096,1.);
#794=CIRCLE('',#2098,1.);
#795=CIRCLE('',#2117,3.35000000000471);
#796=CIRCLE('',#2118,3.35000000000471);
#797=CIRCLE('',#2121,3.3500000000047);
#798=CIRCLE('',#2122,3.3500000000047);
#799=CIRCLE('',#2153,3.35000000000471);
#800=CIRCLE('',#2154,3.35000000000471);
#801=CIRCLE('',#2157,3.3500000000047);
#802=CIRCLE('',#2158,3.3500000000047);
#803=VERTEX_POINT('',#2727);
#804=VERTEX_POINT('',#2729);
#805=VERTEX_POINT('',#2734);
#806=VERTEX_POINT('',#2736);
#807=VERTEX_POINT('',#2741);
#808=VERTEX_POINT('',#2743);
#809=VERTEX_POINT('',#2745);
#810=VERTEX_POINT('',#2750);
#811=VERTEX_POINT('',#2754);
#812=VERTEX_POINT('',#2756);
#813=VERTEX_POINT('',#2758);
#814=VERTEX_POINT('',#2760);
#815=VERTEX_POINT('',#2762);
#816=VERTEX_POINT('',#2764);
#817=VERTEX_POINT('',#2766);
#818=VERTEX_POINT('',#2768);
#819=VERTEX_POINT('',#2770);
#820=VERTEX_POINT('',#2772);
#821=VERTEX_POINT('',#2774);
#822=VERTEX_POINT('',#2776);
#823=VERTEX_POINT('',#2780);
#824=VERTEX_POINT('',#2786);
#825=VERTEX_POINT('',#2790);
#826=VERTEX_POINT('',#2791);
#827=VERTEX_POINT('',#2793);
#828=VERTEX_POINT('',#2795);
#829=VERTEX_POINT('',#2799);
#830=VERTEX_POINT('',#2801);
#831=VERTEX_POINT('',#2803);
#832=VERTEX_POINT('',#2805);
#833=VERTEX_POINT('',#2807);
#834=VERTEX_POINT('',#2809);
#835=VERTEX_POINT('',#2813);
#836=VERTEX_POINT('',#2815);
#837=VERTEX_POINT('',#2817);
#838=VERTEX_POINT('',#2821);
#839=VERTEX_POINT('',#2822);
#840=VERTEX_POINT('',#2824);
#841=VERTEX_POINT('',#2826);
#842=VERTEX_POINT('',#2830);
#843=VERTEX_POINT('',#2832);
#844=VERTEX_POINT('',#2834);
#845=VERTEX_POINT('',#2836);
#846=VERTEX_POINT('',#2838);
#847=VERTEX_POINT('',#2840);
#848=VERTEX_POINT('',#2844);
#849=VERTEX_POINT('',#2846);
#850=VERTEX_POINT('',#2848);
#851=VERTEX_POINT('',#2850);
#852=VERTEX_POINT('',#2852);
#853=VERTEX_POINT('',#2854);
#854=VERTEX_POINT('',#2856);
#855=VERTEX_POINT('',#2858);
#856=VERTEX_POINT('',#2860);
#857=VERTEX_POINT('',#2864);
#858=VERTEX_POINT('',#2868);
#859=VERTEX_POINT('',#2870);
#860=VERTEX_POINT('',#2874);
#861=VERTEX_POINT('',#2876);
#862=VERTEX_POINT('',#2878);
#863=VERTEX_POINT('',#2880);
#864=VERTEX_POINT('',#2882);
#865=VERTEX_POINT('',#2884);
#866=VERTEX_POINT('',#2886);
#867=VERTEX_POINT('',#2888);
#868=VERTEX_POINT('',#2890);
#869=VERTEX_POINT('',#2894);
#870=VERTEX_POINT('',#2900);
#871=VERTEX_POINT('',#2904);
#872=VERTEX_POINT('',#2906);
#873=VERTEX_POINT('',#2910);
#874=VERTEX_POINT('',#2912);
#875=VERTEX_POINT('',#2914);
#876=VERTEX_POINT('',#2918);
#877=VERTEX_POINT('',#2924);
#878=VERTEX_POINT('',#2926);
#879=VERTEX_POINT('',#2930);
#880=VERTEX_POINT('',#2932);
#881=VERTEX_POINT('',#2936);
#882=VERTEX_POINT('',#2938);
#883=VERTEX_POINT('',#2945);
#884=VERTEX_POINT('',#2949);
#885=VERTEX_POINT('',#2953);
#886=VERTEX_POINT('',#2954);
#887=VERTEX_POINT('',#2956);
#888=VERTEX_POINT('',#2958);
#889=VERTEX_POINT('',#2962);
#890=VERTEX_POINT('',#2964);
#891=VERTEX_POINT('',#2966);
#892=VERTEX_POINT('',#2968);
#893=VERTEX_POINT('',#2972);
#894=VERTEX_POINT('',#2974);
#895=VERTEX_POINT('',#2976);
#896=VERTEX_POINT('',#2978);
#897=VERTEX_POINT('',#2980);
#898=VERTEX_POINT('',#2984);
#899=VERTEX_POINT('',#2988);
#900=VERTEX_POINT('',#2992);
#901=VERTEX_POINT('',#2994);
#902=VERTEX_POINT('',#2998);
#903=VERTEX_POINT('',#3000);
#904=VERTEX_POINT('',#3002);
#905=VERTEX_POINT('',#3008);
#906=VERTEX_POINT('',#3009);
#907=VERTEX_POINT('',#3011);
#908=VERTEX_POINT('',#3013);
#909=VERTEX_POINT('',#3017);
#910=VERTEX_POINT('',#3019);
#911=VERTEX_POINT('',#3021);
#912=VERTEX_POINT('',#3023);
#913=VERTEX_POINT('',#3025);
#914=VERTEX_POINT('',#3027);
#915=VERTEX_POINT('',#3031);
#916=VERTEX_POINT('',#3033);
#917=VERTEX_POINT('',#3035);
#918=VERTEX_POINT('',#3037);
#919=VERTEX_POINT('',#3039);
#920=VERTEX_POINT('',#3043);
#921=VERTEX_POINT('',#3045);
#922=VERTEX_POINT('',#3049);
#923=VERTEX_POINT('',#3051);
#924=VERTEX_POINT('',#3053);
#925=VERTEX_POINT('',#3055);
#926=VERTEX_POINT('',#3057);
#927=VERTEX_POINT('',#3061);
#928=VERTEX_POINT('',#3065);
#929=VERTEX_POINT('',#3069);
#930=VERTEX_POINT('',#3071);
#931=VERTEX_POINT('',#3078);
#932=VERTEX_POINT('',#3084);
#933=VERTEX_POINT('',#3090);
#934=VERTEX_POINT('',#3092);
#935=VERTEX_POINT('',#3099);
#936=VERTEX_POINT('',#3105);
#937=VERTEX_POINT('',#3111);
#938=VERTEX_POINT('',#3112);
#939=VERTEX_POINT('',#3114);
#940=VERTEX_POINT('',#3116);
#941=VERTEX_POINT('',#3120);
#942=VERTEX_POINT('',#3122);
#943=VERTEX_POINT('',#3126);
#944=VERTEX_POINT('',#3128);
#945=VERTEX_POINT('',#3135);
#946=VERTEX_POINT('',#3137);
#947=VERTEX_POINT('',#3141);
#948=VERTEX_POINT('',#3143);
#949=VERTEX_POINT('',#3145);
#950=VERTEX_POINT('',#3147);
#951=VERTEX_POINT('',#3151);
#952=VERTEX_POINT('',#3153);
#953=VERTEX_POINT('',#3155);
#954=VERTEX_POINT('',#3157);
#955=VERTEX_POINT('',#3161);
#956=VERTEX_POINT('',#3163);
#957=VERTEX_POINT('',#3169);
#958=VERTEX_POINT('',#3171);
#959=VERTEX_POINT('',#3173);
#960=VERTEX_POINT('',#3175);
#961=VERTEX_POINT('',#3179);
#962=VERTEX_POINT('',#3183);
#963=VERTEX_POINT('',#3190);
#964=VERTEX_POINT('',#3194);
#965=VERTEX_POINT('',#3198);
#966=VERTEX_POINT('',#3202);
#967=VERTEX_POINT('',#3209);
#968=VERTEX_POINT('',#3211);
#969=VERTEX_POINT('',#3213);
#970=VERTEX_POINT('',#3217);
#971=VERTEX_POINT('',#3222);
#972=VERTEX_POINT('',#3230);
#973=VERTEX_POINT('',#3237);
#974=VERTEX_POINT('',#3239);
#975=VERTEX_POINT('',#3243);
#976=VERTEX_POINT('',#3245);
#977=VERTEX_POINT('',#3249);
#978=VERTEX_POINT('',#3251);
#979=VERTEX_POINT('',#3255);
#980=VERTEX_POINT('',#3257);
#981=VERTEX_POINT('',#3265);
#982=VERTEX_POINT('',#3266);
#983=VERTEX_POINT('',#3268);
#984=VERTEX_POINT('',#3270);
#985=VERTEX_POINT('',#3274);
#986=VERTEX_POINT('',#3276);
#987=VERTEX_POINT('',#3280);
#988=VERTEX_POINT('',#3282);
#989=EDGE_CURVE('',#803,#803,#741,.T.);
#990=EDGE_CURVE('',#803,#804,#313,.T.);
#991=EDGE_CURVE('',#804,#804,#742,.T.);
#992=EDGE_CURVE('',#805,#805,#743,.T.);
#993=EDGE_CURVE('',#805,#806,#314,.T.);
#994=EDGE_CURVE('',#806,#806,#744,.T.);
#995=EDGE_CURVE('',#807,#807,#745,.T.);
#996=EDGE_CURVE('',#807,#808,#315,.T.);
#997=EDGE_CURVE('',#809,#808,#746,.T.);
#998=EDGE_CURVE('',#808,#809,#747,.T.);
#999=EDGE_CURVE('',#810,#809,#316,.T.);
#1000=EDGE_CURVE('',#808,#810,#317,.T.);
#1001=EDGE_CURVE('',#811,#808,#318,.T.);
#1002=EDGE_CURVE('',#811,#812,#748,.T.);
#1003=EDGE_CURVE('',#812,#813,#319,.T.);
#1004=EDGE_CURVE('',#814,#813,#749,.T.);
#1005=EDGE_CURVE('',#814,#815,#320,.T.);
#1006=EDGE_CURVE('',#816,#815,#750,.T.);
#1007=EDGE_CURVE('',#816,#817,#321,.T.);
#1008=EDGE_CURVE('',#817,#818,#322,.T.);
#1009=EDGE_CURVE('',#818,#819,#323,.T.);
#1010=EDGE_CURVE('',#820,#819,#751,.T.);
#1011=EDGE_CURVE('',#820,#821,#324,.T.);
#1012=EDGE_CURVE('',#822,#821,#752,.T.);
#1013=EDGE_CURVE('',#809,#822,#325,.T.);
#1014=EDGE_CURVE('',#823,#823,#753,.T.);
#1015=EDGE_CURVE('',#823,#811,#326,.T.);
#1016=EDGE_CURVE('',#812,#811,#754,.T.);
#1017=EDGE_CURVE('',#824,#811,#327,.T.);
#1018=EDGE_CURVE('',#824,#812,#328,.T.);
#1019=EDGE_CURVE('',#825,#826,#755,.T.);
#1020=EDGE_CURVE('',#826,#827,#329,.T.);
#1021=EDGE_CURVE('',#828,#827,#756,.T.);
#1022=EDGE_CURVE('',#828,#825,#330,.T.);
#1023=EDGE_CURVE('',#829,#825,#331,.T.);
#1024=EDGE_CURVE('',#830,#829,#757,.T.);
#1025=EDGE_CURVE('',#831,#830,#332,.T.);
#1026=EDGE_CURVE('',#832,#831,#758,.T.);
#1027=EDGE_CURVE('',#833,#832,#333,.T.);
#1028=EDGE_CURVE('',#834,#833,#759,.T.);
#1029=EDGE_CURVE('',#826,#834,#334,.T.);
#1030=EDGE_CURVE('',#835,#828,#335,.T.);
#1031=EDGE_CURVE('',#835,#836,#336,.T.);
#1032=EDGE_CURVE('',#837,#836,#337,.T.);
#1033=EDGE_CURVE('',#829,#837,#338,.T.);
#1034=EDGE_CURVE('',#838,#839,#760,.T.);
#1035=EDGE_CURVE('',#839,#840,#339,.T.);
#1036=EDGE_CURVE('',#840,#841,#761,.F.);
#1037=EDGE_CURVE('',#841,#838,#340,.T.);
#1038=EDGE_CURVE('',#842,#838,#341,.T.);
#1039=EDGE_CURVE('',#843,#842,#762,.T.);
#1040=EDGE_CURVE('',#844,#843,#342,.T.);
#1041=EDGE_CURVE('',#845,#844,#763,.T.);
#1042=EDGE_CURVE('',#846,#845,#343,.T.);
#1043=EDGE_CURVE('',#847,#846,#764,.T.);
#1044=EDGE_CURVE('',#839,#847,#344,.T.);
#1045=EDGE_CURVE('',#848,#841,#345,.T.);
#1046=EDGE_CURVE('',#848,#849,#346,.T.);
#1047=EDGE_CURVE('',#850,#849,#347,.T.);
#1048=EDGE_CURVE('',#851,#850,#348,.T.);
#1049=EDGE_CURVE('',#852,#851,#349,.T.);
#1050=EDGE_CURVE('',#853,#852,#350,.T.);
#1051=EDGE_CURVE('',#853,#854,#351,.T.);
#1052=EDGE_CURVE('',#855,#854,#352,.T.);
#1053=EDGE_CURVE('',#856,#855,#353,.T.);
#1054=EDGE_CURVE('',#842,#856,#354,.T.);
#1055=EDGE_CURVE('',#856,#857,#765,.F.);
#1056=EDGE_CURVE('',#857,#843,#355,.T.);
#1057=EDGE_CURVE('',#844,#858,#356,.T.);
#1058=EDGE_CURVE('',#859,#858,#766,.T.);
#1059=EDGE_CURVE('',#859,#845,#357,.T.);
#1060=EDGE_CURVE('',#860,#859,#358,.T.);
#1061=EDGE_CURVE('',#860,#861,#359,.T.);
#1062=EDGE_CURVE('',#862,#861,#360,.T.);
#1063=EDGE_CURVE('',#863,#862,#361,.T.);
#1064=EDGE_CURVE('',#864,#863,#362,.T.);
#1065=EDGE_CURVE('',#865,#864,#363,.T.);
#1066=EDGE_CURVE('',#866,#865,#364,.T.);
#1067=EDGE_CURVE('',#866,#867,#365,.T.);
#1068=EDGE_CURVE('',#868,#867,#366,.T.);
#1069=EDGE_CURVE('',#846,#868,#367,.T.);
#1070=EDGE_CURVE('',#868,#869,#767,.F.);
#1071=EDGE_CURVE('',#869,#847,#368,.T.);
#1072=EDGE_CURVE('',#840,#869,#369,.T.);
#1073=EDGE_CURVE('',#837,#870,#768,.F.);
#1074=EDGE_CURVE('',#870,#830,#370,.T.);
#1075=EDGE_CURVE('',#833,#871,#371,.T.);
#1076=EDGE_CURVE('',#871,#872,#769,.F.);
#1077=EDGE_CURVE('',#872,#834,#372,.T.);
#1078=EDGE_CURVE('',#871,#873,#373,.T.);
#1079=EDGE_CURVE('',#874,#832,#374,.T.);
#1080=EDGE_CURVE('',#875,#874,#375,.T.);
#1081=EDGE_CURVE('',#873,#875,#376,.T.);
#1082=EDGE_CURVE('',#831,#876,#377,.T.);
#1083=EDGE_CURVE('',#876,#874,#770,.F.);
#1084=EDGE_CURVE('',#876,#870,#378,.T.);
#1085=EDGE_CURVE('',#851,#877,#771,.T.);
#1086=EDGE_CURVE('',#877,#878,#379,.T.);
#1087=EDGE_CURVE('',#852,#878,#772,.T.);
#1088=EDGE_CURVE('',#879,#877,#380,.T.);
#1089=EDGE_CURVE('',#880,#879,#381,.T.);
#1090=EDGE_CURVE('',#878,#880,#382,.T.);
#1091=EDGE_CURVE('',#881,#850,#773,.T.);
#1092=EDGE_CURVE('',#881,#882,#383,.T.);
#1093=EDGE_CURVE('',#865,#882,#774,.T.);
#1094=EDGE_CURVE('',#879,#864,#775,.T.);
#1095=EDGE_CURVE('',#863,#880,#776,.F.);
#1096=EDGE_CURVE('',#849,#883,#777,.F.);
#1097=EDGE_CURVE('',#883,#881,#384,.T.);
#1098=EDGE_CURVE('',#882,#884,#385,.T.);
#1099=EDGE_CURVE('',#884,#866,#778,.F.);
#1100=EDGE_CURVE('',#885,#886,#779,.T.);
#1101=EDGE_CURVE('',#886,#887,#386,.T.);
#1102=EDGE_CURVE('',#887,#888,#780,.F.);
#1103=EDGE_CURVE('',#888,#885,#387,.T.);
#1104=EDGE_CURVE('',#887,#889,#388,.T.);
#1105=EDGE_CURVE('',#890,#886,#389,.T.);
#1106=EDGE_CURVE('',#891,#890,#390,.T.);
#1107=EDGE_CURVE('',#891,#892,#391,.T.);
#1108=EDGE_CURVE('',#889,#892,#392,.T.);
#1109=EDGE_CURVE('',#885,#893,#393,.T.);
#1110=EDGE_CURVE('',#894,#893,#781,.T.);
#1111=EDGE_CURVE('',#894,#895,#394,.T.);
#1112=EDGE_CURVE('',#896,#895,#782,.T.);
#1113=EDGE_CURVE('',#896,#897,#395,.T.);
#1114=EDGE_CURVE('',#890,#897,#783,.T.);
#1115=EDGE_CURVE('',#897,#898,#396,.T.);
#1116=EDGE_CURVE('',#898,#891,#784,.F.);
#1117=EDGE_CURVE('',#899,#896,#397,.T.);
#1118=EDGE_CURVE('',#899,#898,#398,.T.);
#1119=EDGE_CURVE('',#893,#900,#399,.T.);
#1120=EDGE_CURVE('',#901,#900,#785,.T.);
#1121=EDGE_CURVE('',#901,#894,#400,.T.);
#1122=EDGE_CURVE('',#902,#901,#401,.T.);
#1123=EDGE_CURVE('',#902,#903,#402,.T.);
#1124=EDGE_CURVE('',#903,#904,#403,.T.);
#1125=EDGE_CURVE('',#895,#904,#404,.T.);
#1126=EDGE_CURVE('',#904,#899,#786,.F.);
#1127=EDGE_CURVE('',#905,#906,#787,.T.);
#1128=EDGE_CURVE('',#906,#907,#405,.T.);
#1129=EDGE_CURVE('',#907,#908,#788,.F.);
#1130=EDGE_CURVE('',#908,#905,#406,.T.);
#1131=EDGE_CURVE('',#905,#909,#407,.T.);
#1132=EDGE_CURVE('',#910,#909,#789,.T.);
#1133=EDGE_CURVE('',#911,#910,#408,.T.);
#1134=EDGE_CURVE('',#912,#911,#25,.F.);
#1135=EDGE_CURVE('',#913,#912,#409,.T.);
#1136=EDGE_CURVE('',#914,#913,#26,.F.);
#1137=EDGE_CURVE('',#914,#906,#410,.T.);
#1138=EDGE_CURVE('',#908,#915,#411,.T.);
#1139=EDGE_CURVE('',#916,#915,#412,.T.);
#1140=EDGE_CURVE('',#917,#916,#413,.T.);
#1141=EDGE_CURVE('',#918,#917,#414,.T.);
#1142=EDGE_CURVE('',#918,#919,#415,.T.);
#1143=EDGE_CURVE('',#909,#919,#416,.T.);
#1144=EDGE_CURVE('',#920,#916,#790,.T.);
#1145=EDGE_CURVE('',#915,#921,#791,.F.);
#1146=EDGE_CURVE('',#921,#920,#417,.T.);
#1147=EDGE_CURVE('',#920,#922,#418,.T.);
#1148=EDGE_CURVE('',#923,#922,#27,.F.);
#1149=EDGE_CURVE('',#924,#923,#419,.T.);
#1150=EDGE_CURVE('',#925,#924,#28,.F.);
#1151=EDGE_CURVE('',#926,#925,#420,.T.);
#1152=EDGE_CURVE('',#917,#926,#792,.T.);
#1153=EDGE_CURVE('',#926,#927,#421,.T.);
#1154=EDGE_CURVE('',#927,#918,#793,.T.);
#1155=EDGE_CURVE('',#919,#928,#794,.T.);
#1156=EDGE_CURVE('',#928,#910,#422,.T.);
#1157=EDGE_CURVE('',#929,#923,#423,.T.);
#1158=EDGE_CURVE('',#922,#930,#424,.T.);
#1159=EDGE_CURVE('',#930,#929,#29,.T.);
#1160=EDGE_CURVE('',#930,#816,#425,.T.);
#1161=EDGE_CURVE('',#815,#929,#426,.T.);
#1162=EDGE_CURVE('',#931,#929,#427,.T.);
#1163=EDGE_CURVE('',#924,#931,#428,.T.);
#1164=EDGE_CURVE('',#931,#814,#429,.T.);
#1165=EDGE_CURVE('',#813,#932,#430,.T.);
#1166=EDGE_CURVE('',#932,#931,#30,.T.);
#1167=EDGE_CURVE('',#932,#925,#431,.T.);
#1168=EDGE_CURVE('',#933,#820,#432,.T.);
#1169=EDGE_CURVE('',#819,#934,#433,.T.);
#1170=EDGE_CURVE('',#934,#933,#31,.T.);
#1171=EDGE_CURVE('',#934,#914,#434,.T.);
#1172=EDGE_CURVE('',#913,#933,#435,.T.);
#1173=EDGE_CURVE('',#933,#935,#436,.T.);
#1174=EDGE_CURVE('',#821,#935,#437,.T.);
#1175=EDGE_CURVE('',#935,#912,#438,.T.);
#1176=EDGE_CURVE('',#911,#936,#439,.T.);
#1177=EDGE_CURVE('',#936,#935,#32,.T.);
#1178=EDGE_CURVE('',#936,#822,#440,.T.);
#1179=EDGE_CURVE('',#937,#938,#441,.T.);
#1180=EDGE_CURVE('',#939,#938,#442,.T.);
#1181=EDGE_CURVE('',#939,#940,#443,.T.);
#1182=EDGE_CURVE('',#940,#937,#444,.T.);
#1183=EDGE_CURVE('',#938,#941,#795,.T.);
#1184=EDGE_CURVE('',#942,#941,#445,.T.);
#1185=EDGE_CURVE('',#942,#939,#796,.T.);
#1186=EDGE_CURVE('',#941,#943,#446,.T.);
#1187=EDGE_CURVE('',#944,#943,#447,.T.);
#1188=EDGE_CURVE('',#944,#942,#448,.T.);
#1189=EDGE_CURVE('',#943,#937,#797,.T.);
#1190=EDGE_CURVE('',#940,#944,#798,.T.);
#1191=EDGE_CURVE('',#945,#927,#449,.T.);
#1192=EDGE_CURVE('',#945,#946,#450,.T.);
#1193=EDGE_CURVE('',#928,#946,#451,.T.);
#1194=EDGE_CURVE('',#827,#872,#452,.T.);
#1195=EDGE_CURVE('',#873,#947,#453,.T.);
#1196=EDGE_CURVE('',#947,#948,#454,.T.);
#1197=EDGE_CURVE('',#948,#949,#455,.T.);
#1198=EDGE_CURVE('',#949,#950,#456,.T.);
#1199=EDGE_CURVE('',#950,#835,#457,.T.);
#1200=EDGE_CURVE('',#858,#857,#458,.T.);
#1201=EDGE_CURVE('',#855,#951,#459,.T.);
#1202=EDGE_CURVE('',#951,#952,#460,.T.);
#1203=EDGE_CURVE('',#952,#953,#461,.T.);
#1204=EDGE_CURVE('',#953,#954,#462,.T.);
#1205=EDGE_CURVE('',#954,#860,#463,.T.);
#1206=EDGE_CURVE('',#955,#907,#464,.F.);
#1207=EDGE_CURVE('',#956,#955,#465,.F.);
#1208=EDGE_CURVE('',#921,#956,#466,.F.);
#1209=EDGE_CURVE('',#848,#957,#467,.T.);
#1210=EDGE_CURVE('',#958,#867,#468,.T.);
#1211=EDGE_CURVE('',#958,#959,#469,.T.);
#1212=EDGE_CURVE('',#959,#960,#470,.T.);
#1213=EDGE_CURVE('',#960,#957,#471,.T.);
#1214=EDGE_CURVE('',#861,#961,#472,.T.);
#1215=EDGE_CURVE('',#954,#961,#473,.T.);
#1216=EDGE_CURVE('',#962,#854,#474,.T.);
#1217=EDGE_CURVE('',#951,#962,#475,.T.);
#1218=EDGE_CURVE('',#952,#960,#476,.T.);
#1219=EDGE_CURVE('',#953,#959,#477,.T.);
#1220=EDGE_CURVE('',#963,#875,#478,.T.);
#1221=EDGE_CURVE('',#947,#963,#479,.T.);
#1222=EDGE_CURVE('',#964,#963,#480,.T.);
#1223=EDGE_CURVE('',#948,#964,#481,.T.);
#1224=EDGE_CURVE('',#965,#964,#482,.T.);
#1225=EDGE_CURVE('',#949,#965,#483,.T.);
#1226=EDGE_CURVE('',#966,#965,#484,.T.);
#1227=EDGE_CURVE('',#950,#966,#485,.T.);
#1228=EDGE_CURVE('',#836,#966,#486,.T.);
#1229=EDGE_CURVE('',#967,#962,#487,.T.);
#1230=EDGE_CURVE('',#968,#967,#488,.T.);
#1231=EDGE_CURVE('',#968,#969,#489,.T.);
#1232=EDGE_CURVE('',#969,#957,#490,.T.);
#1233=EDGE_CURVE('',#970,#969,#491,.T.);
#1234=EDGE_CURVE('',#958,#970,#492,.T.);
#1235=EDGE_CURVE('',#883,#884,#493,.T.);
#1236=EDGE_CURVE('',#971,#961,#494,.T.);
#1237=EDGE_CURVE('',#862,#971,#495,.T.);
#1238=EDGE_CURVE('',#900,#888,#496,.T.);
#1239=EDGE_CURVE('',#967,#853,#497,.T.);
#1240=EDGE_CURVE('',#972,#968,#498,.T.);
#1241=EDGE_CURVE('',#972,#970,#499,.T.);
#1242=EDGE_CURVE('',#971,#972,#500,.T.);
#1243=EDGE_CURVE('',#973,#902,#501,.T.);
#1244=EDGE_CURVE('',#973,#974,#502,.T.);
#1245=EDGE_CURVE('',#974,#903,#503,.T.);
#1246=EDGE_CURVE('',#975,#973,#504,.T.);
#1247=EDGE_CURVE('',#975,#976,#505,.T.);
#1248=EDGE_CURVE('',#976,#974,#506,.T.);
#1249=EDGE_CURVE('',#977,#975,#507,.T.);
#1250=EDGE_CURVE('',#977,#978,#508,.T.);
#1251=EDGE_CURVE('',#978,#976,#509,.T.);
#1252=EDGE_CURVE('',#979,#977,#510,.T.);
#1253=EDGE_CURVE('',#979,#980,#511,.T.);
#1254=EDGE_CURVE('',#980,#978,#512,.T.);
#1255=EDGE_CURVE('',#889,#979,#513,.T.);
#1256=EDGE_CURVE('',#892,#980,#514,.T.);
#1257=EDGE_CURVE('',#981,#982,#515,.T.);
#1258=EDGE_CURVE('',#983,#981,#516,.T.);
#1259=EDGE_CURVE('',#984,#983,#517,.T.);
#1260=EDGE_CURVE('',#984,#982,#518,.T.);
#1261=EDGE_CURVE('',#982,#985,#799,.T.);
#1262=EDGE_CURVE('',#986,#984,#800,.T.);
#1263=EDGE_CURVE('',#986,#985,#519,.T.);
#1264=EDGE_CURVE('',#985,#987,#520,.T.);
#1265=EDGE_CURVE('',#988,#986,#521,.T.);
#1266=EDGE_CURVE('',#988,#987,#522,.T.);
#1267=EDGE_CURVE('',#987,#981,#801,.T.);
#1268=EDGE_CURVE('',#983,#988,#802,.T.);
#1269=EDGE_CURVE('',#818,#955,#523,.T.);
#1270=EDGE_CURVE('',#817,#956,#524,.T.);
#1271=EDGE_CURVE('',#945,#824,#525,.T.);
#1272=EDGE_CURVE('',#946,#810,#526,.T.);
#1273=ORIENTED_EDGE('',*,*,#989,.F.);
#1274=ORIENTED_EDGE('',*,*,#990,.T.);
#1275=ORIENTED_EDGE('',*,*,#991,.F.);
#1276=ORIENTED_EDGE('',*,*,#990,.F.);
#1277=ORIENTED_EDGE('',*,*,#989,.T.);
#1278=ORIENTED_EDGE('',*,*,#992,.F.);
#1279=ORIENTED_EDGE('',*,*,#993,.T.);
#1280=ORIENTED_EDGE('',*,*,#994,.F.);
#1281=ORIENTED_EDGE('',*,*,#993,.F.);
#1282=ORIENTED_EDGE('',*,*,#992,.T.);
#1283=ORIENTED_EDGE('',*,*,#995,.F.);
#1284=ORIENTED_EDGE('',*,*,#996,.T.);
#1285=ORIENTED_EDGE('',*,*,#997,.F.);
#1286=ORIENTED_EDGE('',*,*,#998,.F.);
#1287=ORIENTED_EDGE('',*,*,#996,.F.);
#1288=ORIENTED_EDGE('',*,*,#995,.T.);
#1289=ORIENTED_EDGE('',*,*,#998,.T.);
#1290=ORIENTED_EDGE('',*,*,#999,.F.);
#1291=ORIENTED_EDGE('',*,*,#1000,.F.);
#1292=ORIENTED_EDGE('',*,*,#997,.T.);
#1293=ORIENTED_EDGE('',*,*,#1001,.F.);
#1294=ORIENTED_EDGE('',*,*,#1002,.T.);
#1295=ORIENTED_EDGE('',*,*,#1003,.T.);
#1296=ORIENTED_EDGE('',*,*,#1004,.F.);
#1297=ORIENTED_EDGE('',*,*,#1005,.T.);
#1298=ORIENTED_EDGE('',*,*,#1006,.F.);
#1299=ORIENTED_EDGE('',*,*,#1007,.T.);
#1300=ORIENTED_EDGE('',*,*,#1008,.T.);
#1301=ORIENTED_EDGE('',*,*,#1009,.T.);
#1302=ORIENTED_EDGE('',*,*,#1010,.F.);
#1303=ORIENTED_EDGE('',*,*,#1011,.T.);
#1304=ORIENTED_EDGE('',*,*,#1012,.F.);
#1305=ORIENTED_EDGE('',*,*,#1013,.F.);
#1306=ORIENTED_EDGE('',*,*,#1014,.F.);
#1307=ORIENTED_EDGE('',*,*,#1015,.T.);
#1308=ORIENTED_EDGE('',*,*,#1016,.F.);
#1309=ORIENTED_EDGE('',*,*,#1002,.F.);
#1310=ORIENTED_EDGE('',*,*,#1015,.F.);
#1311=ORIENTED_EDGE('',*,*,#1014,.T.);
#1312=ORIENTED_EDGE('',*,*,#1016,.T.);
#1313=ORIENTED_EDGE('',*,*,#1017,.F.);
#1314=ORIENTED_EDGE('',*,*,#1018,.T.);
#1315=ORIENTED_EDGE('',*,*,#1019,.T.);
#1316=ORIENTED_EDGE('',*,*,#1020,.T.);
#1317=ORIENTED_EDGE('',*,*,#1021,.F.);
#1318=ORIENTED_EDGE('',*,*,#1022,.T.);
#1319=ORIENTED_EDGE('',*,*,#1019,.F.);
#1320=ORIENTED_EDGE('',*,*,#1023,.F.);
#1321=ORIENTED_EDGE('',*,*,#1024,.F.);
#1322=ORIENTED_EDGE('',*,*,#1025,.F.);
#1323=ORIENTED_EDGE('',*,*,#1026,.F.);
#1324=ORIENTED_EDGE('',*,*,#1027,.F.);
#1325=ORIENTED_EDGE('',*,*,#1028,.F.);
#1326=ORIENTED_EDGE('',*,*,#1029,.F.);
#1327=ORIENTED_EDGE('',*,*,#1022,.F.);
#1328=ORIENTED_EDGE('',*,*,#1030,.F.);
#1329=ORIENTED_EDGE('',*,*,#1031,.T.);
#1330=ORIENTED_EDGE('',*,*,#1032,.F.);
#1331=ORIENTED_EDGE('',*,*,#1033,.F.);
#1332=ORIENTED_EDGE('',*,*,#1023,.T.);
#1333=ORIENTED_EDGE('',*,*,#1034,.T.);
#1334=ORIENTED_EDGE('',*,*,#1035,.T.);
#1335=ORIENTED_EDGE('',*,*,#1036,.T.);
#1336=ORIENTED_EDGE('',*,*,#1037,.T.);
#1337=ORIENTED_EDGE('',*,*,#1034,.F.);
#1338=ORIENTED_EDGE('',*,*,#1038,.F.);
#1339=ORIENTED_EDGE('',*,*,#1039,.F.);
#1340=ORIENTED_EDGE('',*,*,#1040,.F.);
#1341=ORIENTED_EDGE('',*,*,#1041,.F.);
#1342=ORIENTED_EDGE('',*,*,#1042,.F.);
#1343=ORIENTED_EDGE('',*,*,#1043,.F.);
#1344=ORIENTED_EDGE('',*,*,#1044,.F.);
#1345=ORIENTED_EDGE('',*,*,#1037,.F.);
#1346=ORIENTED_EDGE('',*,*,#1045,.F.);
#1347=ORIENTED_EDGE('',*,*,#1046,.T.);
#1348=ORIENTED_EDGE('',*,*,#1047,.F.);
#1349=ORIENTED_EDGE('',*,*,#1048,.F.);
#1350=ORIENTED_EDGE('',*,*,#1049,.F.);
#1351=ORIENTED_EDGE('',*,*,#1050,.F.);
#1352=ORIENTED_EDGE('',*,*,#1051,.T.);
#1353=ORIENTED_EDGE('',*,*,#1052,.F.);
#1354=ORIENTED_EDGE('',*,*,#1053,.F.);
#1355=ORIENTED_EDGE('',*,*,#1054,.F.);
#1356=ORIENTED_EDGE('',*,*,#1038,.T.);
#1357=ORIENTED_EDGE('',*,*,#1039,.T.);
#1358=ORIENTED_EDGE('',*,*,#1054,.T.);
#1359=ORIENTED_EDGE('',*,*,#1055,.T.);
#1360=ORIENTED_EDGE('',*,*,#1056,.T.);
#1361=ORIENTED_EDGE('',*,*,#1041,.T.);
#1362=ORIENTED_EDGE('',*,*,#1057,.T.);
#1363=ORIENTED_EDGE('',*,*,#1058,.F.);
#1364=ORIENTED_EDGE('',*,*,#1059,.T.);
#1365=ORIENTED_EDGE('',*,*,#1059,.F.);
#1366=ORIENTED_EDGE('',*,*,#1060,.F.);
#1367=ORIENTED_EDGE('',*,*,#1061,.T.);
#1368=ORIENTED_EDGE('',*,*,#1062,.F.);
#1369=ORIENTED_EDGE('',*,*,#1063,.F.);
#1370=ORIENTED_EDGE('',*,*,#1064,.F.);
#1371=ORIENTED_EDGE('',*,*,#1065,.F.);
#1372=ORIENTED_EDGE('',*,*,#1066,.F.);
#1373=ORIENTED_EDGE('',*,*,#1067,.T.);
#1374=ORIENTED_EDGE('',*,*,#1068,.F.);
#1375=ORIENTED_EDGE('',*,*,#1069,.F.);
#1376=ORIENTED_EDGE('',*,*,#1042,.T.);
#1377=ORIENTED_EDGE('',*,*,#1043,.T.);
#1378=ORIENTED_EDGE('',*,*,#1069,.T.);
#1379=ORIENTED_EDGE('',*,*,#1070,.T.);
#1380=ORIENTED_EDGE('',*,*,#1071,.T.);
#1381=ORIENTED_EDGE('',*,*,#1035,.F.);
#1382=ORIENTED_EDGE('',*,*,#1044,.T.);
#1383=ORIENTED_EDGE('',*,*,#1071,.F.);
#1384=ORIENTED_EDGE('',*,*,#1072,.F.);
#1385=ORIENTED_EDGE('',*,*,#1024,.T.);
#1386=ORIENTED_EDGE('',*,*,#1033,.T.);
#1387=ORIENTED_EDGE('',*,*,#1073,.T.);
#1388=ORIENTED_EDGE('',*,*,#1074,.T.);
#1389=ORIENTED_EDGE('',*,*,#1028,.T.);
#1390=ORIENTED_EDGE('',*,*,#1075,.T.);
#1391=ORIENTED_EDGE('',*,*,#1076,.T.);
#1392=ORIENTED_EDGE('',*,*,#1077,.T.);
#1393=ORIENTED_EDGE('',*,*,#1078,.F.);
#1394=ORIENTED_EDGE('',*,*,#1075,.F.);
#1395=ORIENTED_EDGE('',*,*,#1027,.T.);
#1396=ORIENTED_EDGE('',*,*,#1079,.F.);
#1397=ORIENTED_EDGE('',*,*,#1080,.F.);
#1398=ORIENTED_EDGE('',*,*,#1081,.F.);
#1399=ORIENTED_EDGE('',*,*,#1026,.T.);
#1400=ORIENTED_EDGE('',*,*,#1082,.T.);
#1401=ORIENTED_EDGE('',*,*,#1083,.T.);
#1402=ORIENTED_EDGE('',*,*,#1079,.T.);
#1403=ORIENTED_EDGE('',*,*,#1074,.F.);
#1404=ORIENTED_EDGE('',*,*,#1084,.F.);
#1405=ORIENTED_EDGE('',*,*,#1082,.F.);
#1406=ORIENTED_EDGE('',*,*,#1025,.T.);
#1407=ORIENTED_EDGE('',*,*,#1085,.T.);
#1408=ORIENTED_EDGE('',*,*,#1086,.T.);
#1409=ORIENTED_EDGE('',*,*,#1087,.F.);
#1410=ORIENTED_EDGE('',*,*,#1049,.T.);
#1411=ORIENTED_EDGE('',*,*,#1086,.F.);
#1412=ORIENTED_EDGE('',*,*,#1088,.F.);
#1413=ORIENTED_EDGE('',*,*,#1089,.F.);
#1414=ORIENTED_EDGE('',*,*,#1090,.F.);
#1415=ORIENTED_EDGE('',*,*,#1085,.F.);
#1416=ORIENTED_EDGE('',*,*,#1048,.T.);
#1417=ORIENTED_EDGE('',*,*,#1091,.F.);
#1418=ORIENTED_EDGE('',*,*,#1092,.T.);
#1419=ORIENTED_EDGE('',*,*,#1093,.F.);
#1420=ORIENTED_EDGE('',*,*,#1065,.T.);
#1421=ORIENTED_EDGE('',*,*,#1094,.F.);
#1422=ORIENTED_EDGE('',*,*,#1088,.T.);
#1423=ORIENTED_EDGE('',*,*,#1094,.T.);
#1424=ORIENTED_EDGE('',*,*,#1064,.T.);
#1425=ORIENTED_EDGE('',*,*,#1095,.T.);
#1426=ORIENTED_EDGE('',*,*,#1089,.T.);
#1427=ORIENTED_EDGE('',*,*,#1091,.T.);
#1428=ORIENTED_EDGE('',*,*,#1047,.T.);
#1429=ORIENTED_EDGE('',*,*,#1096,.T.);
#1430=ORIENTED_EDGE('',*,*,#1097,.T.);
#1431=ORIENTED_EDGE('',*,*,#1093,.T.);
#1432=ORIENTED_EDGE('',*,*,#1098,.T.);
#1433=ORIENTED_EDGE('',*,*,#1099,.T.);
#1434=ORIENTED_EDGE('',*,*,#1066,.T.);
#1435=ORIENTED_EDGE('',*,*,#1100,.T.);
#1436=ORIENTED_EDGE('',*,*,#1101,.T.);
#1437=ORIENTED_EDGE('',*,*,#1102,.T.);
#1438=ORIENTED_EDGE('',*,*,#1103,.T.);
#1439=ORIENTED_EDGE('',*,*,#1104,.F.);
#1440=ORIENTED_EDGE('',*,*,#1101,.F.);
#1441=ORIENTED_EDGE('',*,*,#1105,.F.);
#1442=ORIENTED_EDGE('',*,*,#1106,.F.);
#1443=ORIENTED_EDGE('',*,*,#1107,.T.);
#1444=ORIENTED_EDGE('',*,*,#1108,.F.);
#1445=ORIENTED_EDGE('',*,*,#1100,.F.);
#1446=ORIENTED_EDGE('',*,*,#1109,.T.);
#1447=ORIENTED_EDGE('',*,*,#1110,.F.);
#1448=ORIENTED_EDGE('',*,*,#1111,.T.);
#1449=ORIENTED_EDGE('',*,*,#1112,.F.);
#1450=ORIENTED_EDGE('',*,*,#1113,.T.);
#1451=ORIENTED_EDGE('',*,*,#1114,.F.);
#1452=ORIENTED_EDGE('',*,*,#1105,.T.);
#1453=ORIENTED_EDGE('',*,*,#1114,.T.);
#1454=ORIENTED_EDGE('',*,*,#1115,.T.);
#1455=ORIENTED_EDGE('',*,*,#1116,.T.);
#1456=ORIENTED_EDGE('',*,*,#1106,.T.);
#1457=ORIENTED_EDGE('',*,*,#1115,.F.);
#1458=ORIENTED_EDGE('',*,*,#1113,.F.);
#1459=ORIENTED_EDGE('',*,*,#1117,.F.);
#1460=ORIENTED_EDGE('',*,*,#1118,.T.);
#1461=ORIENTED_EDGE('',*,*,#1110,.T.);
#1462=ORIENTED_EDGE('',*,*,#1119,.T.);
#1463=ORIENTED_EDGE('',*,*,#1120,.F.);
#1464=ORIENTED_EDGE('',*,*,#1121,.T.);
#1465=ORIENTED_EDGE('',*,*,#1121,.F.);
#1466=ORIENTED_EDGE('',*,*,#1122,.F.);
#1467=ORIENTED_EDGE('',*,*,#1123,.T.);
#1468=ORIENTED_EDGE('',*,*,#1124,.T.);
#1469=ORIENTED_EDGE('',*,*,#1125,.F.);
#1470=ORIENTED_EDGE('',*,*,#1111,.F.);
#1471=ORIENTED_EDGE('',*,*,#1112,.T.);
#1472=ORIENTED_EDGE('',*,*,#1125,.T.);
#1473=ORIENTED_EDGE('',*,*,#1126,.T.);
#1474=ORIENTED_EDGE('',*,*,#1117,.T.);
#1475=ORIENTED_EDGE('',*,*,#1127,.T.);
#1476=ORIENTED_EDGE('',*,*,#1128,.T.);
#1477=ORIENTED_EDGE('',*,*,#1129,.T.);
#1478=ORIENTED_EDGE('',*,*,#1130,.T.);
#1479=ORIENTED_EDGE('',*,*,#1127,.F.);
#1480=ORIENTED_EDGE('',*,*,#1131,.T.);
#1481=ORIENTED_EDGE('',*,*,#1132,.F.);
#1482=ORIENTED_EDGE('',*,*,#1133,.F.);
#1483=ORIENTED_EDGE('',*,*,#1134,.F.);
#1484=ORIENTED_EDGE('',*,*,#1135,.F.);
#1485=ORIENTED_EDGE('',*,*,#1136,.F.);
#1486=ORIENTED_EDGE('',*,*,#1137,.T.);
#1487=ORIENTED_EDGE('',*,*,#1130,.F.);
#1488=ORIENTED_EDGE('',*,*,#1138,.T.);
#1489=ORIENTED_EDGE('',*,*,#1139,.F.);
#1490=ORIENTED_EDGE('',*,*,#1140,.F.);
#1491=ORIENTED_EDGE('',*,*,#1141,.F.);
#1492=ORIENTED_EDGE('',*,*,#1142,.T.);
#1493=ORIENTED_EDGE('',*,*,#1143,.F.);
#1494=ORIENTED_EDGE('',*,*,#1131,.F.);
#1495=ORIENTED_EDGE('',*,*,#1144,.T.);
#1496=ORIENTED_EDGE('',*,*,#1139,.T.);
#1497=ORIENTED_EDGE('',*,*,#1145,.T.);
#1498=ORIENTED_EDGE('',*,*,#1146,.T.);
#1499=ORIENTED_EDGE('',*,*,#1144,.F.);
#1500=ORIENTED_EDGE('',*,*,#1147,.T.);
#1501=ORIENTED_EDGE('',*,*,#1148,.F.);
#1502=ORIENTED_EDGE('',*,*,#1149,.F.);
#1503=ORIENTED_EDGE('',*,*,#1150,.F.);
#1504=ORIENTED_EDGE('',*,*,#1151,.F.);
#1505=ORIENTED_EDGE('',*,*,#1152,.F.);
#1506=ORIENTED_EDGE('',*,*,#1140,.T.);
#1507=ORIENTED_EDGE('',*,*,#1152,.T.);
#1508=ORIENTED_EDGE('',*,*,#1153,.T.);
#1509=ORIENTED_EDGE('',*,*,#1154,.T.);
#1510=ORIENTED_EDGE('',*,*,#1141,.T.);
#1511=ORIENTED_EDGE('',*,*,#1155,.T.);
#1512=ORIENTED_EDGE('',*,*,#1156,.T.);
#1513=ORIENTED_EDGE('',*,*,#1132,.T.);
#1514=ORIENTED_EDGE('',*,*,#1143,.T.);
#1515=ORIENTED_EDGE('',*,*,#1157,.T.);
#1516=ORIENTED_EDGE('',*,*,#1148,.T.);
#1517=ORIENTED_EDGE('',*,*,#1158,.T.);
#1518=ORIENTED_EDGE('',*,*,#1159,.T.);
#1519=ORIENTED_EDGE('',*,*,#1160,.T.);
#1520=ORIENTED_EDGE('',*,*,#1006,.T.);
#1521=ORIENTED_EDGE('',*,*,#1161,.T.);
#1522=ORIENTED_EDGE('',*,*,#1159,.F.);
#1523=ORIENTED_EDGE('',*,*,#1157,.F.);
#1524=ORIENTED_EDGE('',*,*,#1162,.F.);
#1525=ORIENTED_EDGE('',*,*,#1163,.F.);
#1526=ORIENTED_EDGE('',*,*,#1149,.T.);
#1527=ORIENTED_EDGE('',*,*,#1161,.F.);
#1528=ORIENTED_EDGE('',*,*,#1005,.F.);
#1529=ORIENTED_EDGE('',*,*,#1164,.F.);
#1530=ORIENTED_EDGE('',*,*,#1162,.T.);
#1531=ORIENTED_EDGE('',*,*,#1164,.T.);
#1532=ORIENTED_EDGE('',*,*,#1004,.T.);
#1533=ORIENTED_EDGE('',*,*,#1165,.T.);
#1534=ORIENTED_EDGE('',*,*,#1166,.T.);
#1535=ORIENTED_EDGE('',*,*,#1167,.T.);
#1536=ORIENTED_EDGE('',*,*,#1150,.T.);
#1537=ORIENTED_EDGE('',*,*,#1163,.T.);
#1538=ORIENTED_EDGE('',*,*,#1166,.F.);
#1539=ORIENTED_EDGE('',*,*,#1168,.T.);
#1540=ORIENTED_EDGE('',*,*,#1010,.T.);
#1541=ORIENTED_EDGE('',*,*,#1169,.T.);
#1542=ORIENTED_EDGE('',*,*,#1170,.T.);
#1543=ORIENTED_EDGE('',*,*,#1171,.T.);
#1544=ORIENTED_EDGE('',*,*,#1136,.T.);
#1545=ORIENTED_EDGE('',*,*,#1172,.T.);
#1546=ORIENTED_EDGE('',*,*,#1170,.F.);
#1547=ORIENTED_EDGE('',*,*,#1168,.F.);
#1548=ORIENTED_EDGE('',*,*,#1173,.T.);
#1549=ORIENTED_EDGE('',*,*,#1174,.F.);
#1550=ORIENTED_EDGE('',*,*,#1011,.F.);
#1551=ORIENTED_EDGE('',*,*,#1172,.F.);
#1552=ORIENTED_EDGE('',*,*,#1135,.T.);
#1553=ORIENTED_EDGE('',*,*,#1175,.F.);
#1554=ORIENTED_EDGE('',*,*,#1173,.F.);
#1555=ORIENTED_EDGE('',*,*,#1175,.T.);
#1556=ORIENTED_EDGE('',*,*,#1134,.T.);
#1557=ORIENTED_EDGE('',*,*,#1176,.T.);
#1558=ORIENTED_EDGE('',*,*,#1177,.T.);
#1559=ORIENTED_EDGE('',*,*,#1178,.T.);
#1560=ORIENTED_EDGE('',*,*,#1012,.T.);
#1561=ORIENTED_EDGE('',*,*,#1174,.T.);
#1562=ORIENTED_EDGE('',*,*,#1177,.F.);
#1563=ORIENTED_EDGE('',*,*,#1179,.T.);
#1564=ORIENTED_EDGE('',*,*,#1180,.F.);
#1565=ORIENTED_EDGE('',*,*,#1181,.T.);
#1566=ORIENTED_EDGE('',*,*,#1182,.T.);
#1567=ORIENTED_EDGE('',*,*,#1183,.T.);
#1568=ORIENTED_EDGE('',*,*,#1184,.F.);
#1569=ORIENTED_EDGE('',*,*,#1185,.T.);
#1570=ORIENTED_EDGE('',*,*,#1180,.T.);
#1571=ORIENTED_EDGE('',*,*,#1186,.T.);
#1572=ORIENTED_EDGE('',*,*,#1187,.F.);
#1573=ORIENTED_EDGE('',*,*,#1188,.T.);
#1574=ORIENTED_EDGE('',*,*,#1184,.T.);
#1575=ORIENTED_EDGE('',*,*,#1189,.T.);
#1576=ORIENTED_EDGE('',*,*,#1182,.F.);
#1577=ORIENTED_EDGE('',*,*,#1190,.T.);
#1578=ORIENTED_EDGE('',*,*,#1187,.T.);
#1579=ORIENTED_EDGE('',*,*,#1154,.F.);
#1580=ORIENTED_EDGE('',*,*,#1191,.F.);
#1581=ORIENTED_EDGE('',*,*,#1192,.T.);
#1582=ORIENTED_EDGE('',*,*,#1193,.F.);
#1583=ORIENTED_EDGE('',*,*,#1155,.F.);
#1584=ORIENTED_EDGE('',*,*,#1142,.F.);
#1585=ORIENTED_EDGE('',*,*,#1194,.T.);
#1586=ORIENTED_EDGE('',*,*,#1076,.F.);
#1587=ORIENTED_EDGE('',*,*,#1078,.T.);
#1588=ORIENTED_EDGE('',*,*,#1195,.T.);
#1589=ORIENTED_EDGE('',*,*,#1196,.T.);
#1590=ORIENTED_EDGE('',*,*,#1197,.T.);
#1591=ORIENTED_EDGE('',*,*,#1198,.T.);
#1592=ORIENTED_EDGE('',*,*,#1199,.T.);
#1593=ORIENTED_EDGE('',*,*,#1030,.T.);
#1594=ORIENTED_EDGE('',*,*,#1021,.T.);
#1595=ORIENTED_EDGE('',*,*,#1200,.T.);
#1596=ORIENTED_EDGE('',*,*,#1055,.F.);
#1597=ORIENTED_EDGE('',*,*,#1053,.T.);
#1598=ORIENTED_EDGE('',*,*,#1201,.T.);
#1599=ORIENTED_EDGE('',*,*,#1202,.T.);
#1600=ORIENTED_EDGE('',*,*,#1203,.T.);
#1601=ORIENTED_EDGE('',*,*,#1204,.T.);
#1602=ORIENTED_EDGE('',*,*,#1205,.T.);
#1603=ORIENTED_EDGE('',*,*,#1060,.T.);
#1604=ORIENTED_EDGE('',*,*,#1058,.T.);
#1605=ORIENTED_EDGE('',*,*,#1181,.F.);
#1606=ORIENTED_EDGE('',*,*,#1185,.F.);
#1607=ORIENTED_EDGE('',*,*,#1188,.F.);
#1608=ORIENTED_EDGE('',*,*,#1190,.F.);
#1609=ORIENTED_EDGE('',*,*,#1206,.F.);
#1610=ORIENTED_EDGE('',*,*,#1207,.F.);
#1611=ORIENTED_EDGE('',*,*,#1208,.F.);
#1612=ORIENTED_EDGE('',*,*,#1145,.F.);
#1613=ORIENTED_EDGE('',*,*,#1138,.F.);
#1614=ORIENTED_EDGE('',*,*,#1129,.F.);
#1615=ORIENTED_EDGE('',*,*,#991,.T.);
#1616=ORIENTED_EDGE('',*,*,#994,.T.);
#1617=ORIENTED_EDGE('',*,*,#1179,.F.);
#1618=ORIENTED_EDGE('',*,*,#1189,.F.);
#1619=ORIENTED_EDGE('',*,*,#1186,.F.);
#1620=ORIENTED_EDGE('',*,*,#1183,.F.);
#1621=ORIENTED_EDGE('',*,*,#1020,.F.);
#1622=ORIENTED_EDGE('',*,*,#1029,.T.);
#1623=ORIENTED_EDGE('',*,*,#1077,.F.);
#1624=ORIENTED_EDGE('',*,*,#1194,.F.);
#1625=ORIENTED_EDGE('',*,*,#1056,.F.);
#1626=ORIENTED_EDGE('',*,*,#1200,.F.);
#1627=ORIENTED_EDGE('',*,*,#1057,.F.);
#1628=ORIENTED_EDGE('',*,*,#1040,.T.);
#1629=ORIENTED_EDGE('',*,*,#1209,.F.);
#1630=ORIENTED_EDGE('',*,*,#1045,.T.);
#1631=ORIENTED_EDGE('',*,*,#1036,.F.);
#1632=ORIENTED_EDGE('',*,*,#1072,.T.);
#1633=ORIENTED_EDGE('',*,*,#1070,.F.);
#1634=ORIENTED_EDGE('',*,*,#1068,.T.);
#1635=ORIENTED_EDGE('',*,*,#1210,.F.);
#1636=ORIENTED_EDGE('',*,*,#1211,.T.);
#1637=ORIENTED_EDGE('',*,*,#1212,.T.);
#1638=ORIENTED_EDGE('',*,*,#1213,.T.);
#1639=ORIENTED_EDGE('',*,*,#1214,.F.);
#1640=ORIENTED_EDGE('',*,*,#1061,.F.);
#1641=ORIENTED_EDGE('',*,*,#1205,.F.);
#1642=ORIENTED_EDGE('',*,*,#1215,.T.);
#1643=ORIENTED_EDGE('',*,*,#1216,.F.);
#1644=ORIENTED_EDGE('',*,*,#1217,.F.);
#1645=ORIENTED_EDGE('',*,*,#1201,.F.);
#1646=ORIENTED_EDGE('',*,*,#1052,.T.);
#1647=ORIENTED_EDGE('',*,*,#1203,.F.);
#1648=ORIENTED_EDGE('',*,*,#1218,.T.);
#1649=ORIENTED_EDGE('',*,*,#1212,.F.);
#1650=ORIENTED_EDGE('',*,*,#1219,.F.);
#1651=ORIENTED_EDGE('',*,*,#1195,.F.);
#1652=ORIENTED_EDGE('',*,*,#1081,.T.);
#1653=ORIENTED_EDGE('',*,*,#1220,.F.);
#1654=ORIENTED_EDGE('',*,*,#1221,.F.);
#1655=ORIENTED_EDGE('',*,*,#1196,.F.);
#1656=ORIENTED_EDGE('',*,*,#1221,.T.);
#1657=ORIENTED_EDGE('',*,*,#1222,.F.);
#1658=ORIENTED_EDGE('',*,*,#1223,.F.);
#1659=ORIENTED_EDGE('',*,*,#1197,.F.);
#1660=ORIENTED_EDGE('',*,*,#1223,.T.);
#1661=ORIENTED_EDGE('',*,*,#1224,.F.);
#1662=ORIENTED_EDGE('',*,*,#1225,.F.);
#1663=ORIENTED_EDGE('',*,*,#1198,.F.);
#1664=ORIENTED_EDGE('',*,*,#1225,.T.);
#1665=ORIENTED_EDGE('',*,*,#1226,.F.);
#1666=ORIENTED_EDGE('',*,*,#1227,.F.);
#1667=ORIENTED_EDGE('',*,*,#1199,.F.);
#1668=ORIENTED_EDGE('',*,*,#1227,.T.);
#1669=ORIENTED_EDGE('',*,*,#1228,.F.);
#1670=ORIENTED_EDGE('',*,*,#1031,.F.);
#1671=ORIENTED_EDGE('',*,*,#1080,.T.);
#1672=ORIENTED_EDGE('',*,*,#1083,.F.);
#1673=ORIENTED_EDGE('',*,*,#1084,.T.);
#1674=ORIENTED_EDGE('',*,*,#1073,.F.);
#1675=ORIENTED_EDGE('',*,*,#1032,.T.);
#1676=ORIENTED_EDGE('',*,*,#1228,.T.);
#1677=ORIENTED_EDGE('',*,*,#1226,.T.);
#1678=ORIENTED_EDGE('',*,*,#1224,.T.);
#1679=ORIENTED_EDGE('',*,*,#1222,.T.);
#1680=ORIENTED_EDGE('',*,*,#1220,.T.);
#1681=ORIENTED_EDGE('',*,*,#1213,.F.);
#1682=ORIENTED_EDGE('',*,*,#1218,.F.);
#1683=ORIENTED_EDGE('',*,*,#1202,.F.);
#1684=ORIENTED_EDGE('',*,*,#1217,.T.);
#1685=ORIENTED_EDGE('',*,*,#1229,.F.);
#1686=ORIENTED_EDGE('',*,*,#1230,.F.);
#1687=ORIENTED_EDGE('',*,*,#1231,.T.);
#1688=ORIENTED_EDGE('',*,*,#1232,.T.);
#1689=ORIENTED_EDGE('',*,*,#1209,.T.);
#1690=ORIENTED_EDGE('',*,*,#1232,.F.);
#1691=ORIENTED_EDGE('',*,*,#1233,.F.);
#1692=ORIENTED_EDGE('',*,*,#1234,.F.);
#1693=ORIENTED_EDGE('',*,*,#1210,.T.);
#1694=ORIENTED_EDGE('',*,*,#1067,.F.);
#1695=ORIENTED_EDGE('',*,*,#1099,.F.);
#1696=ORIENTED_EDGE('',*,*,#1235,.F.);
#1697=ORIENTED_EDGE('',*,*,#1096,.F.);
#1698=ORIENTED_EDGE('',*,*,#1046,.F.);
#1699=ORIENTED_EDGE('',*,*,#1214,.T.);
#1700=ORIENTED_EDGE('',*,*,#1236,.F.);
#1701=ORIENTED_EDGE('',*,*,#1237,.F.);
#1702=ORIENTED_EDGE('',*,*,#1062,.T.);
#1703=ORIENTED_EDGE('',*,*,#1103,.F.);
#1704=ORIENTED_EDGE('',*,*,#1238,.F.);
#1705=ORIENTED_EDGE('',*,*,#1119,.F.);
#1706=ORIENTED_EDGE('',*,*,#1109,.F.);
#1707=ORIENTED_EDGE('',*,*,#1216,.T.);
#1708=ORIENTED_EDGE('',*,*,#1051,.F.);
#1709=ORIENTED_EDGE('',*,*,#1239,.F.);
#1710=ORIENTED_EDGE('',*,*,#1229,.T.);
#1711=ORIENTED_EDGE('',*,*,#1240,.F.);
#1712=ORIENTED_EDGE('',*,*,#1241,.T.);
#1713=ORIENTED_EDGE('',*,*,#1233,.T.);
#1714=ORIENTED_EDGE('',*,*,#1231,.F.);
#1715=ORIENTED_EDGE('',*,*,#1234,.T.);
#1716=ORIENTED_EDGE('',*,*,#1241,.F.);
#1717=ORIENTED_EDGE('',*,*,#1242,.F.);
#1718=ORIENTED_EDGE('',*,*,#1236,.T.);
#1719=ORIENTED_EDGE('',*,*,#1215,.F.);
#1720=ORIENTED_EDGE('',*,*,#1204,.F.);
#1721=ORIENTED_EDGE('',*,*,#1219,.T.);
#1722=ORIENTED_EDGE('',*,*,#1211,.F.);
#1723=ORIENTED_EDGE('',*,*,#1097,.F.);
#1724=ORIENTED_EDGE('',*,*,#1235,.T.);
#1725=ORIENTED_EDGE('',*,*,#1098,.F.);
#1726=ORIENTED_EDGE('',*,*,#1092,.F.);
#1727=ORIENTED_EDGE('',*,*,#1243,.F.);
#1728=ORIENTED_EDGE('',*,*,#1244,.T.);
#1729=ORIENTED_EDGE('',*,*,#1245,.T.);
#1730=ORIENTED_EDGE('',*,*,#1123,.F.);
#1731=ORIENTED_EDGE('',*,*,#1246,.F.);
#1732=ORIENTED_EDGE('',*,*,#1247,.T.);
#1733=ORIENTED_EDGE('',*,*,#1248,.T.);
#1734=ORIENTED_EDGE('',*,*,#1244,.F.);
#1735=ORIENTED_EDGE('',*,*,#1249,.F.);
#1736=ORIENTED_EDGE('',*,*,#1250,.T.);
#1737=ORIENTED_EDGE('',*,*,#1251,.T.);
#1738=ORIENTED_EDGE('',*,*,#1247,.F.);
#1739=ORIENTED_EDGE('',*,*,#1252,.F.);
#1740=ORIENTED_EDGE('',*,*,#1253,.T.);
#1741=ORIENTED_EDGE('',*,*,#1254,.T.);
#1742=ORIENTED_EDGE('',*,*,#1250,.F.);
#1743=ORIENTED_EDGE('',*,*,#1255,.F.);
#1744=ORIENTED_EDGE('',*,*,#1108,.T.);
#1745=ORIENTED_EDGE('',*,*,#1256,.T.);
#1746=ORIENTED_EDGE('',*,*,#1253,.F.);
#1747=ORIENTED_EDGE('',*,*,#1124,.F.);
#1748=ORIENTED_EDGE('',*,*,#1245,.F.);
#1749=ORIENTED_EDGE('',*,*,#1248,.F.);
#1750=ORIENTED_EDGE('',*,*,#1251,.F.);
#1751=ORIENTED_EDGE('',*,*,#1254,.F.);
#1752=ORIENTED_EDGE('',*,*,#1256,.F.);
#1753=ORIENTED_EDGE('',*,*,#1107,.F.);
#1754=ORIENTED_EDGE('',*,*,#1116,.F.);
#1755=ORIENTED_EDGE('',*,*,#1118,.F.);
#1756=ORIENTED_EDGE('',*,*,#1126,.F.);
#1757=ORIENTED_EDGE('',*,*,#1257,.F.);
#1758=ORIENTED_EDGE('',*,*,#1258,.F.);
#1759=ORIENTED_EDGE('',*,*,#1259,.F.);
#1760=ORIENTED_EDGE('',*,*,#1260,.T.);
#1761=ORIENTED_EDGE('',*,*,#1261,.F.);
#1762=ORIENTED_EDGE('',*,*,#1260,.F.);
#1763=ORIENTED_EDGE('',*,*,#1262,.F.);
#1764=ORIENTED_EDGE('',*,*,#1263,.T.);
#1765=ORIENTED_EDGE('',*,*,#1264,.F.);
#1766=ORIENTED_EDGE('',*,*,#1263,.F.);
#1767=ORIENTED_EDGE('',*,*,#1265,.F.);
#1768=ORIENTED_EDGE('',*,*,#1266,.T.);
#1769=ORIENTED_EDGE('',*,*,#1267,.F.);
#1770=ORIENTED_EDGE('',*,*,#1266,.F.);
#1771=ORIENTED_EDGE('',*,*,#1268,.F.);
#1772=ORIENTED_EDGE('',*,*,#1258,.T.);
#1773=ORIENTED_EDGE('',*,*,#1128,.F.);
#1774=ORIENTED_EDGE('',*,*,#1137,.F.);
#1775=ORIENTED_EDGE('',*,*,#1171,.F.);
#1776=ORIENTED_EDGE('',*,*,#1169,.F.);
#1777=ORIENTED_EDGE('',*,*,#1009,.F.);
#1778=ORIENTED_EDGE('',*,*,#1269,.T.);
#1779=ORIENTED_EDGE('',*,*,#1206,.T.);
#1780=ORIENTED_EDGE('',*,*,#1207,.T.);
#1781=ORIENTED_EDGE('',*,*,#1269,.F.);
#1782=ORIENTED_EDGE('',*,*,#1008,.F.);
#1783=ORIENTED_EDGE('',*,*,#1270,.T.);
#1784=ORIENTED_EDGE('',*,*,#1257,.T.);
#1785=ORIENTED_EDGE('',*,*,#1261,.T.);
#1786=ORIENTED_EDGE('',*,*,#1264,.T.);
#1787=ORIENTED_EDGE('',*,*,#1267,.T.);
#1788=ORIENTED_EDGE('',*,*,#1146,.F.);
#1789=ORIENTED_EDGE('',*,*,#1208,.T.);
#1790=ORIENTED_EDGE('',*,*,#1270,.F.);
#1791=ORIENTED_EDGE('',*,*,#1007,.F.);
#1792=ORIENTED_EDGE('',*,*,#1160,.F.);
#1793=ORIENTED_EDGE('',*,*,#1158,.F.);
#1794=ORIENTED_EDGE('',*,*,#1147,.F.);
#1795=ORIENTED_EDGE('',*,*,#1271,.T.);
#1796=ORIENTED_EDGE('',*,*,#1017,.T.);
#1797=ORIENTED_EDGE('',*,*,#1001,.T.);
#1798=ORIENTED_EDGE('',*,*,#1000,.T.);
#1799=ORIENTED_EDGE('',*,*,#1272,.F.);
#1800=ORIENTED_EDGE('',*,*,#1192,.F.);
#1801=ORIENTED_EDGE('',*,*,#1238,.T.);
#1802=ORIENTED_EDGE('',*,*,#1102,.F.);
#1803=ORIENTED_EDGE('',*,*,#1104,.T.);
#1804=ORIENTED_EDGE('',*,*,#1255,.T.);
#1805=ORIENTED_EDGE('',*,*,#1252,.T.);
#1806=ORIENTED_EDGE('',*,*,#1249,.T.);
#1807=ORIENTED_EDGE('',*,*,#1246,.T.);
#1808=ORIENTED_EDGE('',*,*,#1243,.T.);
#1809=ORIENTED_EDGE('',*,*,#1122,.T.);
#1810=ORIENTED_EDGE('',*,*,#1120,.T.);
#1811=ORIENTED_EDGE('',*,*,#1090,.T.);
#1812=ORIENTED_EDGE('',*,*,#1095,.F.);
#1813=ORIENTED_EDGE('',*,*,#1063,.T.);
#1814=ORIENTED_EDGE('',*,*,#1237,.T.);
#1815=ORIENTED_EDGE('',*,*,#1242,.T.);
#1816=ORIENTED_EDGE('',*,*,#1240,.T.);
#1817=ORIENTED_EDGE('',*,*,#1230,.T.);
#1818=ORIENTED_EDGE('',*,*,#1239,.T.);
#1819=ORIENTED_EDGE('',*,*,#1050,.T.);
#1820=ORIENTED_EDGE('',*,*,#1087,.T.);
#1821=ORIENTED_EDGE('',*,*,#1259,.T.);
#1822=ORIENTED_EDGE('',*,*,#1268,.T.);
#1823=ORIENTED_EDGE('',*,*,#1265,.T.);
#1824=ORIENTED_EDGE('',*,*,#1262,.T.);
#1825=ORIENTED_EDGE('',*,*,#1156,.F.);
#1826=ORIENTED_EDGE('',*,*,#1193,.T.);
#1827=ORIENTED_EDGE('',*,*,#1272,.T.);
#1828=ORIENTED_EDGE('',*,*,#999,.T.);
#1829=ORIENTED_EDGE('',*,*,#1013,.T.);
#1830=ORIENTED_EDGE('',*,*,#1178,.F.);
#1831=ORIENTED_EDGE('',*,*,#1176,.F.);
#1832=ORIENTED_EDGE('',*,*,#1133,.T.);
#1833=ORIENTED_EDGE('',*,*,#1153,.F.);
#1834=ORIENTED_EDGE('',*,*,#1151,.T.);
#1835=ORIENTED_EDGE('',*,*,#1167,.F.);
#1836=ORIENTED_EDGE('',*,*,#1165,.F.);
#1837=ORIENTED_EDGE('',*,*,#1003,.F.);
#1838=ORIENTED_EDGE('',*,*,#1018,.F.);
#1839=ORIENTED_EDGE('',*,*,#1271,.F.);
#1840=ORIENTED_EDGE('',*,*,#1191,.T.);
#1841=CYLINDRICAL_SURFACE('',#1993,2.2);
#1842=CYLINDRICAL_SURFACE('',#1997,2.2);
#1843=CYLINDRICAL_SURFACE('',#2001,2.);
#1844=CYLINDRICAL_SURFACE('',#2013,2.);
#1845=CYLINDRICAL_SURFACE('',#2018,0.75);
#1846=CYLINDRICAL_SURFACE('',#2026,0.75);
#1847=CYLINDRICAL_SURFACE('',#2034,0.75);
#1848=CYLINDRICAL_SURFACE('',#2036,0.75);
#1849=CYLINDRICAL_SURFACE('',#2039,0.75);
#1850=CYLINDRICAL_SURFACE('',#2042,0.75);
#1851=CYLINDRICAL_SURFACE('',#2044,0.75);
#1852=CYLINDRICAL_SURFACE('',#2047,0.75);
#1853=CYLINDRICAL_SURFACE('',#2050,0.75);
#1854=CYLINDRICAL_SURFACE('',#2058,0.75);
#1855=CYLINDRICAL_SURFACE('',#2060,0.75);
#1856=CYLINDRICAL_SURFACE('',#2062,0.75);
#1857=CYLINDRICAL_SURFACE('',#2064,0.75);
#1858=CYLINDRICAL_SURFACE('',#2072,0.75);
#1859=CYLINDRICAL_SURFACE('',#2075,0.75);
#1860=CYLINDRICAL_SURFACE('',#2078,0.75);
#1861=CYLINDRICAL_SURFACE('',#2080,1.);
#1862=CYLINDRICAL_SURFACE('',#2088,1.);
#1863=CYLINDRICAL_SURFACE('',#2095,1.);
#1864=CYLINDRICAL_SURFACE('',#2097,1.);
#1865=CYLINDRICAL_SURFACE('',#2099,1.);
#1866=CYLINDRICAL_SURFACE('',#2101,1.);
#1867=CYLINDRICAL_SURFACE('',#2104,1.);
#1868=CYLINDRICAL_SURFACE('',#2106,1.);
#1869=CYLINDRICAL_SURFACE('',#2107,1.);
#1870=CYLINDRICAL_SURFACE('',#2109,1.);
#1871=CYLINDRICAL_SURFACE('',#2112,1.);
#1872=CYLINDRICAL_SURFACE('',#2114,1.);
#1873=CYLINDRICAL_SURFACE('',#2116,3.35000000000471);
#1874=CYLINDRICAL_SURFACE('',#2120,3.3500000000047);
#1875=CYLINDRICAL_SURFACE('',#2152,3.35000000000471);
#1876=CYLINDRICAL_SURFACE('',#2156,3.3500000000047);
#1877=ADVANCED_FACE('',(#99),#1841,.T.);
#1878=ADVANCED_FACE('',(#100),#33,.T.);
#1879=ADVANCED_FACE('',(#101),#1842,.T.);
#1880=ADVANCED_FACE('',(#102),#34,.T.);
#1881=ADVANCED_FACE('',(#103),#1843,.T.);
#1882=ADVANCED_FACE('',(#104),#35,.T.);
#1883=ADVANCED_FACE('',(#105),#36,.T.);
#1884=ADVANCED_FACE('',(#106),#37,.T.);
#1885=ADVANCED_FACE('',(#107),#1844,.T.);
#1886=ADVANCED_FACE('',(#108),#38,.T.);
#1887=ADVANCED_FACE('',(#109),#39,.T.);
#1888=ADVANCED_FACE('',(#110),#1845,.T.);
#1889=ADVANCED_FACE('',(#111),#40,.F.);
#1890=ADVANCED_FACE('',(#112),#41,.T.);
#1891=ADVANCED_FACE('',(#113),#1846,.T.);
#1892=ADVANCED_FACE('',(#114),#42,.F.);
#1893=ADVANCED_FACE('',(#115),#43,.F.);
#1894=ADVANCED_FACE('',(#116),#1847,.T.);
#1895=ADVANCED_FACE('',(#117),#1848,.T.);
#1896=ADVANCED_FACE('',(#118),#44,.F.);
#1897=ADVANCED_FACE('',(#119),#1849,.T.);
#1898=ADVANCED_FACE('',(#120),#45,.T.);
#1899=ADVANCED_FACE('',(#121),#1850,.T.);
#1900=ADVANCED_FACE('',(#122),#1851,.T.);
#1901=ADVANCED_FACE('',(#123),#46,.T.);
#1902=ADVANCED_FACE('',(#124),#1852,.T.);
#1903=ADVANCED_FACE('',(#125),#47,.T.);
#1904=ADVANCED_FACE('',(#126),#1853,.T.);
#1905=ADVANCED_FACE('',(#127),#48,.T.);
#1906=ADVANCED_FACE('',(#128),#49,.T.);
#1907=ADVANCED_FACE('',(#129),#1854,.T.);
#1908=ADVANCED_FACE('',(#130),#1855,.T.);
#1909=ADVANCED_FACE('',(#131),#1856,.T.);
#1910=ADVANCED_FACE('',(#132),#1857,.T.);
#1911=ADVANCED_FACE('',(#133),#50,.F.);
#1912=ADVANCED_FACE('',(#134),#51,.T.);
#1913=ADVANCED_FACE('',(#135),#1858,.T.);
#1914=ADVANCED_FACE('',(#136),#52,.F.);
#1915=ADVANCED_FACE('',(#137),#1859,.T.);
#1916=ADVANCED_FACE('',(#138),#53,.F.);
#1917=ADVANCED_FACE('',(#139),#1860,.T.);
#1918=ADVANCED_FACE('',(#140),#1861,.T.);
#1919=ADVANCED_FACE('',(#141),#54,.T.);
#1920=ADVANCED_FACE('',(#142),#55,.T.);
#1921=ADVANCED_FACE('',(#143),#1862,.T.);
#1922=ADVANCED_FACE('',(#144),#56,.T.);
#1923=ADVANCED_FACE('',(#145),#1863,.T.);
#1924=ADVANCED_FACE('',(#146),#1864,.T.);
#1925=ADVANCED_FACE('',(#147),#1865,.T.);
#1926=ADVANCED_FACE('',(#148),#1866,.T.);
#1927=ADVANCED_FACE('',(#149),#57,.T.);
#1928=ADVANCED_FACE('',(#150),#58,.T.);
#1929=ADVANCED_FACE('',(#151),#1867,.T.);
#1930=ADVANCED_FACE('',(#152),#1868,.T.);
#1931=ADVANCED_FACE('',(#153),#1869,.T.);
#1932=ADVANCED_FACE('',(#154),#1870,.T.);
#1933=ADVANCED_FACE('',(#155),#59,.T.);
#1934=ADVANCED_FACE('',(#156),#60,.T.);
#1935=ADVANCED_FACE('',(#157),#1871,.T.);
#1936=ADVANCED_FACE('',(#158),#1872,.T.);
#1937=ADVANCED_FACE('',(#159),#61,.T.);
#1938=ADVANCED_FACE('',(#160),#1873,.F.);
#1939=ADVANCED_FACE('',(#161),#62,.T.);
#1940=ADVANCED_FACE('',(#162),#1874,.F.);
#1941=ADVANCED_FACE('',(#163,#15,#16,#17),#63,.T.);
#1942=ADVANCED_FACE('',(#164,#18,#19,#20),#64,.T.);
#1943=ADVANCED_FACE('',(#165),#65,.F.);
#1944=ADVANCED_FACE('',(#166),#66,.F.);
#1945=ADVANCED_FACE('',(#167),#67,.T.);
#1946=ADVANCED_FACE('',(#168),#68,.T.);
#1947=ADVANCED_FACE('',(#169),#69,.T.);
#1948=ADVANCED_FACE('',(#170),#70,.T.);
#1949=ADVANCED_FACE('',(#171),#71,.T.);
#1950=ADVANCED_FACE('',(#172),#72,.T.);
#1951=ADVANCED_FACE('',(#173),#73,.T.);
#1952=ADVANCED_FACE('',(#174),#74,.T.);
#1953=ADVANCED_FACE('',(#175),#75,.T.);
#1954=ADVANCED_FACE('',(#176),#76,.T.);
#1955=ADVANCED_FACE('',(#177),#77,.F.);
#1956=ADVANCED_FACE('',(#178),#78,.F.);
#1957=ADVANCED_FACE('',(#179),#79,.F.);
#1958=ADVANCED_FACE('',(#180),#80,.T.);
#1959=ADVANCED_FACE('',(#181),#81,.F.);
#1960=ADVANCED_FACE('',(#182),#82,.F.);
#1961=ADVANCED_FACE('',(#183),#83,.F.);
#1962=ADVANCED_FACE('',(#184),#84,.F.);
#1963=ADVANCED_FACE('',(#185),#85,.F.);
#1964=ADVANCED_FACE('',(#186),#86,.F.);
#1965=ADVANCED_FACE('',(#187),#87,.F.);
#1966=ADVANCED_FACE('',(#188),#88,.F.);
#1967=ADVANCED_FACE('',(#189),#89,.F.);
#1968=ADVANCED_FACE('',(#190),#90,.F.);
#1969=ADVANCED_FACE('',(#191),#91,.F.);
#1970=ADVANCED_FACE('',(#192),#1875,.F.);
#1971=ADVANCED_FACE('',(#193),#92,.F.);
#1972=ADVANCED_FACE('',(#194),#1876,.F.);
#1973=ADVANCED_FACE('',(#195),#93,.F.);
#1974=ADVANCED_FACE('',(#196,#21),#94,.F.);
#1975=ADVANCED_FACE('',(#197),#95,.F.);
#1976=ADVANCED_FACE('',(#198,#22,#23,#24),#96,.T.);
#1977=ADVANCED_FACE('',(#199),#97,.T.);
#1978=ADVANCED_FACE('',(#200),#98,.F.);
#1979=CLOSED_SHELL('',(#1877,#1878,#1879,#1880,#1881,#1882,#1883,#1884,
#1885,#1886,#1887,#1888,#1889,#1890,#1891,#1892,#1893,#1894,#1895,#1896,
#1897,#1898,#1899,#1900,#1901,#1902,#1903,#1904,#1905,#1906,#1907,#1908,
#1909,#1910,#1911,#1912,#1913,#1914,#1915,#1916,#1917,#1918,#1919,#1920,
#1921,#1922,#1923,#1924,#1925,#1926,#1927,#1928,#1929,#1930,#1931,#1932,
#1933,#1934,#1935,#1936,#1937,#1938,#1939,#1940,#1941,#1942,#1943,#1944,
#1945,#1946,#1947,#1948,#1949,#1950,#1951,#1952,#1953,#1954,#1955,#1956,
#1957,#1958,#1959,#1960,#1961,#1962,#1963,#1964,#1965,#1966,#1967,#1968,
#1969,#1970,#1971,#1972,#1973,#1974,#1975,#1976,#1977,#1978));
#1980=DERIVED_UNIT_ELEMENT(#1982,1.);
#1981=DERIVED_UNIT_ELEMENT(#3303,-3.);
#1982=(
MASS_UNIT()
NAMED_UNIT(*)
SI_UNIT(.KILO.,.GRAM.)
);
#1983=DERIVED_UNIT((#1980,#1981));
#1984=MEASURE_REPRESENTATION_ITEM('density measure',
POSITIVE_RATIO_MEASURE(7850.),#1983);
#1985=PROPERTY_DEFINITION_REPRESENTATION(#1990,#1987);
#1986=PROPERTY_DEFINITION_REPRESENTATION(#1991,#1988);
#1987=REPRESENTATION('material name',(#1989),#3300);
#1988=REPRESENTATION('density',(#1984),#3300);
#1989=DESCRIPTIVE_REPRESENTATION_ITEM('Steel','Steel');
#1990=PROPERTY_DEFINITION('material property','material name',#3310);
#1991=PROPERTY_DEFINITION('material property','density of part',#3310);
#1992=AXIS2_PLACEMENT_3D('',#2725,#2165,#2166);
#1993=AXIS2_PLACEMENT_3D('',#2726,#2167,#2168);
#1994=AXIS2_PLACEMENT_3D('',#2728,#2169,#2170);
#1995=AXIS2_PLACEMENT_3D('',#2731,#2172,#2173);
#1996=AXIS2_PLACEMENT_3D('',#2732,#2174,#2175);
#1997=AXIS2_PLACEMENT_3D('',#2733,#2176,#2177);
#1998=AXIS2_PLACEMENT_3D('',#2735,#2178,#2179);
#1999=AXIS2_PLACEMENT_3D('',#2738,#2181,#2182);
#2000=AXIS2_PLACEMENT_3D('',#2739,#2183,#2184);
#2001=AXIS2_PLACEMENT_3D('',#2740,#2185,#2186);
#2002=AXIS2_PLACEMENT_3D('',#2742,#2187,#2188);
#2003=AXIS2_PLACEMENT_3D('',#2746,#2190,#2191);
#2004=AXIS2_PLACEMENT_3D('',#2747,#2192,#2193);
#2005=AXIS2_PLACEMENT_3D('',#2748,#2194,#2195);
#2006=AXIS2_PLACEMENT_3D('',#2749,#2196,#2197);
#2007=AXIS2_PLACEMENT_3D('',#2753,#2200,#2201);
#2008=AXIS2_PLACEMENT_3D('',#2757,#2203,#2204);
#2009=AXIS2_PLACEMENT_3D('',#2761,#2206,#2207);
#2010=AXIS2_PLACEMENT_3D('',#2765,#2209,#2210);
#2011=AXIS2_PLACEMENT_3D('',#2773,#2214,#2215);
#2012=AXIS2_PLACEMENT_3D('',#2777,#2217,#2218);
#2013=AXIS2_PLACEMENT_3D('',#2779,#2220,#2221);
#2014=AXIS2_PLACEMENT_3D('',#2781,#2222,#2223);
#2015=AXIS2_PLACEMENT_3D('',#2783,#2225,#2226);
#2016=AXIS2_PLACEMENT_3D('',#2784,#2227,#2228);
#2017=AXIS2_PLACEMENT_3D('',#2785,#2229,#2230);
#2018=AXIS2_PLACEMENT_3D('',#2789,#2233,#2234);
#2019=AXIS2_PLACEMENT_3D('',#2792,#2235,#2236);
#2020=AXIS2_PLACEMENT_3D('',#2796,#2238,#2239);
#2021=AXIS2_PLACEMENT_3D('',#2798,#2241,#2242);
#2022=AXIS2_PLACEMENT_3D('',#2802,#2244,#2245);
#2023=AXIS2_PLACEMENT_3D('',#2806,#2247,#2248);
#2024=AXIS2_PLACEMENT_3D('',#2810,#2250,#2251);
#2025=AXIS2_PLACEMENT_3D('',#2812,#2253,#2254);
#2026=AXIS2_PLACEMENT_3D('',#2820,#2259,#2260);
#2027=AXIS2_PLACEMENT_3D('',#2823,#2261,#2262);
#2028=AXIS2_PLACEMENT_3D('',#2827,#2264,#2265);
#2029=AXIS2_PLACEMENT_3D('',#2829,#2267,#2268);
#2030=AXIS2_PLACEMENT_3D('',#2833,#2270,#2271);
#2031=AXIS2_PLACEMENT_3D('',#2837,#2273,#2274);
#2032=AXIS2_PLACEMENT_3D('',#2841,#2276,#2277);
#2033=AXIS2_PLACEMENT_3D('',#2843,#2279,#2280);
#2034=AXIS2_PLACEMENT_3D('',#2863,#2291,#2292);
#2035=AXIS2_PLACEMENT_3D('',#2865,#2293,#2294);
#2036=AXIS2_PLACEMENT_3D('',#2867,#2296,#2297);
#2037=AXIS2_PLACEMENT_3D('',#2871,#2299,#2300);
#2038=AXIS2_PLACEMENT_3D('',#2873,#2302,#2303);
#2039=AXIS2_PLACEMENT_3D('',#2893,#2314,#2315);
#2040=AXIS2_PLACEMENT_3D('',#2895,#2316,#2317);
#2041=AXIS2_PLACEMENT_3D('',#2897,#2319,#2320);
#2042=AXIS2_PLACEMENT_3D('',#2899,#2322,#2323);
#2043=AXIS2_PLACEMENT_3D('',#2901,#2324,#2325);
#2044=AXIS2_PLACEMENT_3D('',#2903,#2327,#2328);
#2045=AXIS2_PLACEMENT_3D('',#2907,#2330,#2331);
#2046=AXIS2_PLACEMENT_3D('',#2909,#2333,#2334);
#2047=AXIS2_PLACEMENT_3D('',#2917,#2339,#2340);
#2048=AXIS2_PLACEMENT_3D('',#2920,#2342,#2343);
#2049=AXIS2_PLACEMENT_3D('',#2921,#2344,#2345);
#2050=AXIS2_PLACEMENT_3D('',#2923,#2347,#2348);
#2051=AXIS2_PLACEMENT_3D('',#2925,#2349,#2350);
#2052=AXIS2_PLACEMENT_3D('',#2928,#2352,#2353);
#2053=AXIS2_PLACEMENT_3D('',#2929,#2354,#2355);
#2054=AXIS2_PLACEMENT_3D('',#2935,#2359,#2360);
#2055=AXIS2_PLACEMENT_3D('',#2937,#2361,#2362);
#2056=AXIS2_PLACEMENT_3D('',#2940,#2364,#2365);
#2057=AXIS2_PLACEMENT_3D('',#2941,#2366,#2367);
#2058=AXIS2_PLACEMENT_3D('',#2942,#2368,#2369);
#2059=AXIS2_PLACEMENT_3D('',#2943,#2370,#2371);
#2060=AXIS2_PLACEMENT_3D('',#2944,#2372,#2373);
#2061=AXIS2_PLACEMENT_3D('',#2946,#2374,#2375);
#2062=AXIS2_PLACEMENT_3D('',#2948,#2377,#2378);
#2063=AXIS2_PLACEMENT_3D('',#2951,#2380,#2381);
#2064=AXIS2_PLACEMENT_3D('',#2952,#2382,#2383);
#2065=AXIS2_PLACEMENT_3D('',#2955,#2384,#2385);
#2066=AXIS2_PLACEMENT_3D('',#2959,#2387,#2388);
#2067=AXIS2_PLACEMENT_3D('',#2961,#2390,#2391);
#2068=AXIS2_PLACEMENT_3D('',#2971,#2397,#2398);
#2069=AXIS2_PLACEMENT_3D('',#2975,#2400,#2401);
#2070=AXIS2_PLACEMENT_3D('',#2979,#2403,#2404);
#2071=AXIS2_PLACEMENT_3D('',#2982,#2406,#2407);
#2072=AXIS2_PLACEMENT_3D('',#2983,#2408,#2409);
#2073=AXIS2_PLACEMENT_3D('',#2986,#2411,#2412);
#2074=AXIS2_PLACEMENT_3D('',#2987,#2413,#2414);
#2075=AXIS2_PLACEMENT_3D('',#2991,#2417,#2418);
#2076=AXIS2_PLACEMENT_3D('',#2995,#2420,#2421);
#2077=AXIS2_PLACEMENT_3D('',#2997,#2423,#2424);
#2078=AXIS2_PLACEMENT_3D('',#3005,#2429,#2430);
#2079=AXIS2_PLACEMENT_3D('',#3006,#2431,#2432);
#2080=AXIS2_PLACEMENT_3D('',#3007,#2433,#2434);
#2081=AXIS2_PLACEMENT_3D('',#3010,#2435,#2436);
#2082=AXIS2_PLACEMENT_3D('',#3014,#2438,#2439);
#2083=AXIS2_PLACEMENT_3D('',#3016,#2441,#2442);
#2084=AXIS2_PLACEMENT_3D('',#3020,#2444,#2445);
#2085=AXIS2_PLACEMENT_3D('',#3024,#2447,#2448);
#2086=AXIS2_PLACEMENT_3D('',#3028,#2450,#2451);
#2087=AXIS2_PLACEMENT_3D('',#3030,#2453,#2454);
#2088=AXIS2_PLACEMENT_3D('',#3042,#2461,#2462);
#2089=AXIS2_PLACEMENT_3D('',#3044,#2463,#2464);
#2090=AXIS2_PLACEMENT_3D('',#3046,#2465,#2466);
#2091=AXIS2_PLACEMENT_3D('',#3048,#2468,#2469);
#2092=AXIS2_PLACEMENT_3D('',#3052,#2471,#2472);
#2093=AXIS2_PLACEMENT_3D('',#3056,#2474,#2475);
#2094=AXIS2_PLACEMENT_3D('',#3059,#2477,#2478);
#2095=AXIS2_PLACEMENT_3D('',#3060,#2479,#2480);
#2096=AXIS2_PLACEMENT_3D('',#3063,#2482,#2483);
#2097=AXIS2_PLACEMENT_3D('',#3064,#2484,#2485);
#2098=AXIS2_PLACEMENT_3D('',#3066,#2486,#2487);
#2099=AXIS2_PLACEMENT_3D('',#3068,#2489,#2490);
#2100=AXIS2_PLACEMENT_3D('',#3073,#2493,#2494);
#2101=AXIS2_PLACEMENT_3D('',#3074,#2495,#2496);
#2102=AXIS2_PLACEMENT_3D('',#3077,#2499,#2500);
#2103=AXIS2_PLACEMENT_3D('',#3081,#2503,#2504);
#2104=AXIS2_PLACEMENT_3D('',#3083,#2506,#2507);
#2105=AXIS2_PLACEMENT_3D('',#3086,#2509,#2510);
#2106=AXIS2_PLACEMENT_3D('',#3087,#2511,#2512);
#2107=AXIS2_PLACEMENT_3D('',#3089,#2514,#2515);
#2108=AXIS2_PLACEMENT_3D('',#3094,#2518,#2519);
#2109=AXIS2_PLACEMENT_3D('',#3095,#2520,#2521);
#2110=AXIS2_PLACEMENT_3D('',#3098,#2524,#2525);
#2111=AXIS2_PLACEMENT_3D('',#3102,#2528,#2529);
#2112=AXIS2_PLACEMENT_3D('',#3104,#2531,#2532);
#2113=AXIS2_PLACEMENT_3D('',#3107,#2534,#2535);
#2114=AXIS2_PLACEMENT_3D('',#3108,#2536,#2537);
#2115=AXIS2_PLACEMENT_3D('',#3110,#2539,#2540);
#2116=AXIS2_PLACEMENT_3D('',#3119,#2545,#2546);
#2117=AXIS2_PLACEMENT_3D('',#3121,#2547,#2548);
#2118=AXIS2_PLACEMENT_3D('',#3124,#2550,#2551);
#2119=AXIS2_PLACEMENT_3D('',#3125,#2552,#2553);
#2120=AXIS2_PLACEMENT_3D('',#3131,#2557,#2558);
#2121=AXIS2_PLACEMENT_3D('',#3132,#2559,#2560);
#2122=AXIS2_PLACEMENT_3D('',#3133,#2561,#2562);
#2123=AXIS2_PLACEMENT_3D('',#3134,#2563,#2564);
#2124=AXIS2_PLACEMENT_3D('',#3160,#2580,#2581);
#2125=AXIS2_PLACEMENT_3D('',#3166,#2585,#2586);
#2126=AXIS2_PLACEMENT_3D('',#3167,#2587,#2588);
#2127=AXIS2_PLACEMENT_3D('',#3168,#2589,#2590);
#2128=AXIS2_PLACEMENT_3D('',#3178,#2596,#2597);
#2129=AXIS2_PLACEMENT_3D('',#3182,#2600,#2601);
#2130=AXIS2_PLACEMENT_3D('',#3186,#2604,#2605);
#2131=AXIS2_PLACEMENT_3D('',#3189,#2608,#2609);
#2132=AXIS2_PLACEMENT_3D('',#3193,#2612,#2613);
#2133=AXIS2_PLACEMENT_3D('',#3197,#2616,#2617);
#2134=AXIS2_PLACEMENT_3D('',#3201,#2620,#2621);
#2135=AXIS2_PLACEMENT_3D('',#3205,#2624,#2625);
#2136=AXIS2_PLACEMENT_3D('',#3207,#2627,#2628);
#2137=AXIS2_PLACEMENT_3D('',#3208,#2629,#2630);
#2138=AXIS2_PLACEMENT_3D('',#3216,#2635,#2636);
#2139=AXIS2_PLACEMENT_3D('',#3221,#2640,#2641);
#2140=AXIS2_PLACEMENT_3D('',#3225,#2644,#2645);
#2141=AXIS2_PLACEMENT_3D('',#3227,#2647,#2648);
#2142=AXIS2_PLACEMENT_3D('',#3229,#2650,#2651);
#2143=AXIS2_PLACEMENT_3D('',#3233,#2654,#2655);
#2144=AXIS2_PLACEMENT_3D('',#3235,#2657,#2658);
#2145=AXIS2_PLACEMENT_3D('',#3236,#2659,#2660);
#2146=AXIS2_PLACEMENT_3D('',#3242,#2664,#2665);
#2147=AXIS2_PLACEMENT_3D('',#3248,#2669,#2670);
#2148=AXIS2_PLACEMENT_3D('',#3254,#2674,#2675);
#2149=AXIS2_PLACEMENT_3D('',#3260,#2679,#2680);
#2150=AXIS2_PLACEMENT_3D('',#3263,#2683,#2684);
#2151=AXIS2_PLACEMENT_3D('',#3264,#2685,#2686);
#2152=AXIS2_PLACEMENT_3D('',#3273,#2691,#2692);
#2153=AXIS2_PLACEMENT_3D('',#3275,#2693,#2694);
#2154=AXIS2_PLACEMENT_3D('',#3277,#2695,#2696);
#2155=AXIS2_PLACEMENT_3D('',#3279,#2698,#2699);
#2156=AXIS2_PLACEMENT_3D('',#3285,#2703,#2704);
#2157=AXIS2_PLACEMENT_3D('',#3286,#2705,#2706);
#2158=AXIS2_PLACEMENT_3D('',#3287,#2707,#2708);
#2159=AXIS2_PLACEMENT_3D('',#3288,#2709,#2710);
#2160=AXIS2_PLACEMENT_3D('',#3290,#2712,#2713);
#2161=AXIS2_PLACEMENT_3D('',#3292,#2715,#2716);
#2162=AXIS2_PLACEMENT_3D('',#3293,#2717,#2718);
#2163=AXIS2_PLACEMENT_3D('',#3296,#2721,#2722);
#2164=AXIS2_PLACEMENT_3D('',#3297,#2723,#2724);
#2165=DIRECTION('axis',(0.,0.,1.));
#2166=DIRECTION('refdir',(1.,0.,0.));
#2167=DIRECTION('center_axis',(0.,1.,0.));
#2168=DIRECTION('ref_axis',(-1.,0.,0.));
#2169=DIRECTION('center_axis',(0.,1.,0.));
#2170=DIRECTION('ref_axis',(-1.,0.,0.));
#2171=DIRECTION('',(0.,-1.,0.));
#2172=DIRECTION('center_axis',(0.,-1.,0.));
#2173=DIRECTION('ref_axis',(-1.,0.,0.));
#2174=DIRECTION('center_axis',(0.,1.,0.));
#2175=DIRECTION('ref_axis',(-1.,0.,0.));
#2176=DIRECTION('center_axis',(0.,1.,0.));
#2177=DIRECTION('ref_axis',(-1.,0.,0.));
#2178=DIRECTION('center_axis',(0.,1.,0.));
#2179=DIRECTION('ref_axis',(-1.,0.,0.));
#2180=DIRECTION('',(0.,-1.,0.));
#2181=DIRECTION('center_axis',(0.,-1.,0.));
#2182=DIRECTION('ref_axis',(-1.,0.,0.));
#2183=DIRECTION('center_axis',(0.,1.,0.));
#2184=DIRECTION('ref_axis',(-1.,0.,0.));
#2185=DIRECTION('center_axis',(0.,1.,0.));
#2186=DIRECTION('ref_axis',(-1.,0.,0.));
#2187=DIRECTION('center_axis',(0.,1.,0.));
#2188=DIRECTION('ref_axis',(-1.,0.,0.));
#2189=DIRECTION('',(0.,-1.,0.));
#2190=DIRECTION('center_axis',(2.07842063892387E-15,-1.,0.));
#2191=DIRECTION('ref_axis',(-1.,0.,0.));
#2192=DIRECTION('center_axis',(2.07842063892387E-15,-1.,0.));
#2193=DIRECTION('ref_axis',(-1.,0.,0.));
#2194=DIRECTION('center_axis',(0.,1.,0.));
#2195=DIRECTION('ref_axis',(-1.,0.,0.));
#2196=DIRECTION('center_axis',(-2.07842063892387E-15,1.,0.));
#2197=DIRECTION('ref_axis',(-1.,-2.07842063892387E-15,0.));
#2198=DIRECTION('',(-1.,-2.07842063892387E-15,0.));
#2199=DIRECTION('',(0.,0.,1.));
#2200=DIRECTION('center_axis',(-2.07842063892387E-15,1.,0.));
#2201=DIRECTION('ref_axis',(-1.,-2.07842063892387E-15,0.));
#2202=DIRECTION('',(0.,0.,1.));
#2203=DIRECTION('center_axis',(2.07842063892387E-15,-1.,0.));
#2204=DIRECTION('ref_axis',(-1.,0.,0.));
#2205=DIRECTION('',(-1.,-2.07842063892387E-15,0.));
#2206=DIRECTION('center_axis',(2.07842063892387E-15,-1.,0.));
#2207=DIRECTION('ref_axis',(-0.707106781186548,6.2803698347351E-15,-0.707106781186547));
#2208=DIRECTION('',(0.,0.,1.));
#2209=DIRECTION('center_axis',(2.07842063892387E-15,-1.,0.));
#2210=DIRECTION('ref_axis',(-0.707106781186548,6.2803698347351E-15,0.707106781186547));
#2211=DIRECTION('',(1.,2.07842063892387E-15,1.37915903680144E-16));
#2212=DIRECTION('',(0.,0.,1.));
#2213=DIRECTION('',(-1.,-2.07842063892387E-15,-9.19439357867629E-17));
#2214=DIRECTION('center_axis',(2.07842063892387E-15,-1.,0.));
#2215=DIRECTION('ref_axis',(-0.707106781186547,6.2803698347351E-15,-0.707106781186548));
#2216=DIRECTION('',(0.,0.,1.));
#2217=DIRECTION('center_axis',(2.07842063892387E-15,-1.,0.));
#2218=DIRECTION('ref_axis',(-0.707106781186546,6.28036983473508E-15,0.707106781186549));
#2219=DIRECTION('',(-1.,-2.07842063892387E-15,0.));
#2220=DIRECTION('center_axis',(0.,1.,0.));
#2221=DIRECTION('ref_axis',(-1.,0.,0.));
#2222=DIRECTION('center_axis',(0.,1.,0.));
#2223=DIRECTION('ref_axis',(-1.,0.,0.));
#2224=DIRECTION('',(0.,-1.,0.));
#2225=DIRECTION('center_axis',(2.07842063892387E-15,-1.,0.));
#2226=DIRECTION('ref_axis',(-1.,0.,0.));
#2227=DIRECTION('center_axis',(0.,1.,0.));
#2228=DIRECTION('ref_axis',(-1.,0.,0.));
#2229=DIRECTION('center_axis',(-2.07842063892387E-15,1.,0.));
#2230=DIRECTION('ref_axis',(-1.,-2.07842063892387E-15,0.));
#2231=DIRECTION('',(0.,0.,1.));
#2232=DIRECTION('',(-1.,-2.07842063892387E-15,0.));
#2233=DIRECTION('center_axis',(2.22044604925031E-16,-1.,-8.65956056235493E-17));
#2234=DIRECTION('ref_axis',(-0.707106781186549,-9.57769059110102E-17,-0.707106781186546));
#2235=DIRECTION('center_axis',(-2.22044604925031E-16,1.,8.65956056235493E-17));
#2236=DIRECTION('ref_axis',(-0.707106781186549,-9.57769059110102E-17,-0.707106781186546));
#2237=DIRECTION('',(-2.22044604925031E-16,1.,8.65956056235493E-17));
#2238=DIRECTION('center_axis',(-1.11022302462516E-16,1.,0.));
#2239=DIRECTION('ref_axis',(-0.707106781186549,-9.57769059110102E-17,-0.707106781186546));
#2240=DIRECTION('',(2.22044604925031E-16,-1.,-8.65956056235493E-17));
#2241=DIRECTION('center_axis',(-2.22044604925031E-16,1.,8.65956056235493E-17));
#2242=DIRECTION('ref_axis',(8.65956056235493E-17,8.65956056235493E-17,-1.));
#2243=DIRECTION('',(-1.,-2.22044604925031E-16,-8.65956056235493E-17));
#2244=DIRECTION('center_axis',(-2.22044604925031E-16,1.,8.65956056235493E-17));
#2245=DIRECTION('ref_axis',(0.70710678118655,2.18241585825745E-16,-0.707106781186545));
#2246=DIRECTION('',(8.79612051784375E-16,8.65956056235495E-17,-1.));
#2247=DIRECTION('center_axis',(-2.22044604925031E-16,1.,8.65956056235493E-17));
#2248=DIRECTION('ref_axis',(0.70710678118655,9.57769059110109E-17,0.707106781186545));
#2249=DIRECTION('',(1.,2.22044604925031E-16,8.65956056235493E-17));
#2250=DIRECTION('center_axis',(-2.22044604925031E-16,1.,8.65956056235493E-17));
#2251=DIRECTION('ref_axis',(-0.70710678118655,-2.18241585825746E-16,0.707106781186545));
#2252=DIRECTION('',(-8.65956056235493E-17,-8.65956056235493E-17,1.));
#2253=DIRECTION('center_axis',(8.65956056235493E-17,8.65956056235493E-17,
-1.));
#2254=DIRECTION('ref_axis',(-1.,-2.22044604925031E-16,-8.65956056235493E-17));
#2255=DIRECTION('',(1.,1.11022302462516E-16,8.65956056235493E-17));
#2256=DIRECTION('',(-2.22044604925031E-16,1.,8.65956056235493E-17));
#2257=DIRECTION('',(-1.,-2.22044604925031E-16,-8.65956056235493E-17));
#2258=DIRECTION('',(-2.22044604925031E-16,1.,8.65956056235493E-17));
#2259=DIRECTION('center_axis',(2.22044604925031E-16,-1.,0.));
#2260=DIRECTION('ref_axis',(-0.707106781186547,0.,-0.707106781186547));
#2261=DIRECTION('center_axis',(-2.22044604925031E-16,1.,8.65956056235493E-17));
#2262=DIRECTION('ref_axis',(-0.707106781186547,0.,-0.707106781186547));
#2263=DIRECTION('',(-2.22044604925031E-16,1.,0.));
#2264=DIRECTION('center_axis',(-2.22044604925031E-16,1.,8.65956056235493E-17));
#2265=DIRECTION('ref_axis',(-0.707106781186547,0.,-0.707106781186547));
#2266=DIRECTION('',(2.22044604925031E-16,-1.,0.));
#2267=DIRECTION('center_axis',(-2.22044604925031E-16,1.,8.65956056235493E-17));
#2268=DIRECTION('ref_axis',(8.65956056235493E-17,8.65956056235493E-17,-1.));
#2269=DIRECTION('',(-1.,-2.22044604925031E-16,-8.65956056235493E-17));
#2270=DIRECTION('center_axis',(-2.22044604925031E-16,1.,8.65956056235493E-17));
#2271=DIRECTION('ref_axis',(0.707106781186548,2.61682076447296E-16,-0.707106781186547));
#2272=DIRECTION('',(8.65956056235493E-17,8.65956056235493E-17,-1.));
#2273=DIRECTION('center_axis',(-2.22044604925031E-16,1.,8.65956056235493E-17));
#2274=DIRECTION('ref_axis',(0.707106781186547,0.,0.707106781186548));
#2275=DIRECTION('',(1.,2.22044604925031E-16,8.65956056235493E-17));
#2276=DIRECTION('center_axis',(-2.22044604925031E-16,1.,8.65956056235493E-17));
#2277=DIRECTION('ref_axis',(-0.707106781186546,-5.23364152894591E-16,0.707106781186549));
#2278=DIRECTION('',(-8.65956056235493E-17,-8.65956056235493E-17,1.));
#2279=DIRECTION('center_axis',(0.,0.,1.));
#2280=DIRECTION('ref_axis',(0.,1.,0.));
#2281=DIRECTION('',(-1.,-2.22044604925031E-16,-8.65956056235493E-17));
#2282=DIRECTION('',(0.,1.,0.));
#2283=DIRECTION('',(-1.,0.,0.));
#2284=DIRECTION('',(0.,1.,0.));
#2285=DIRECTION('',(1.,0.,0.));
#2286=DIRECTION('',(0.,1.,0.));
#2287=DIRECTION('',(-1.,0.,0.));
#2288=DIRECTION('',(-2.22044604925031E-16,1.,8.65956056235493E-17));
#2289=DIRECTION('',(1.,1.11022302462516E-16,0.));
#2290=DIRECTION('',(-2.22044604925031E-16,1.,0.));
#2291=DIRECTION('center_axis',(2.22044604925031E-16,-1.,0.));
#2292=DIRECTION('ref_axis',(0.707106781186548,2.61682076447296E-16,-0.707106781186547));
#2293=DIRECTION('center_axis',(-1.11022302462516E-16,1.,0.));
#2294=DIRECTION('ref_axis',(0.707106781186548,2.61682076447296E-16,-0.707106781186547));
#2295=DIRECTION('',(2.22044604925031E-16,-1.,0.));
#2296=DIRECTION('center_axis',(2.22044604925031E-16,-1.,0.));
#2297=DIRECTION('ref_axis',(0.707106781186547,0.,0.707106781186548));
#2298=DIRECTION('',(-2.22044604925031E-16,1.,0.));
#2299=DIRECTION('center_axis',(-1.11022302462516E-16,1.,0.));
#2300=DIRECTION('ref_axis',(0.707106781186547,0.,0.707106781186548));
#2301=DIRECTION('',(2.22044604925031E-16,-1.,0.));
#2302=DIRECTION('center_axis',(0.,0.,-1.));
#2303=DIRECTION('ref_axis',(0.,-1.,0.));
#2304=DIRECTION('',(-1.,-1.11022302462516E-16,0.));
#2305=DIRECTION('',(-2.22044604925031E-16,1.,8.65956056235493E-17));
#2306=DIRECTION('',(-1.,0.,0.));
#2307=DIRECTION('',(0.,-1.,0.));
#2308=DIRECTION('',(-1.,0.,0.));
#2309=DIRECTION('',(0.,-1.,0.));
#2310=DIRECTION('',(1.,0.,0.));
#2311=DIRECTION('',(0.,-1.,0.));
#2312=DIRECTION('',(1.,2.22044604925031E-16,8.65956056235493E-17));
#2313=DIRECTION('',(-2.22044604925031E-16,1.,0.));
#2314=DIRECTION('center_axis',(2.22044604925031E-16,-1.,0.));
#2315=DIRECTION('ref_axis',(-0.707106781186546,-5.23364152894591E-16,0.707106781186549));
#2316=DIRECTION('center_axis',(-2.22044604925031E-16,1.,8.65956056235493E-17));
#2317=DIRECTION('ref_axis',(-0.707106781186546,-5.23364152894591E-16,0.707106781186549));
#2318=DIRECTION('',(2.22044604925031E-16,-1.,0.));
#2319=DIRECTION('center_axis',(-1.,-2.22044604925031E-16,-8.65956056235493E-17));
#2320=DIRECTION('ref_axis',(-8.65956056235493E-17,-8.65956056235493E-17,
1.));
#2321=DIRECTION('',(-8.65956056235493E-17,-8.65956056235493E-17,1.));
#2322=DIRECTION('center_axis',(2.22044604925031E-16,-1.,-8.65956056235493E-17));
#2323=DIRECTION('ref_axis',(0.70710678118655,2.18241585825745E-16,-0.707106781186545));
#2324=DIRECTION('center_axis',(-2.22044604925031E-16,1.,8.65956056235493E-17));
#2325=DIRECTION('ref_axis',(0.70710678118655,2.18241585825745E-16,-0.707106781186545));
#2326=DIRECTION('',(2.22044604925031E-16,-1.,-8.65956056235493E-17));
#2327=DIRECTION('center_axis',(2.22044604925031E-16,-1.,-8.65956056235493E-17));
#2328=DIRECTION('ref_axis',(-0.70710678118655,-2.18241585825746E-16,0.707106781186545));
#2329=DIRECTION('',(-2.22044604925031E-16,1.,8.65956056235493E-17));
#2330=DIRECTION('center_axis',(-1.11022302462516E-16,1.,0.));
#2331=DIRECTION('ref_axis',(-0.70710678118655,-2.18241585825746E-16,0.707106781186545));
#2332=DIRECTION('',(2.22044604925031E-16,-1.,-8.65956056235493E-17));
#2333=DIRECTION('center_axis',(-8.65956056235493E-17,-8.65956056235493E-17,
1.));
#2334=DIRECTION('ref_axis',(1.,2.22044604925031E-16,8.65956056235493E-17));
#2335=DIRECTION('',(-1.,-1.11022302462516E-16,-8.65956056235493E-17));
#2336=DIRECTION('',(2.22044604925031E-16,-1.,-8.65956056235493E-17));
#2337=DIRECTION('',(1.,2.22044604925031E-16,8.65956056235493E-17));
#2338=DIRECTION('',(-2.22044604925031E-16,1.,8.65956056235493E-17));
#2339=DIRECTION('center_axis',(2.22044604925031E-16,-1.,-8.65956056235493E-17));
#2340=DIRECTION('ref_axis',(0.70710678118655,9.57769059110109E-17,0.707106781186545));
#2341=DIRECTION('',(-2.22044604925031E-16,1.,8.65956056235493E-17));
#2342=DIRECTION('center_axis',(-2.22044604925031E-16,1.,8.65956056235493E-17));
#2343=DIRECTION('ref_axis',(0.70710678118655,9.57769059110109E-17,0.707106781186545));
#2344=DIRECTION('center_axis',(1.,2.22044604925031E-16,8.79612051784375E-16));
#2345=DIRECTION('ref_axis',(8.79612051784375E-16,8.65956056235495E-17,-1.));
#2346=DIRECTION('',(8.79612051784375E-16,8.65956056235495E-17,-1.));
#2347=DIRECTION('center_axis',(1.,0.,0.));
#2348=DIRECTION('ref_axis',(0.,-0.707106781186548,-0.707106781186547));
#2349=DIRECTION('center_axis',(-1.,0.,0.));
#2350=DIRECTION('ref_axis',(0.,-0.707106781186548,-0.707106781186547));
#2351=DIRECTION('',(-1.,0.,0.));
#2352=DIRECTION('center_axis',(-1.,0.,0.));
#2353=DIRECTION('ref_axis',(0.,-0.707106781186548,-0.707106781186547));
#2354=DIRECTION('center_axis',(0.,-1.,0.));
#2355=DIRECTION('ref_axis',(0.,0.,-1.));
#2356=DIRECTION('',(0.,0.,-1.));
#2357=DIRECTION('',(1.,0.,0.));
#2358=DIRECTION('',(0.,0.,1.));
#2359=DIRECTION('center_axis',(1.,0.,0.));
#2360=DIRECTION('ref_axis',(0.,0.,-1.));
#2361=DIRECTION('center_axis',(-1.,0.,0.));
#2362=DIRECTION('ref_axis',(0.,0.707106781186548,-0.707106781186547));
#2363=DIRECTION('',(0.,0.,1.));
#2364=DIRECTION('center_axis',(-1.,0.,0.));
#2365=DIRECTION('ref_axis',(0.,0.707106781186547,0.707106781186548));
#2366=DIRECTION('center_axis',(-1.,0.,0.));
#2367=DIRECTION('ref_axis',(0.,-0.707106781186547,0.707106781186548));
#2368=DIRECTION('center_axis',(1.,0.,0.));
#2369=DIRECTION('ref_axis',(0.,-0.707106781186547,0.707106781186548));
#2370=DIRECTION('center_axis',(-1.,0.,0.));
#2371=DIRECTION('ref_axis',(0.,-0.707106781186547,0.707106781186548));
#2372=DIRECTION('center_axis',(-1.,0.,0.));
#2373=DIRECTION('ref_axis',(0.,0.707106781186548,-0.707106781186547));
#2374=DIRECTION('center_axis',(-1.,0.,0.));
#2375=DIRECTION('ref_axis',(0.,0.707106781186548,-0.707106781186547));
#2376=DIRECTION('',(1.,0.,0.));
#2377=DIRECTION('center_axis',(-1.,0.,0.));
#2378=DIRECTION('ref_axis',(0.,0.707106781186547,0.707106781186548));
#2379=DIRECTION('',(-1.,0.,0.));
#2380=DIRECTION('center_axis',(-1.,0.,0.));
#2381=DIRECTION('ref_axis',(0.,0.707106781186547,0.707106781186548));
#2382=DIRECTION('center_axis',(1.,0.,0.));
#2383=DIRECTION('ref_axis',(0.,0.707106781186549,-0.707106781186546));
#2384=DIRECTION('center_axis',(-1.,0.,0.));
#2385=DIRECTION('ref_axis',(0.,0.707106781186549,-0.707106781186546));
#2386=DIRECTION('',(-1.,0.,0.));
#2387=DIRECTION('center_axis',(-1.,0.,0.));
#2388=DIRECTION('ref_axis',(0.,0.707106781186549,-0.707106781186546));
#2389=DIRECTION('',(1.,0.,0.));
#2390=DIRECTION('center_axis',(0.,0.,1.));
#2391=DIRECTION('ref_axis',(0.,1.,0.));
#2392=DIRECTION('',(0.,1.,0.));
#2393=DIRECTION('',(0.,1.,0.));
#2394=DIRECTION('',(1.,0.,0.));
#2395=DIRECTION('',(0.,1.,0.));
#2396=DIRECTION('',(-1.,0.,0.));
#2397=DIRECTION('center_axis',(1.,0.,0.));
#2398=DIRECTION('ref_axis',(0.,0.,-1.));
#2399=DIRECTION('',(0.,0.,1.));
#2400=DIRECTION('center_axis',(-1.,0.,0.));
#2401=DIRECTION('ref_axis',(0.,0.707106781186548,0.707106781186548));
#2402=DIRECTION('',(0.,-1.,0.));
#2403=DIRECTION('center_axis',(-1.,0.,0.));
#2404=DIRECTION('ref_axis',(0.,-0.707106781186548,0.707106781186548));
#2405=DIRECTION('',(0.,-7.93016446160826E-16,-1.));
#2406=DIRECTION('center_axis',(-1.,0.,0.));
#2407=DIRECTION('ref_axis',(0.,-0.707106781186549,-0.707106781186546));
#2408=DIRECTION('center_axis',(-1.,0.,0.));
#2409=DIRECTION('ref_axis',(0.,-0.707106781186549,-0.707106781186546));
#2410=DIRECTION('',(-1.,0.,0.));
#2411=DIRECTION('center_axis',(-1.,0.,0.));
#2412=DIRECTION('ref_axis',(0.,-0.707106781186549,-0.707106781186546));
#2413=DIRECTION('center_axis',(0.,1.,-7.93016446160826E-16));
#2414=DIRECTION('ref_axis',(0.,-7.93016446160826E-16,-1.));
#2415=DIRECTION('',(1.,0.,0.));
#2416=DIRECTION('',(0.,-7.93016446160826E-16,-1.));
#2417=DIRECTION('center_axis',(1.,0.,0.));
#2418=DIRECTION('ref_axis',(0.,0.707106781186548,0.707106781186548));
#2419=DIRECTION('',(-1.,0.,0.));
#2420=DIRECTION('center_axis',(-1.,0.,0.));
#2421=DIRECTION('ref_axis',(0.,0.707106781186548,0.707106781186548));
#2422=DIRECTION('',(1.,0.,0.));
#2423=DIRECTION('center_axis',(0.,0.,-1.));
#2424=DIRECTION('ref_axis',(0.,-1.,0.));
#2425=DIRECTION('',(0.,-1.,0.));
#2426=DIRECTION('',(-1.,0.,0.));
#2427=DIRECTION('',(0.,-1.,0.));
#2428=DIRECTION('',(-1.,0.,0.));
#2429=DIRECTION('center_axis',(-1.,0.,0.));
#2430=DIRECTION('ref_axis',(0.,-0.707106781186548,0.707106781186548));
#2431=DIRECTION('center_axis',(-1.,0.,0.));
#2432=DIRECTION('ref_axis',(0.,-0.707106781186548,0.707106781186548));
#2433=DIRECTION('center_axis',(-1.38561375928258E-15,-1.,-1.27398782508732E-31));
#2434=DIRECTION('ref_axis',(-0.707106781186549,3.14018491736754E-15,-0.707106781186546));
#2435=DIRECTION('center_axis',(5.17320254259522E-15,-1.,0.));
#2436=DIRECTION('ref_axis',(-0.707106781186549,3.14018491736754E-15,-0.707106781186546));
#2437=DIRECTION('',(-1.38561375928258E-15,-1.,-1.27398782508732E-31));
#2438=DIRECTION('center_axis',(0.,-1.,0.));
#2439=DIRECTION('ref_axis',(-0.707106781186549,3.14018491736754E-15,-0.707106781186546));
#2440=DIRECTION('',(1.38561375928258E-15,1.,1.27398782508732E-31));
#2441=DIRECTION('center_axis',(-5.17320254259522E-15,1.,0.));
#2442=DIRECTION('ref_axis',(-1.,-5.17320254259522E-15,0.));
#2443=DIRECTION('',(0.,0.,1.));
#2444=DIRECTION('center_axis',(5.17320254259522E-15,-1.,0.));
#2445=DIRECTION('ref_axis',(-0.707106781186548,0.,0.707106781186548));
#2446=DIRECTION('',(-1.,-5.17320254259522E-15,0.));
#2447=DIRECTION('center_axis',(5.17320254259522E-15,-1.,0.));
#2448=DIRECTION('ref_axis',(-1.,-5.20417042793039E-15,-1.47196168001603E-16));
#2449=DIRECTION('',(0.,0.,1.));
#2450=DIRECTION('center_axis',(5.17320254259522E-15,-1.,0.));
#2451=DIRECTION('ref_axis',(-1.,-5.20417042793039E-15,1.47196168001603E-16));
#2452=DIRECTION('',(-1.,-5.17320254259522E-15,-9.19439357867629E-17));
#2453=DIRECTION('center_axis',(-1.,1.38561375928258E-15,0.));
#2454=DIRECTION('ref_axis',(-1.38561375928258E-15,-1.,0.));
#2455=DIRECTION('',(0.,0.,-1.));
#2456=DIRECTION('',(-1.38561375928258E-15,-1.,-1.91098173763099E-31));
#2457=DIRECTION('',(0.,0.,1.));
#2458=DIRECTION('',(1.38561375928258E-15,1.,0.));
#2459=DIRECTION('',(0.,0.,1.));
#2460=DIRECTION('',(-1.38561375928258E-15,-1.,0.));
#2461=DIRECTION('center_axis',(1.38561375928258E-15,1.,1.91098173763099E-31));
#2462=DIRECTION('ref_axis',(-0.707106781186549,0.,0.707106781186546));
#2463=DIRECTION('center_axis',(5.17320254259522E-15,-1.,0.));
#2464=DIRECTION('ref_axis',(-0.707106781186549,0.,0.707106781186546));
#2465=DIRECTION('center_axis',(0.,-1.,0.));
#2466=DIRECTION('ref_axis',(-0.707106781186549,0.,0.707106781186546));
#2467=DIRECTION('',(1.38561375928258E-15,1.,1.91098173763099E-31));
#2468=DIRECTION('center_axis',(-5.17320254259522E-15,1.,0.));
#2469=DIRECTION('ref_axis',(-1.,-5.17320254259522E-15,0.));
#2470=DIRECTION('',(1.,5.17320254259522E-15,1.37915903680144E-16));
#2471=DIRECTION('center_axis',(5.17320254259522E-15,-1.,0.));
#2472=DIRECTION('ref_axis',(-1.,-5.13478148889132E-15,0.));
#2473=DIRECTION('',(0.,0.,1.));
#2474=DIRECTION('center_axis',(5.17320254259522E-15,-1.,0.));
#2475=DIRECTION('ref_axis',(-1.,-5.16947595841086E-15,9.81307786677354E-17));
#2476=DIRECTION('',(1.,5.17320254259522E-15,0.));
#2477=DIRECTION('center_axis',(5.17320254259522E-15,-1.,0.));
#2478=DIRECTION('ref_axis',(-0.707106781186549,0.,-0.707106781186546));
#2479=DIRECTION('center_axis',(1.38561375928258E-15,1.,0.));
#2480=DIRECTION('ref_axis',(-0.707106781186549,0.,-0.707106781186546));
#2481=DIRECTION('',(-1.38561375928258E-15,-1.,0.));
#2482=DIRECTION('center_axis',(-1.11022302462516E-16,1.,0.));
#2483=DIRECTION('ref_axis',(-0.707106781186549,0.,-0.707106781186546));
#2484=DIRECTION('center_axis',(-1.38561375928258E-15,-1.,0.));
#2485=DIRECTION('ref_axis',(-0.707106781186548,0.,0.707106781186548));
#2486=DIRECTION('center_axis',(-1.11022302462516E-16,1.,0.));
#2487=DIRECTION('ref_axis',(-0.707106781186548,0.,0.707106781186548));
#2488=DIRECTION('',(1.38561375928258E-15,1.,0.));
#2489=DIRECTION('center_axis',(0.707106781186547,0.707106781186548,9.75212707257008E-17));
#2490=DIRECTION('ref_axis',(-0.499999999999999,0.500000000000002,0.707106781186547));
#2491=DIRECTION('',(-0.707106781186547,-0.707106781186548,-9.75212707257007E-17));
#2492=DIRECTION('',(0.707106781186547,0.707106781186548,9.75212707257007E-17));
#2493=DIRECTION('center_axis',(-0.382683432365091,-0.923879532511286,0.));
#2494=DIRECTION('ref_axis',(-0.923879532511286,0.382683432365091,-2.54835361235768E-16));
#2495=DIRECTION('center_axis',(5.17320254259521E-15,1.,7.13466903582439E-31));
#2496=DIRECTION('ref_axis',(-0.707106781186548,6.2803698347351E-15,0.707106781186547));
#2497=DIRECTION('',(5.17320254259521E-15,1.,7.13466903582439E-31));
#2498=DIRECTION('',(-5.17320254259521E-15,-1.,-7.13466903582439E-31));
#2499=DIRECTION('center_axis',(-0.707106781186548,0.707106781186547,0.));
#2500=DIRECTION('ref_axis',(-0.707106781186547,-0.707106781186548,0.));
#2501=DIRECTION('',(0.,0.,1.));
#2502=DIRECTION('',(0.707106781186547,0.707106781186548,0.));
#2503=DIRECTION('center_axis',(-1.,5.17320254259521E-15,0.));
#2504=DIRECTION('ref_axis',(-5.17320254259521E-15,-1.,0.));
#2505=DIRECTION('',(5.17320254259521E-15,1.,0.));
#2506=DIRECTION('center_axis',(-5.17320254259521E-15,-1.,0.));
#2507=DIRECTION('ref_axis',(-0.707106781186548,6.2803698347351E-15,-0.707106781186547));
#2508=DIRECTION('',(-5.17320254259521E-15,-1.,0.));
#2509=DIRECTION('center_axis',(0.382683432365091,0.923879532511286,4.52771327365013E-15));
#2510=DIRECTION('ref_axis',(-0.923879532511286,0.382683432365091,-1.09308667917829E-14));
#2511=DIRECTION('center_axis',(-0.707106781186547,-0.707106781186548,0.));
#2512=DIRECTION('ref_axis',(-0.5,0.5,-0.707106781186548));
#2513=DIRECTION('',(-0.707106781186547,-0.707106781186548,0.));
#2514=DIRECTION('center_axis',(-5.17320254259521E-15,-1.,-4.75644602388293E-31));
#2515=DIRECTION('ref_axis',(-0.707106781186547,6.2803698347351E-15,-0.707106781186548));
#2516=DIRECTION('',(5.17320254259521E-15,1.,4.75644602388293E-31));
#2517=DIRECTION('',(-5.17320254259521E-15,-1.,-4.75644602388293E-31));
#2518=DIRECTION('center_axis',(0.382683432365091,0.923879532511286,-4.24863957754308E-16));
#2519=DIRECTION('ref_axis',(-0.923879532511286,0.382683432365091,1.02571232897397E-15));
#2520=DIRECTION('center_axis',(-0.707106781186547,-0.707106781186548,-6.50141804838005E-17));
#2521=DIRECTION('ref_axis',(-0.499999999999999,0.499999999999999,-0.707106781186549));
#2522=DIRECTION('',(-0.707106781186547,-0.707106781186548,-6.50141804838005E-17));
#2523=DIRECTION('',(0.707106781186547,0.707106781186548,6.50141804838005E-17));
#2524=DIRECTION('center_axis',(-1.,5.17320254259521E-15,0.));
#2525=DIRECTION('ref_axis',(-5.17320254259521E-15,-1.,0.));
#2526=DIRECTION('',(0.,0.,1.));
#2527=DIRECTION('',(-5.17320254259521E-15,-1.,0.));
#2528=DIRECTION('center_axis',(-0.707106781186548,0.707106781186547,0.));
#2529=DIRECTION('ref_axis',(-0.707106781186547,-0.707106781186548,0.));
#2530=DIRECTION('',(-0.707106781186547,-0.707106781186548,0.));
#2531=DIRECTION('center_axis',(-0.707106781186547,-0.707106781186548,0.));
#2532=DIRECTION('ref_axis',(-0.499999999999998,0.499999999999998,0.70710678118655));
#2533=DIRECTION('',(0.707106781186547,0.707106781186548,0.));
#2534=DIRECTION('center_axis',(-0.382683432365092,-0.923879532511286,4.24863957754308E-16));
#2535=DIRECTION('ref_axis',(0.923879532511286,-0.382683432365092,1.02571232897397E-15));
#2536=DIRECTION('center_axis',(-5.17320254259521E-15,-1.,0.));
#2537=DIRECTION('ref_axis',(-0.707106781186546,6.28036983473508E-15,0.707106781186549));
#2538=DIRECTION('',(5.17320254259521E-15,1.,0.));
#2539=DIRECTION('center_axis',(-1.10782794523448E-12,-8.65956056242873E-17,
1.));
#2540=DIRECTION('ref_axis',(1.,6.66133814774998E-16,1.10782794523448E-12));
#2541=DIRECTION('',(-1.,0.,-1.10782794523448E-12));
#2542=DIRECTION('',(-2.22044604925031E-16,1.,8.65956056235493E-17));
#2543=DIRECTION('',(1.,1.11022302462516E-16,1.10782794523448E-12));
#2544=DIRECTION('',(-2.22044604925031E-16,1.,8.65956056235493E-17));
#2545=DIRECTION('center_axis',(2.22044604925031E-16,-1.,-8.65956056235493E-17));
#2546=DIRECTION('ref_axis',(-1.90186354295602E-15,8.6595605623548E-17,-1.));
#2547=DIRECTION('center_axis',(0.,1.,0.));
#2548=DIRECTION('ref_axis',(-1.90186354295602E-15,8.6595605623548E-17,-1.));
#2549=DIRECTION('',(-2.22044604925031E-16,1.,8.65956056235493E-17));
#2550=DIRECTION('center_axis',(1.11022302462516E-16,-1.,0.));
#2551=DIRECTION('ref_axis',(-1.90186354295602E-15,8.6595605623548E-17,-1.));
#2552=DIRECTION('center_axis',(1.10821978865493E-12,8.65956056242875E-17,
-1.));
#2553=DIRECTION('ref_axis',(-1.,-6.66133814774998E-16,-1.10821978865493E-12));
#2554=DIRECTION('',(1.,0.,1.10821978865493E-12));
#2555=DIRECTION('',(-2.22044604925031E-16,1.,8.65956056235493E-17));
#2556=DIRECTION('',(-1.,-1.11022302462516E-16,-1.10821978865493E-12));
#2557=DIRECTION('center_axis',(2.22044604925031E-16,-1.,-8.65956056235493E-17));
#2558=DIRECTION('ref_axis',(-1.41223503800993E-15,-8.65956056235502E-17,
1.));
#2559=DIRECTION('center_axis',(0.,1.,0.));
#2560=DIRECTION('ref_axis',(-1.41223503800993E-15,-8.65956056235502E-17,
1.));
#2561=DIRECTION('center_axis',(1.11022302462516E-16,-1.,0.));
#2562=DIRECTION('ref_axis',(-1.41223503800993E-15,-8.65956056235502E-17,
1.));
#2563=DIRECTION('center_axis',(1.11022302462516E-16,-1.,0.));
#2564=DIRECTION('ref_axis',(1.,1.11022302462516E-16,0.));
#2565=DIRECTION('',(-1.,-1.11022302462516E-16,0.));
#2566=DIRECTION('',(0.,0.,1.));
#2567=DIRECTION('',(1.,1.11022302462516E-16,0.));
#2568=DIRECTION('',(-8.65956056235493E-17,-9.61404351946241E-33,1.));
#2569=DIRECTION('',(-8.65956056235493E-17,-9.61404351946241E-33,1.));
#2570=DIRECTION('',(1.,1.11022302462516E-16,5.30684815473612E-16));
#2571=DIRECTION('',(4.52101128133889E-16,5.01933081913251E-32,-1.));
#2572=DIRECTION('',(-1.,-1.11022302462516E-16,-8.65956056235493E-17));
#2573=DIRECTION('',(-8.65956056235493E-17,-9.61404351946241E-33,1.));
#2574=DIRECTION('',(8.65956056235493E-17,9.61404351946241E-33,-1.));
#2575=DIRECTION('',(8.65956056235493E-17,9.61404351946241E-33,-1.));
#2576=DIRECTION('',(-1.,-1.11022302462516E-16,-8.65956056235493E-17));
#2577=DIRECTION('',(4.78077500403559E-18,5.30772648503273E-34,1.));
#2578=DIRECTION('',(1.,1.11022302462516E-16,8.65956056235493E-17));
#2579=DIRECTION('',(8.65956056235493E-17,9.61404351946241E-33,-1.));
#2580=DIRECTION('center_axis',(0.,1.,0.));
#2581=DIRECTION('ref_axis',(0.,0.,1.));
#2582=DIRECTION('',(1.,0.,9.19439357867629E-17));
#2583=DIRECTION('',(0.,0.,-1.));
#2584=DIRECTION('',(-1.,0.,-1.37915903680144E-16));
#2585=DIRECTION('center_axis',(1.,2.22044604925031E-16,8.65956056235493E-17));
#2586=DIRECTION('ref_axis',(-8.65956056235493E-17,-8.65956056235493E-17,
1.));
#2587=DIRECTION('center_axis',(-1.,-2.22044604925031E-16,-8.65956056235493E-17));
#2588=DIRECTION('ref_axis',(8.65956056235493E-17,8.65956056235493E-17,-1.));
#2589=DIRECTION('center_axis',(2.22044604925031E-16,-1.,-8.65956056235493E-17));
#2590=DIRECTION('ref_axis',(-8.65956056235493E-17,-8.65956056235493E-17,
1.));
#2591=DIRECTION('',(0.,8.65956056235493E-17,-1.));
#2592=DIRECTION('',(0.,8.65956056235493E-17,-1.));
#2593=DIRECTION('',(-1.,-2.22044604925031E-16,-8.65956056235493E-17));
#2594=DIRECTION('',(-4.78077500403561E-18,8.65956056235493E-17,-1.));
#2595=DIRECTION('',(1.,2.22044604925031E-16,8.65956056235493E-17));
#2596=DIRECTION('center_axis',(-1.,-2.22044604925031E-16,-8.65956056235493E-17));
#2597=DIRECTION('ref_axis',(-8.65956056235493E-17,-8.65956056235493E-17,
1.));
#2598=DIRECTION('',(-8.65956056235493E-17,0.,1.));
#2599=DIRECTION('',(-2.22044604925031E-16,1.,8.65956056235493E-17));
#2600=DIRECTION('center_axis',(-1.,-2.22044604925031E-16,-8.65956056235493E-17));
#2601=DIRECTION('ref_axis',(-8.65956056235493E-17,-8.65956056235493E-17,
1.));
#2602=DIRECTION('',(-8.65956056235493E-17,0.,1.));
#2603=DIRECTION('',(-2.22044604925031E-16,1.,8.65956056235493E-17));
#2604=DIRECTION('center_axis',(1.,2.22044604925031E-16,-4.78077500403559E-18));
#2605=DIRECTION('ref_axis',(-4.78077500403561E-18,8.65956056235493E-17,
-1.));
#2606=DIRECTION('',(-2.22044604925031E-16,1.,8.65956056235493E-17));
#2607=DIRECTION('',(-2.22044604925031E-16,1.,8.65956056235493E-17));
#2608=DIRECTION('center_axis',(1.,2.22044604925031E-16,8.65956056235493E-17));
#2609=DIRECTION('ref_axis',(8.65956056235493E-17,8.65956056235493E-17,-1.));
#2610=DIRECTION('',(8.65956056235493E-17,8.65956056235493E-17,-1.));
#2611=DIRECTION('',(-2.22044604925031E-16,1.,8.65956056235493E-17));
#2612=DIRECTION('center_axis',(5.30684815473612E-16,8.65956056235494E-17,
-1.));
#2613=DIRECTION('ref_axis',(-1.,-2.22044604925031E-16,-5.30684815473612E-16));
#2614=DIRECTION('',(-1.,-2.22044604925031E-16,-5.30684815473612E-16));
#2615=DIRECTION('',(-2.22044604925031E-16,1.,8.65956056235493E-17));
#2616=DIRECTION('center_axis',(-1.,-2.22044604925031E-16,-4.52101128133889E-16));
#2617=DIRECTION('ref_axis',(-4.52101128133889E-16,-8.65956056235494E-17,
1.));
#2618=DIRECTION('',(-4.52101128133889E-16,-8.65956056235494E-17,1.));
#2619=DIRECTION('',(-2.22044604925031E-16,1.,8.65956056235493E-17));
#2620=DIRECTION('center_axis',(-8.65956056235493E-17,-8.65956056235493E-17,
1.));
#2621=DIRECTION('ref_axis',(1.,2.22044604925031E-16,8.65956056235493E-17));
#2622=DIRECTION('',(1.,2.22044604925031E-16,8.65956056235493E-17));
#2623=DIRECTION('',(-2.22044604925031E-16,1.,8.65956056235493E-17));
#2624=DIRECTION('center_axis',(1.,2.22044604925031E-16,8.65956056235493E-17));
#2625=DIRECTION('ref_axis',(8.65956056235493E-17,8.65956056235493E-17,-1.));
#2626=DIRECTION('',(8.65956056235493E-17,8.65956056235493E-17,-1.));
#2627=DIRECTION('center_axis',(2.22044604925031E-16,-1.,-8.65956056235493E-17));
#2628=DIRECTION('ref_axis',(-8.65956056235493E-17,-8.65956056235493E-17,
1.));
#2629=DIRECTION('center_axis',(0.,0.,-1.));
#2630=DIRECTION('ref_axis',(0.,-1.,0.));
#2631=DIRECTION('',(-1.,0.,0.));
#2632=DIRECTION('',(0.,-1.,0.));
#2633=DIRECTION('',(-1.,0.,0.));
#2634=DIRECTION('',(0.,-1.,0.));
#2635=DIRECTION('center_axis',(-1.,0.,0.));
#2636=DIRECTION('ref_axis',(0.,0.,1.));
#2637=DIRECTION('',(0.,9.13763806275849E-17,-1.));
#2638=DIRECTION('',(0.,1.,0.));
#2639=DIRECTION('',(0.,0.,1.));
#2640=DIRECTION('center_axis',(0.,-1.,0.));
#2641=DIRECTION('ref_axis',(0.,0.,1.));
#2642=DIRECTION('',(-1.,0.,0.));
#2643=DIRECTION('',(0.,0.,1.));
#2644=DIRECTION('center_axis',(0.,1.,0.));
#2645=DIRECTION('ref_axis',(0.,0.,1.));
#2646=DIRECTION('',(0.,0.,-1.));
#2647=DIRECTION('center_axis',(0.,-1.,0.));
#2648=DIRECTION('ref_axis',(0.,0.,1.));
#2649=DIRECTION('',(0.,0.,1.));
#2650=DIRECTION('center_axis',(0.,1.,9.13763806275849E-17));
#2651=DIRECTION('ref_axis',(0.,9.13763806275849E-17,-1.));
#2652=DIRECTION('',(0.,9.13763806275849E-17,-1.));
#2653=DIRECTION('',(-1.,0.,0.));
#2654=DIRECTION('center_axis',(0.,0.,1.));
#2655=DIRECTION('ref_axis',(0.,1.,0.));
#2656=DIRECTION('',(0.,1.,0.));
#2657=DIRECTION('center_axis',(0.,-1.,0.));
#2658=DIRECTION('ref_axis',(0.,0.,1.));
#2659=DIRECTION('center_axis',(0.,1.,0.));
#2660=DIRECTION('ref_axis',(0.,0.,-1.));
#2661=DIRECTION('',(0.,0.,-1.));
#2662=DIRECTION('',(-1.,0.,0.));
#2663=DIRECTION('',(0.,0.,-1.));
#2664=DIRECTION('center_axis',(0.,4.44089209850063E-16,1.));
#2665=DIRECTION('ref_axis',(0.,1.,-4.44089209850063E-16));
#2666=DIRECTION('',(0.,1.,-4.44089209850063E-16));
#2667=DIRECTION('',(-1.,0.,0.));
#2668=DIRECTION('',(0.,1.,-4.44089209850063E-16));
#2669=DIRECTION('center_axis',(0.,-1.,3.6550552251034E-16));
#2670=DIRECTION('ref_axis',(0.,3.6550552251034E-16,1.));
#2671=DIRECTION('',(0.,3.6550552251034E-16,1.));
#2672=DIRECTION('',(-1.,0.,0.));
#2673=DIRECTION('',(0.,3.6550552251034E-16,1.));
#2674=DIRECTION('center_axis',(0.,0.,-1.));
#2675=DIRECTION('ref_axis',(0.,-1.,0.));
#2676=DIRECTION('',(0.,-1.,0.));
#2677=DIRECTION('',(-1.,0.,0.));
#2678=DIRECTION('',(0.,-1.,0.));
#2679=DIRECTION('center_axis',(0.,1.,0.));
#2680=DIRECTION('ref_axis',(0.,0.,-1.));
#2681=DIRECTION('',(0.,0.,-1.));
#2682=DIRECTION('',(0.,0.,-1.));
#2683=DIRECTION('center_axis',(-1.,0.,0.));
#2684=DIRECTION('ref_axis',(0.,0.,1.));
#2685=DIRECTION('center_axis',(0.,-1.10774134962885E-12,-1.));
#2686=DIRECTION('ref_axis',(0.,-1.,1.10774134962885E-12));
#2687=DIRECTION('',(0.,1.,-1.10774134962885E-12));
#2688=DIRECTION('',(-1.,0.,0.));
#2689=DIRECTION('',(0.,-1.,1.10774134962885E-12));
#2690=DIRECTION('',(-1.,0.,0.));
#2691=DIRECTION('center_axis',(-1.,0.,0.));
#2692=DIRECTION('ref_axis',(0.,1.98845914857957E-15,-1.));
#2693=DIRECTION('center_axis',(1.,0.,0.));
#2694=DIRECTION('ref_axis',(0.,1.98845914857957E-15,-1.));
#2695=DIRECTION('center_axis',(-1.,0.,0.));
#2696=DIRECTION('ref_axis',(0.,1.98845914857957E-15,-1.));
#2697=DIRECTION('',(-1.,0.,0.));
#2698=DIRECTION('center_axis',(0.,1.10813319304931E-12,1.));
#2699=DIRECTION('ref_axis',(0.,1.,-1.10813319304931E-12));
#2700=DIRECTION('',(0.,-1.,1.10813319304931E-12));
#2701=DIRECTION('',(0.,1.,-1.10813319304931E-12));
#2702=DIRECTION('',(-1.,0.,0.));
#2703=DIRECTION('center_axis',(-1.,0.,0.));
#2704=DIRECTION('ref_axis',(0.,1.32563943238638E-15,1.));
#2705=DIRECTION('center_axis',(1.,0.,0.));
#2706=DIRECTION('ref_axis',(0.,1.32563943238638E-15,1.));
#2707=DIRECTION('center_axis',(-1.,0.,0.));
#2708=DIRECTION('ref_axis',(0.,1.32563943238638E-15,1.));
#2709=DIRECTION('center_axis',(-9.19439357867629E-17,0.,1.));
#2710=DIRECTION('ref_axis',(-1.,0.,-9.19439357867629E-17));
#2711=DIRECTION('',(0.,-1.,0.));
#2712=DIRECTION('center_axis',(1.,0.,0.));
#2713=DIRECTION('ref_axis',(0.,0.,1.));
#2714=DIRECTION('',(0.,-1.,0.));
#2715=DIRECTION('center_axis',(1.37915903680144E-16,0.,-1.));
#2716=DIRECTION('ref_axis',(1.,0.,1.37915903680144E-16));
#2717=DIRECTION('center_axis',(1.,0.,0.));
#2718=DIRECTION('ref_axis',(0.,1.,0.));
#2719=DIRECTION('',(0.,1.,0.));
#2720=DIRECTION('',(0.,1.,0.));
#2721=DIRECTION('center_axis',(0.,0.,1.));
#2722=DIRECTION('ref_axis',(1.,0.,0.));
#2723=DIRECTION('center_axis',(0.,0.,1.));
#2724=DIRECTION('ref_axis',(1.,0.,0.));
#2725=CARTESIAN_POINT('',(0.,0.,0.));
#2726=CARTESIAN_POINT('Origin',(-21.45,3.85,6.08499999999567));
#2727=CARTESIAN_POINT('',(-19.25,4.05,6.08499999999567));
#2728=CARTESIAN_POINT('Origin',(-21.45,4.05,6.08499999999567));
#2729=CARTESIAN_POINT('',(-19.25,3.85,6.08499999999567));
#2730=CARTESIAN_POINT('',(-19.25,3.85,6.08499999999567));
#2731=CARTESIAN_POINT('Origin',(-21.45,3.85,6.08499999999567));
#2732=CARTESIAN_POINT('Origin',(-21.45,4.05,6.08499999999567));
#2733=CARTESIAN_POINT('Origin',(-21.4499999999944,3.85,14.5349999999957));
#2734=CARTESIAN_POINT('',(-19.2499999999944,4.05,14.5349999999957));
#2735=CARTESIAN_POINT('Origin',(-21.4499999999944,4.05,14.5349999999957));
#2736=CARTESIAN_POINT('',(-19.2499999999944,3.85,14.5349999999957));
#2737=CARTESIAN_POINT('',(-19.2499999999944,3.85,14.5349999999957));
#2738=CARTESIAN_POINT('Origin',(-21.4499999999944,3.85,14.5349999999957));
#2739=CARTESIAN_POINT('Origin',(-21.4499999999944,4.05,14.5349999999957));
#2740=CARTESIAN_POINT('Origin',(-1.99999999999996,28.,18.62));
#2741=CARTESIAN_POINT('',(4.49640324973188E-14,28.22,18.62));
#2742=CARTESIAN_POINT('Origin',(-1.99999999999996,28.22,18.62));
#2743=CARTESIAN_POINT('',(4.49640324973188E-14,28.,18.62));
#2744=CARTESIAN_POINT('',(4.49640324973188E-14,28.,18.62));
#2745=CARTESIAN_POINT('',(-1.99999999999996,28.,20.62));
#2746=CARTESIAN_POINT('Origin',(-1.99999999999996,28.,18.62));
#2747=CARTESIAN_POINT('Origin',(-1.99999999999996,28.,18.62));
#2748=CARTESIAN_POINT('Origin',(-1.99999999999996,28.22,18.62));
#2749=CARTESIAN_POINT('Origin',(-1.33226762955019E-14,28.,0.));
#2750=CARTESIAN_POINT('',(-1.33226762955019E-14,28.,20.62));
#2751=CARTESIAN_POINT('',(-1.33226762955019E-14,28.,20.62));
#2752=CARTESIAN_POINT('',(-1.33226762955019E-14,28.,0.));
#2753=CARTESIAN_POINT('Origin',(-1.33226762955019E-14,28.,0.));
#2754=CARTESIAN_POINT('',(4.49640324973188E-14,28.,2.));
#2755=CARTESIAN_POINT('',(-1.33226762955019E-14,28.,0.));
#2756=CARTESIAN_POINT('',(-1.99999999999996,28.,0.));
#2757=CARTESIAN_POINT('Origin',(-1.99999999999996,28.,2.));
#2758=CARTESIAN_POINT('',(-5.40999999999996,28.,0.));
#2759=CARTESIAN_POINT('',(-1.33226762955019E-14,28.,0.));
#2760=CARTESIAN_POINT('',(-6.40999999999996,28.,1.));
#2761=CARTESIAN_POINT('Origin',(-5.40999999999996,28.,1.));
#2762=CARTESIAN_POINT('',(-6.40999999999996,28.,2.21));
#2763=CARTESIAN_POINT('',(-6.40999999999996,28.,0.));
#2764=CARTESIAN_POINT('',(-5.40999999999996,28.,3.21));
#2765=CARTESIAN_POINT('Origin',(-5.40999999999996,28.,2.21));
#2766=CARTESIAN_POINT('',(-3.85000000000011,28.,3.21));
#2767=CARTESIAN_POINT('',(-14.,28.,3.21));
#2768=CARTESIAN_POINT('',(-3.85000000000011,28.,17.41));
#2769=CARTESIAN_POINT('',(-3.85000000000011,28.,1.605));
#2770=CARTESIAN_POINT('',(-5.40999999999996,28.,17.41));
#2771=CARTESIAN_POINT('',(-1.92500000000006,28.,17.41));
#2772=CARTESIAN_POINT('',(-6.40999999999996,28.,18.41));
#2773=CARTESIAN_POINT('Origin',(-5.40999999999996,28.,18.41));
#2774=CARTESIAN_POINT('',(-6.40999999999996,28.,19.62));
#2775=CARTESIAN_POINT('',(-6.40999999999996,28.,0.));
#2776=CARTESIAN_POINT('',(-5.40999999999996,28.,20.62));
#2777=CARTESIAN_POINT('Origin',(-5.40999999999996,28.,19.62));
#2778=CARTESIAN_POINT('',(-1.33226762955019E-14,28.,20.62));
#2779=CARTESIAN_POINT('Origin',(-1.99999999999996,28.,2.));
#2780=CARTESIAN_POINT('',(4.49640324973188E-14,28.22,2.));
#2781=CARTESIAN_POINT('Origin',(-1.99999999999996,28.22,2.));
#2782=CARTESIAN_POINT('',(4.49640324973188E-14,28.,2.));
#2783=CARTESIAN_POINT('Origin',(-1.99999999999996,28.,2.));
#2784=CARTESIAN_POINT('Origin',(-1.99999999999996,28.22,2.));
#2785=CARTESIAN_POINT('Origin',(-1.33226762955019E-14,28.,0.));
#2786=CARTESIAN_POINT('',(-1.33226762955019E-14,28.,0.));
#2787=CARTESIAN_POINT('',(-1.33226762955019E-14,28.,0.));
#2788=CARTESIAN_POINT('',(-1.33226762955019E-14,28.,0.));
#2789=CARTESIAN_POINT('Origin',(-25.9499999999994,-2.03644510175431E-15,
8.26));
#2790=CARTESIAN_POINT('',(-25.9499999999994,-1.3,7.51));
#2791=CARTESIAN_POINT('',(-26.6999999999994,-1.3,8.26));
#2792=CARTESIAN_POINT('Origin',(-25.9499999999994,-1.3,8.26));
#2793=CARTESIAN_POINT('',(-26.6999999999994,-2.9642954757491E-15,8.26));
#2794=CARTESIAN_POINT('',(-26.6999999999994,-2.20297855544809E-15,8.26));
#2795=CARTESIAN_POINT('',(-25.9499999999994,-2.88102874890221E-15,7.51));
#2796=CARTESIAN_POINT('Origin',(-25.9499999999994,-3.3687127313045E-15,
8.26));
#2797=CARTESIAN_POINT('',(-25.9499999999994,-1.97149839753665E-15,7.51));
#2798=CARTESIAN_POINT('Origin',(-25.7999999999994,-1.3,10.31));
#2799=CARTESIAN_POINT('',(-25.6499999999994,-1.3,7.51));
#2800=CARTESIAN_POINT('',(-24.8999999999994,-1.3,7.51));
#2801=CARTESIAN_POINT('',(-24.8999999999994,-1.3,8.26));
#2802=CARTESIAN_POINT('Origin',(-25.6499999999994,-1.3,8.26));
#2803=CARTESIAN_POINT('',(-24.8999999999994,-1.3,12.36));
#2804=CARTESIAN_POINT('',(-24.8999999999994,-1.3,13.11));
#2805=CARTESIAN_POINT('',(-25.6499999999994,-1.3,13.11));
#2806=CARTESIAN_POINT('Origin',(-25.6499999999994,-1.3,12.36));
#2807=CARTESIAN_POINT('',(-25.9499999999994,-1.3,13.11));
#2808=CARTESIAN_POINT('',(-24.8999999999994,-1.3,13.11));
#2809=CARTESIAN_POINT('',(-26.6999999999994,-1.3,12.36));
#2810=CARTESIAN_POINT('Origin',(-25.9499999999994,-1.3,12.36));
#2811=CARTESIAN_POINT('',(-26.6999999999994,-1.3,16.385));
#2812=CARTESIAN_POINT('Origin',(-24.8999999999994,-1.73835156236537E-15,
7.51));
#2813=CARTESIAN_POINT('',(-26.6999999999994,-2.13803185123042E-15,7.51));
#2814=CARTESIAN_POINT('',(-26.4499999999997,-2.9365399001335E-15,7.51));
#2815=CARTESIAN_POINT('',(-26.6999999999994,1.9,7.51));
#2816=CARTESIAN_POINT('',(-26.6999999999994,-2.13803185123042E-15,7.51));
#2817=CARTESIAN_POINT('',(-25.6499999999994,1.9,7.51));
#2818=CARTESIAN_POINT('',(-24.8999999999994,1.9,7.51));
#2819=CARTESIAN_POINT('',(-25.6499999999994,-1.90488501605914E-15,7.51));
#2820=CARTESIAN_POINT('Origin',(-2.84999999999937,0.899999999999683,8.26));
#2821=CARTESIAN_POINT('',(-2.84999999999936,-1.3,7.51));
#2822=CARTESIAN_POINT('',(-3.59999999999936,-1.3,8.26));
#2823=CARTESIAN_POINT('Origin',(-2.84999999999936,-1.3,8.26));
#2824=CARTESIAN_POINT('',(-3.59999999999937,1.9,8.26));
#2825=CARTESIAN_POINT('',(-3.59999999999937,0.899999999999683,8.26));
#2826=CARTESIAN_POINT('',(-2.84999999999937,1.9,7.51));
#2827=CARTESIAN_POINT('Origin',(-2.84999999999937,1.9,8.26));
#2828=CARTESIAN_POINT('',(-2.84999999999937,0.899999999999683,7.51));
#2829=CARTESIAN_POINT('Origin',(-2.69999999999937,-1.3,10.31));
#2830=CARTESIAN_POINT('',(-2.54999999999937,-1.3,7.51));
#2831=CARTESIAN_POINT('',(-3.59999999999936,-1.3,7.51));
#2832=CARTESIAN_POINT('',(-1.79999999999936,-1.3,8.26));
#2833=CARTESIAN_POINT('Origin',(-2.54999999999937,-1.3,8.26));
#2834=CARTESIAN_POINT('',(-1.79999999999937,-1.3,12.36));
#2835=CARTESIAN_POINT('',(-1.79999999999936,-1.3,4.235));
#2836=CARTESIAN_POINT('',(-2.54999999999937,-1.3,13.11));
#2837=CARTESIAN_POINT('Origin',(-2.54999999999937,-1.3,12.36));
#2838=CARTESIAN_POINT('',(-2.84999999999937,-1.3,13.11));
#2839=CARTESIAN_POINT('',(-3.59999999999937,-1.3,13.11));
#2840=CARTESIAN_POINT('',(-3.59999999999937,-1.3,12.36));
#2841=CARTESIAN_POINT('Origin',(-2.84999999999937,-1.3,12.36));
#2842=CARTESIAN_POINT('',(-3.59999999999936,-1.3,7.51));
#2843=CARTESIAN_POINT('Origin',(0.,1.79999999999936,7.51));
#2844=CARTESIAN_POINT('',(-1.9,1.9,7.51));
#2845=CARTESIAN_POINT('',(-3.59999999999937,1.9,7.51));
#2846=CARTESIAN_POINT('',(-1.9,2.84999999999936,7.51));
#2847=CARTESIAN_POINT('',(-1.9,3.59999999999936,7.51));
#2848=CARTESIAN_POINT('',(1.3,2.84999999999936,7.51));
#2849=CARTESIAN_POINT('',(0.,2.84999999999936,7.51));
#2850=CARTESIAN_POINT('',(1.3,2.54999999999936,7.51));
#2851=CARTESIAN_POINT('',(1.3,3.59999999999936,7.51));
#2852=CARTESIAN_POINT('',(0.,2.54999999999936,7.51));
#2853=CARTESIAN_POINT('',(0.,2.54999999999936,7.51));
#2854=CARTESIAN_POINT('',(0.,1.79999999999936,7.51));
#2855=CARTESIAN_POINT('',(0.,0.899999999999682,7.51));
#2856=CARTESIAN_POINT('',(-1.79999999999936,1.79999999999936,7.51));
#2857=CARTESIAN_POINT('',(0.,1.79999999999936,7.51));
#2858=CARTESIAN_POINT('',(-1.79999999999936,3.39087881140286E-15,7.51));
#2859=CARTESIAN_POINT('',(-1.79999999999936,3.39087881140286E-15,7.51));
#2860=CARTESIAN_POINT('',(-2.54999999999937,-2.77555756156289E-16,7.51));
#2861=CARTESIAN_POINT('',(-14.,-1.52655665885959E-15,7.51));
#2862=CARTESIAN_POINT('',(-2.54999999999937,0.899999999999683,7.51));
#2863=CARTESIAN_POINT('Origin',(-2.54999999999937,0.899999999999683,8.26));
#2864=CARTESIAN_POINT('',(-1.79999999999937,-1.99840144432458E-16,8.26));
#2865=CARTESIAN_POINT('Origin',(-2.54999999999937,2.63677968348475E-15,
8.26));
#2866=CARTESIAN_POINT('',(-1.79999999999937,0.899999999999683,8.26));
#2867=CARTESIAN_POINT('Origin',(-2.54999999999937,1.79999999999968,12.36));
#2868=CARTESIAN_POINT('',(-1.79999999999937,-1.99840144432458E-16,12.36));
#2869=CARTESIAN_POINT('',(-1.79999999999937,1.79999999999968,12.36));
#2870=CARTESIAN_POINT('',(-2.54999999999937,-2.77555756156289E-16,13.11));
#2871=CARTESIAN_POINT('Origin',(-2.54999999999937,2.4980018054066E-15,12.36));
#2872=CARTESIAN_POINT('',(-2.54999999999937,1.79999999999968,13.11));
#2873=CARTESIAN_POINT('Origin',(0.,3.59999999999936,13.11));
#2874=CARTESIAN_POINT('',(-1.79999999999937,2.90594341991098E-15,13.11));
#2875=CARTESIAN_POINT('',(-14.,-1.66533453693773E-15,13.11));
#2876=CARTESIAN_POINT('',(-1.79999999999937,1.79999999999936,13.11));
#2877=CARTESIAN_POINT('',(-1.79999999999937,2.90594341991098E-15,13.11));
#2878=CARTESIAN_POINT('',(0.,1.79999999999936,13.11));
#2879=CARTESIAN_POINT('',(0.,1.79999999999936,13.11));
#2880=CARTESIAN_POINT('',(0.,2.54999999999936,13.11));
#2881=CARTESIAN_POINT('',(0.,1.79999999999968,13.11));
#2882=CARTESIAN_POINT('',(1.3,2.54999999999936,13.11));
#2883=CARTESIAN_POINT('',(0.,2.54999999999936,13.11));
#2884=CARTESIAN_POINT('',(1.3,2.84999999999936,13.11));
#2885=CARTESIAN_POINT('',(1.3,3.59999999999936,13.11));
#2886=CARTESIAN_POINT('',(-1.9,2.84999999999936,13.11));
#2887=CARTESIAN_POINT('',(0.,2.84999999999936,13.11));
#2888=CARTESIAN_POINT('',(-1.9,1.9,13.11));
#2889=CARTESIAN_POINT('',(-1.9,3.59999999999936,13.11));
#2890=CARTESIAN_POINT('',(-2.84999999999937,1.9,13.11));
#2891=CARTESIAN_POINT('',(-3.59999999999937,1.9,13.11));
#2892=CARTESIAN_POINT('',(-2.84999999999937,1.79999999999968,13.11));
#2893=CARTESIAN_POINT('Origin',(-2.84999999999937,1.79999999999968,12.36));
#2894=CARTESIAN_POINT('',(-3.59999999999937,1.9,12.36));
#2895=CARTESIAN_POINT('Origin',(-2.84999999999937,1.9,12.36));
#2896=CARTESIAN_POINT('',(-3.59999999999937,1.79999999999968,12.36));
#2897=CARTESIAN_POINT('Origin',(-3.59999999999937,2.9911985225378E-15,7.51));
#2898=CARTESIAN_POINT('',(-3.59999999999937,1.9,7.51));
#2899=CARTESIAN_POINT('Origin',(-25.6499999999994,-1.9698317202768E-15,
8.26));
#2900=CARTESIAN_POINT('',(-24.8999999999994,1.9,8.26));
#2901=CARTESIAN_POINT('Origin',(-25.6499999999994,1.9,8.26));
#2902=CARTESIAN_POINT('',(-24.8999999999994,-1.80329826658303E-15,8.26));
#2903=CARTESIAN_POINT('Origin',(-25.9499999999994,-2.39148708481086E-15,
12.36));
#2904=CARTESIAN_POINT('',(-25.9499999999994,-2.88102874890221E-15,13.11));
#2905=CARTESIAN_POINT('',(-25.9499999999994,-2.45643378902853E-15,13.11));
#2906=CARTESIAN_POINT('',(-26.6999999999994,-2.9642954757491E-15,12.36));
#2907=CARTESIAN_POINT('Origin',(-25.9499999999994,-3.72375471436105E-15,
12.36));
#2908=CARTESIAN_POINT('',(-26.6999999999994,-2.55802053850464E-15,12.36));
#2909=CARTESIAN_POINT('Origin',(-26.6999999999994,-2.6229672427223E-15,
13.11));
#2910=CARTESIAN_POINT('',(-26.6999999999994,-2.6229672427223E-15,13.11));
#2911=CARTESIAN_POINT('',(-27.3499999999997,-3.03645997234977E-15,13.11));
#2912=CARTESIAN_POINT('',(-25.6499999999994,1.9,13.11));
#2913=CARTESIAN_POINT('',(-25.6499999999994,-2.38982040755102E-15,13.11));
#2914=CARTESIAN_POINT('',(-26.6999999999994,1.9,13.11));
#2915=CARTESIAN_POINT('',(-24.8999999999994,1.9,13.11));
#2916=CARTESIAN_POINT('',(-26.6999999999994,-2.6229672427223E-15,13.11));
#2917=CARTESIAN_POINT('Origin',(-25.6499999999994,-2.32487370333336E-15,
12.36));
#2918=CARTESIAN_POINT('',(-24.8999999999994,1.9,12.36));
#2919=CARTESIAN_POINT('',(-24.8999999999994,-2.15834024963958E-15,12.36));
#2920=CARTESIAN_POINT('Origin',(-25.6499999999994,1.9,12.36));
#2921=CARTESIAN_POINT('Origin',(-24.8999999999994,-2.22328695385724E-15,
13.11));
#2922=CARTESIAN_POINT('',(-24.8999999999994,1.9,13.11));
#2923=CARTESIAN_POINT('Origin',(0.,2.54999999999936,8.26));
#2924=CARTESIAN_POINT('',(1.3,1.79999999999936,8.26));
#2925=CARTESIAN_POINT('Origin',(1.3,2.54999999999936,8.26));
#2926=CARTESIAN_POINT('',(0.,1.79999999999936,8.26));
#2927=CARTESIAN_POINT('',(0.,1.79999999999936,8.26));
#2928=CARTESIAN_POINT('Origin',(0.,2.54999999999936,8.26));
#2929=CARTESIAN_POINT('Origin',(0.,1.79999999999936,13.11));
#2930=CARTESIAN_POINT('',(1.3,1.79999999999936,12.36));
#2931=CARTESIAN_POINT('',(1.3,1.79999999999936,4.235));
#2932=CARTESIAN_POINT('',(0.,1.79999999999936,12.36));
#2933=CARTESIAN_POINT('',(0.,1.79999999999936,12.36));
#2934=CARTESIAN_POINT('',(0.,1.79999999999936,6.555));
#2935=CARTESIAN_POINT('Origin',(1.3,2.69999999999936,10.31));
#2936=CARTESIAN_POINT('',(1.3,3.59999999999936,8.26));
#2937=CARTESIAN_POINT('Origin',(1.3,2.84999999999936,8.26));
#2938=CARTESIAN_POINT('',(1.3,3.59999999999936,12.36));
#2939=CARTESIAN_POINT('',(1.3,3.59999999999936,7.51));
#2940=CARTESIAN_POINT('Origin',(1.3,2.84999999999936,12.36));
#2941=CARTESIAN_POINT('Origin',(1.3,2.54999999999936,12.36));
#2942=CARTESIAN_POINT('Origin',(0.,2.54999999999936,12.36));
#2943=CARTESIAN_POINT('Origin',(0.,2.54999999999936,12.36));
#2944=CARTESIAN_POINT('Origin',(0.,2.84999999999936,8.26));
#2945=CARTESIAN_POINT('',(-1.9,3.59999999999936,8.26));
#2946=CARTESIAN_POINT('Origin',(-1.9,2.84999999999936,8.26));
#2947=CARTESIAN_POINT('',(0.,3.59999999999936,8.26));
#2948=CARTESIAN_POINT('Origin',(0.,2.84999999999936,12.36));
#2949=CARTESIAN_POINT('',(-1.9,3.59999999999936,12.36));
#2950=CARTESIAN_POINT('',(0.,3.59999999999936,12.36));
#2951=CARTESIAN_POINT('Origin',(-1.9,2.84999999999936,12.36));
#2952=CARTESIAN_POINT('Origin',(0.,25.9499999999994,8.26));
#2953=CARTESIAN_POINT('',(1.3,26.6999999999994,8.26));
#2954=CARTESIAN_POINT('',(1.3,25.9499999999994,7.51));
#2955=CARTESIAN_POINT('Origin',(1.3,25.9499999999994,8.26));
#2956=CARTESIAN_POINT('',(0.,25.9499999999994,7.51));
#2957=CARTESIAN_POINT('',(0.,25.9499999999994,7.51));
#2958=CARTESIAN_POINT('',(0.,26.6999999999994,8.26));
#2959=CARTESIAN_POINT('Origin',(0.,25.9499999999994,8.26));
#2960=CARTESIAN_POINT('',(0.,26.6999999999994,8.26));
#2961=CARTESIAN_POINT('Origin',(0.,24.8999999999994,7.51));
#2962=CARTESIAN_POINT('',(0.,26.6999999999994,7.51));
#2963=CARTESIAN_POINT('',(0.,12.4499999999997,7.51));
#2964=CARTESIAN_POINT('',(1.3,25.6499999999994,7.51));
#2965=CARTESIAN_POINT('',(1.3,24.8999999999994,7.51));
#2966=CARTESIAN_POINT('',(-1.9,25.6499999999994,7.51));
#2967=CARTESIAN_POINT('',(0.,25.6499999999994,7.51));
#2968=CARTESIAN_POINT('',(-1.9,26.6999999999994,7.51));
#2969=CARTESIAN_POINT('',(-1.9,24.8999999999994,7.51));
#2970=CARTESIAN_POINT('',(0.,26.6999999999994,7.51));
#2971=CARTESIAN_POINT('Origin',(1.3,25.7999999999994,10.31));
#2972=CARTESIAN_POINT('',(1.3,26.6999999999994,12.36));
#2973=CARTESIAN_POINT('',(1.3,26.6999999999994,16.385));
#2974=CARTESIAN_POINT('',(1.3,25.9499999999994,13.11));
#2975=CARTESIAN_POINT('Origin',(1.3,25.9499999999994,12.36));
#2976=CARTESIAN_POINT('',(1.3,25.6499999999994,13.11));
#2977=CARTESIAN_POINT('',(1.3,24.8999999999994,13.11));
#2978=CARTESIAN_POINT('',(1.3,24.8999999999994,12.36));
#2979=CARTESIAN_POINT('Origin',(1.3,25.6499999999994,12.36));
#2980=CARTESIAN_POINT('',(1.3,24.8999999999994,8.26));
#2981=CARTESIAN_POINT('',(1.3,24.8999999999994,13.11));
#2982=CARTESIAN_POINT('Origin',(1.3,25.6499999999994,8.26));
#2983=CARTESIAN_POINT('Origin',(0.,25.6499999999994,8.26));
#2984=CARTESIAN_POINT('',(-1.9,24.8999999999994,8.26));
#2985=CARTESIAN_POINT('',(0.,24.8999999999994,8.26));
#2986=CARTESIAN_POINT('Origin',(-1.9,25.6499999999994,8.26));
#2987=CARTESIAN_POINT('Origin',(0.,24.8999999999994,13.11));
#2988=CARTESIAN_POINT('',(-1.9,24.8999999999994,12.36));
#2989=CARTESIAN_POINT('',(0.,24.8999999999994,12.36));
#2990=CARTESIAN_POINT('',(-1.9,24.8999999999994,13.11));
#2991=CARTESIAN_POINT('Origin',(0.,25.9499999999994,12.36));
#2992=CARTESIAN_POINT('',(0.,26.6999999999994,12.36));
#2993=CARTESIAN_POINT('',(0.,26.6999999999994,12.36));
#2994=CARTESIAN_POINT('',(0.,25.9499999999994,13.11));
#2995=CARTESIAN_POINT('Origin',(0.,25.9499999999994,12.36));
#2996=CARTESIAN_POINT('',(0.,25.9499999999994,13.11));
#2997=CARTESIAN_POINT('Origin',(0.,26.6999999999994,13.11));
#2998=CARTESIAN_POINT('',(0.,26.6999999999994,13.11));
#2999=CARTESIAN_POINT('',(0.,13.3499999999997,13.11));
#3000=CARTESIAN_POINT('',(-1.9,26.6999999999994,13.11));
#3001=CARTESIAN_POINT('',(0.,26.6999999999994,13.11));
#3002=CARTESIAN_POINT('',(-1.9,25.6499999999994,13.11));
#3003=CARTESIAN_POINT('',(-1.9,24.8999999999994,13.11));
#3004=CARTESIAN_POINT('',(0.,25.6499999999994,13.11));
#3005=CARTESIAN_POINT('Origin',(0.,25.6499999999994,12.36));
#3006=CARTESIAN_POINT('Origin',(-1.9,25.6499999999994,12.36));
#3007=CARTESIAN_POINT('Origin',(-27.,17.205,18.41));
#3008=CARTESIAN_POINT('',(-28.,6.40999999999995,18.41));
#3009=CARTESIAN_POINT('',(-27.,6.40999999999995,17.41));
#3010=CARTESIAN_POINT('Origin',(-27.,6.40999999999997,18.41));
#3011=CARTESIAN_POINT('',(-27.,3.85,17.41));
#3012=CARTESIAN_POINT('',(-27.,17.205,17.41));
#3013=CARTESIAN_POINT('',(-28.,3.85,18.41));
#3014=CARTESIAN_POINT('Origin',(-27.,3.85000000000001,18.41));
#3015=CARTESIAN_POINT('',(-28.,17.205,18.41));
#3016=CARTESIAN_POINT('Origin',(-24.1370129472589,6.40999999999997,0.));
#3017=CARTESIAN_POINT('',(-28.,6.40999999999995,19.62));
#3018=CARTESIAN_POINT('',(-28.,6.40999999999995,0.));
#3019=CARTESIAN_POINT('',(-27.,6.40999999999995,20.62));
#3020=CARTESIAN_POINT('Origin',(-27.,6.40999999999997,19.62));
#3021=CARTESIAN_POINT('',(-22.7227993848858,6.40999999999997,20.62));
#3022=CARTESIAN_POINT('',(-28.,6.40999999999995,20.62));
#3023=CARTESIAN_POINT('',(-24.1370129472589,6.40999999999997,19.62));
#3024=CARTESIAN_POINT('Origin',(-22.7227993848858,6.40999999999998,19.62));
#3025=CARTESIAN_POINT('',(-24.1370129472589,6.40999999999997,18.41));
#3026=CARTESIAN_POINT('',(-24.1370129472589,6.40999999999997,0.));
#3027=CARTESIAN_POINT('',(-22.7227993848858,6.40999999999997,17.41));
#3028=CARTESIAN_POINT('Origin',(-22.7227993848858,6.40999999999998,18.41));
#3029=CARTESIAN_POINT('',(-13.9935064736294,6.41000000000002,17.41));
#3030=CARTESIAN_POINT('Origin',(-28.,6.40999999999995,0.));
#3031=CARTESIAN_POINT('',(-28.,3.85,2.21));
#3032=CARTESIAN_POINT('',(-28.,3.85,5.155));
#3033=CARTESIAN_POINT('',(-28.,6.40999999999995,2.21));
#3034=CARTESIAN_POINT('',(-28.,17.205,2.21));
#3035=CARTESIAN_POINT('',(-28.,6.40999999999995,1.));
#3036=CARTESIAN_POINT('',(-28.,6.40999999999995,0.));
#3037=CARTESIAN_POINT('',(-28.,-3.10862446895044E-15,1.));
#3038=CARTESIAN_POINT('',(-28.,10.205,1.));
#3039=CARTESIAN_POINT('',(-28.,-3.10862446895044E-15,19.62));
#3040=CARTESIAN_POINT('',(-28.,-3.10862446895044E-15,0.));
#3041=CARTESIAN_POINT('',(-28.,10.205,19.62));
#3042=CARTESIAN_POINT('Origin',(-27.,17.205,2.21));
#3043=CARTESIAN_POINT('',(-27.,6.40999999999995,3.21));
#3044=CARTESIAN_POINT('Origin',(-27.,6.40999999999997,2.21));
#3045=CARTESIAN_POINT('',(-27.,3.85,3.21));
#3046=CARTESIAN_POINT('Origin',(-27.,3.85000000000001,2.21));
#3047=CARTESIAN_POINT('',(-27.,17.205,3.21));
#3048=CARTESIAN_POINT('Origin',(-24.1370129472589,6.40999999999997,0.));
#3049=CARTESIAN_POINT('',(-22.7227993848858,6.40999999999998,3.21));
#3050=CARTESIAN_POINT('',(-26.0685064736294,6.40999999999996,3.21));
#3051=CARTESIAN_POINT('',(-24.1370129472589,6.40999999999997,2.21));
#3052=CARTESIAN_POINT('Origin',(-22.7227993848858,6.40999999999998,2.21));
#3053=CARTESIAN_POINT('',(-24.1370129472589,6.40999999999997,1.));
#3054=CARTESIAN_POINT('',(-24.1370129472589,6.40999999999997,0.));
#3055=CARTESIAN_POINT('',(-22.7227993848858,6.40999999999998,0.));
#3056=CARTESIAN_POINT('Origin',(-22.7227993848858,6.40999999999998,1.));
#3057=CARTESIAN_POINT('',(-27.,6.40999999999995,0.));
#3058=CARTESIAN_POINT('',(-28.,6.40999999999995,0.));
#3059=CARTESIAN_POINT('Origin',(-27.,6.40999999999997,1.));
#3060=CARTESIAN_POINT('Origin',(-27.,10.205,1.));
#3061=CARTESIAN_POINT('',(-27.,-2.99760216648792E-15,0.));
#3062=CARTESIAN_POINT('',(-27.,10.205,0.));
#3063=CARTESIAN_POINT('Origin',(-27.,-4.44089209850063E-15,1.));
#3064=CARTESIAN_POINT('Origin',(-27.,10.205,19.62));
#3065=CARTESIAN_POINT('',(-27.,-2.99760216648792E-15,20.62));
#3066=CARTESIAN_POINT('Origin',(-27.,-4.44089209850063E-15,19.62));
#3067=CARTESIAN_POINT('',(-27.,10.205,20.62));
#3068=CARTESIAN_POINT('Origin',(-10.1346464556281,18.9981529292576,2.21));
#3069=CARTESIAN_POINT('',(-6.40999999999998,24.1370129472589,2.21));
#3070=CARTESIAN_POINT('',(-10.8417532368147,19.7052597104441,2.21));
#3071=CARTESIAN_POINT('',(-5.40999999999998,23.7227993848858,3.21));
#3072=CARTESIAN_POINT('',(-10.1346464556281,18.9981529292576,3.21));
#3073=CARTESIAN_POINT('Origin',(-5.40999999999998,23.7227993848858,2.21));
#3074=CARTESIAN_POINT('Origin',(-5.40999999999996,27.9999999999999,2.21));
#3075=CARTESIAN_POINT('',(-5.40999999999996,27.9999999999999,3.21));
#3076=CARTESIAN_POINT('',(-6.40999999999996,27.9999999999999,2.21));
#3077=CARTESIAN_POINT('Origin',(-6.40999999999998,24.1370129472589,0.));
#3078=CARTESIAN_POINT('',(-6.40999999999998,24.1370129472589,1.));
#3079=CARTESIAN_POINT('',(-6.40999999999998,24.1370129472589,0.));
#3080=CARTESIAN_POINT('',(-10.8417532368147,19.7052597104441,1.));
#3081=CARTESIAN_POINT('Origin',(-6.40999999999996,28.,0.));
#3082=CARTESIAN_POINT('',(-6.41,21.,1.));
#3083=CARTESIAN_POINT('Origin',(-5.41,21.,1.));
#3084=CARTESIAN_POINT('',(-5.40999999999998,23.7227993848858,0.));
#3085=CARTESIAN_POINT('',(-5.41,21.,0.));
#3086=CARTESIAN_POINT('Origin',(-5.40999999999998,23.7227993848858,1.));
#3087=CARTESIAN_POINT('Origin',(-10.1346464556282,18.9981529292576,1.));
#3088=CARTESIAN_POINT('',(-10.1346464556282,18.9981529292576,0.));
#3089=CARTESIAN_POINT('Origin',(-5.40999999999996,28.,18.41));
#3090=CARTESIAN_POINT('',(-6.40999999999998,24.1370129472589,18.41));
#3091=CARTESIAN_POINT('',(-6.40999999999996,28.,18.41));
#3092=CARTESIAN_POINT('',(-5.40999999999998,23.7227993848858,17.41));
#3093=CARTESIAN_POINT('',(-5.40999999999996,28.,17.41));
#3094=CARTESIAN_POINT('Origin',(-5.40999999999998,23.7227993848858,18.41));
#3095=CARTESIAN_POINT('Origin',(-4.09714645562818,25.0356529292576,18.41));
#3096=CARTESIAN_POINT('',(-4.09714645562818,25.0356529292576,17.41));
#3097=CARTESIAN_POINT('',(-4.80425323681473,25.7427597104441,18.41));
#3098=CARTESIAN_POINT('Origin',(-6.40999999999996,28.,0.));
#3099=CARTESIAN_POINT('',(-6.40999999999998,24.1370129472589,19.62));
#3100=CARTESIAN_POINT('',(-6.40999999999998,24.1370129472589,0.));
#3101=CARTESIAN_POINT('',(-6.41,21.,19.62));
#3102=CARTESIAN_POINT('Origin',(-6.40999999999998,24.1370129472589,0.));
#3103=CARTESIAN_POINT('',(-10.8417532368147,19.7052597104441,19.62));
#3104=CARTESIAN_POINT('Origin',(-10.1346464556282,18.9981529292576,19.62));
#3105=CARTESIAN_POINT('',(-5.40999999999998,23.7227993848858,20.62));
#3106=CARTESIAN_POINT('',(-10.1346464556282,18.9981529292576,20.62));
#3107=CARTESIAN_POINT('Origin',(-5.40999999999998,23.7227993848858,19.62));
#3108=CARTESIAN_POINT('Origin',(-5.41,21.,19.62));
#3109=CARTESIAN_POINT('',(-5.41,21.,20.62));
#3110=CARTESIAN_POINT('Origin',(-15.1499999999876,-6.25374061047361E-15,
6.95999999999901));
#3111=CARTESIAN_POINT('',(-13.3500000000047,3.8500000000001,6.95999999999604));
#3112=CARTESIAN_POINT('',(-15.1499999999876,3.8500000000001,6.959999999989));
#3113=CARTESIAN_POINT('',(-15.537499999992,3.85,6.95999999999858));
#3114=CARTESIAN_POINT('',(-15.1499999999876,-6.25374061047275E-15,6.959999999989));
#3115=CARTESIAN_POINT('',(-15.1499999999876,-6.25374061047275E-15,6.959999999989));
#3116=CARTESIAN_POINT('',(-13.3500000000047,-5.05469974388958E-15,6.95999999999604));
#3117=CARTESIAN_POINT('',(-21.5749999999977,-2.39530617562852E-15,6.95999999999189));
#3118=CARTESIAN_POINT('',(-13.3500000000047,-5.05469974388958E-15,6.95999999999604));
#3119=CARTESIAN_POINT('Origin',(-15.1499999999876,-6.54383588931204E-15,
10.3099999999937));
#3120=CARTESIAN_POINT('',(-15.1499999999876,3.8500000000001,13.6599999999984));
#3121=CARTESIAN_POINT('Origin',(-15.1499999999876,3.85,10.3099999999937));
#3122=CARTESIAN_POINT('',(-15.1499999999876,-6.83393116815134E-15,13.6599999999984));
#3123=CARTESIAN_POINT('',(-15.1499999999876,-6.83393116815134E-15,13.6599999999984));
#3124=CARTESIAN_POINT('Origin',(-15.1499999999876,-1.14815198963928E-15,
10.3099999999937));
#3125=CARTESIAN_POINT('Origin',(-13.3500000000047,-5.63489030156779E-15,
13.660000000001));
#3126=CARTESIAN_POINT('',(-13.3500000000047,3.8500000000001,13.6600000000055));
#3127=CARTESIAN_POINT('',(-14.6375000000042,3.85,13.6599999999996));
#3128=CARTESIAN_POINT('',(-13.3500000000047,-5.63489030156818E-15,13.6600000000055));
#3129=CARTESIAN_POINT('',(-13.3500000000047,-5.63489030156818E-15,13.6600000000055));
#3130=CARTESIAN_POINT('',(-20.6750000000099,-2.29538610341361E-15,13.6599999999929));
#3131=CARTESIAN_POINT('Origin',(-13.3500000000047,-5.34479502272888E-15,
10.3100000000007));
#3132=CARTESIAN_POINT('Origin',(-13.3500000000047,3.85,10.3100000000007));
#3133=CARTESIAN_POINT('Origin',(-13.3500000000047,-7.48471700778632E-16,
10.3100000000007));
#3134=CARTESIAN_POINT('Origin',(-28.,-3.10862446895044E-15,0.));
#3135=CARTESIAN_POINT('',(0.,0.,0.));
#3136=CARTESIAN_POINT('',(0.,0.,0.));
#3137=CARTESIAN_POINT('',(0.,0.,20.62));
#3138=CARTESIAN_POINT('',(0.,0.,0.));
#3139=CARTESIAN_POINT('',(0.,0.,20.62));
#3140=CARTESIAN_POINT('',(-26.6999999999994,-2.9642954757491E-15,3.755));
#3141=CARTESIAN_POINT('',(-26.6999999999994,-2.90656785113942E-15,16.385));
#3142=CARTESIAN_POINT('',(-26.6999999999994,-2.9642954757491E-15,8.1925));
#3143=CARTESIAN_POINT('',(-21.6999999999994,-1.79634482651427E-15,16.385));
#3144=CARTESIAN_POINT('',(-24.8499999999997,-2.75890421619348E-15,16.385));
#3145=CARTESIAN_POINT('',(-21.6999999999994,-7.44208218188144E-16,4.235));
#3146=CARTESIAN_POINT('',(-21.6999999999994,-2.40918396343652E-15,2.1175));
#3147=CARTESIAN_POINT('',(-26.6999999999994,-1.8544312428133E-15,4.235));
#3148=CARTESIAN_POINT('',(-27.3499999999997,-3.03645997234977E-15,4.235));
#3149=CARTESIAN_POINT('',(-26.6999999999994,-2.9642954757491E-15,3.755));
#3150=CARTESIAN_POINT('',(-1.79999999999937,-1.99840144432458E-16,6.555));
#3151=CARTESIAN_POINT('',(-1.79999999999936,3.67447941981998E-15,4.235));
#3152=CARTESIAN_POINT('',(-1.79999999999937,-1.99840144432457E-16,2.1175));
#3153=CARTESIAN_POINT('',(-6.79999999999936,2.56425639519482E-15,4.235));
#3154=CARTESIAN_POINT('',(-17.3999999999997,-1.93178806284774E-15,4.235));
#3155=CARTESIAN_POINT('',(-6.79999999999936,1.5121197868687E-15,16.385));
#3156=CARTESIAN_POINT('',(-6.79999999999936,-7.54951656745036E-16,8.1925));
#3157=CARTESIAN_POINT('',(-1.79999999999937,2.62234281149386E-15,16.385));
#3158=CARTESIAN_POINT('',(-14.8999999999997,-1.65423230669145E-15,16.385));
#3159=CARTESIAN_POINT('',(-1.79999999999937,-1.99840144432458E-16,6.555));
#3160=CARTESIAN_POINT('Origin',(-15.9250000000001,3.85,10.31));
#3161=CARTESIAN_POINT('',(-3.85000000000011,3.85,17.41));
#3162=CARTESIAN_POINT('',(-9.88750000000008,3.85,17.41));
#3163=CARTESIAN_POINT('',(-3.85000000000011,3.85,3.21));
#3164=CARTESIAN_POINT('',(-3.85000000000011,3.85,6.76));
#3165=CARTESIAN_POINT('',(-21.9625,3.85,3.21));
#3166=CARTESIAN_POINT('Origin',(-26.6999999999994,-2.13803185123042E-15,
7.51));
#3167=CARTESIAN_POINT('Origin',(-1.79999999999937,2.90594341991098E-15,
13.11));
#3168=CARTESIAN_POINT('Origin',(-4.29999999999937,1.9,10.31));
#3169=CARTESIAN_POINT('',(-1.9,1.9,4.235));
#3170=CARTESIAN_POINT('',(-1.9,1.9,10.31));
#3171=CARTESIAN_POINT('',(-1.9,1.9,16.385));
#3172=CARTESIAN_POINT('',(-1.9,1.9,10.31));
#3173=CARTESIAN_POINT('',(-6.79999999999936,1.9,16.385));
#3174=CARTESIAN_POINT('',(-1.79999999999937,1.9,16.385));
#3175=CARTESIAN_POINT('',(-6.79999999999936,1.9,4.235));
#3176=CARTESIAN_POINT('',(-6.79999999999936,1.9,16.385));
#3177=CARTESIAN_POINT('',(-6.79999999999936,1.9,4.235));
#3178=CARTESIAN_POINT('Origin',(-1.79999999999937,2.90594341991098E-15,
13.11));
#3179=CARTESIAN_POINT('',(-1.79999999999937,1.79999999999936,16.385));
#3180=CARTESIAN_POINT('',(-1.79999999999937,1.79999999999936,13.11));
#3181=CARTESIAN_POINT('',(-1.79999999999937,2.62234281149386E-15,16.385));
#3182=CARTESIAN_POINT('Origin',(-1.79999999999936,3.67447941981998E-15,
4.235));
#3183=CARTESIAN_POINT('',(-1.79999999999937,1.79999999999936,4.235));
#3184=CARTESIAN_POINT('',(-1.79999999999937,1.79999999999936,4.235));
#3185=CARTESIAN_POINT('',(-1.79999999999936,3.67447941981998E-15,4.235));
#3186=CARTESIAN_POINT('Origin',(-6.79999999999936,1.5121197868687E-15,16.385));
#3187=CARTESIAN_POINT('',(-6.79999999999936,2.56425639519482E-15,4.235));
#3188=CARTESIAN_POINT('',(-6.79999999999936,1.5121197868687E-15,16.385));
#3189=CARTESIAN_POINT('Origin',(-26.6999999999994,-2.90656785113942E-15,
16.385));
#3190=CARTESIAN_POINT('',(-26.6999999999994,1.9,16.385));
#3191=CARTESIAN_POINT('',(-26.6999999999994,1.9,16.385));
#3192=CARTESIAN_POINT('',(-26.6999999999994,-2.90656785113942E-15,16.385));
#3193=CARTESIAN_POINT('Origin',(-21.6999999999994,-1.79634482651427E-15,
16.385));
#3194=CARTESIAN_POINT('',(-21.6999999999994,1.9,16.385));
#3195=CARTESIAN_POINT('',(-21.6999999999994,1.9,16.385));
#3196=CARTESIAN_POINT('',(-21.6999999999994,-1.79634482651427E-15,16.385));
#3197=CARTESIAN_POINT('Origin',(-21.6999999999994,-7.44208218188144E-16,
4.235));
#3198=CARTESIAN_POINT('',(-21.6999999999994,1.9,4.235));
#3199=CARTESIAN_POINT('',(-21.6999999999994,1.9,4.235));
#3200=CARTESIAN_POINT('',(-21.6999999999994,-7.44208218188144E-16,4.235));
#3201=CARTESIAN_POINT('Origin',(-26.6999999999994,-1.8544312428133E-15,
4.235));
#3202=CARTESIAN_POINT('',(-26.6999999999994,1.9,4.235));
#3203=CARTESIAN_POINT('',(-26.6999999999994,1.9,4.235));
#3204=CARTESIAN_POINT('',(-26.6999999999994,-1.8544312428133E-15,4.235));
#3205=CARTESIAN_POINT('Origin',(-26.6999999999994,-2.13803185123042E-15,
7.51));
#3206=CARTESIAN_POINT('',(-26.6999999999994,1.9,16.385));
#3207=CARTESIAN_POINT('Origin',(-24.1999999999994,1.9,10.31));
#3208=CARTESIAN_POINT('Origin',(0.,6.79999999999936,4.235));
#3209=CARTESIAN_POINT('',(0.,1.79999999999936,4.235));
#3210=CARTESIAN_POINT('',(0.,1.79999999999936,4.235));
#3211=CARTESIAN_POINT('',(0.,6.79999999999936,4.235));
#3212=CARTESIAN_POINT('',(0.,3.39999999999968,4.235));
#3213=CARTESIAN_POINT('',(-1.9,6.79999999999936,4.235));
#3214=CARTESIAN_POINT('',(0.,6.79999999999936,4.235));
#3215=CARTESIAN_POINT('',(-1.9,6.79999999999936,4.235));
#3216=CARTESIAN_POINT('Origin',(-1.9,4.29999999999936,10.31));
#3217=CARTESIAN_POINT('',(-1.9,6.79999999999936,16.385));
#3218=CARTESIAN_POINT('',(-1.9,6.79999999999936,16.385));
#3219=CARTESIAN_POINT('',(-1.9,1.79999999999936,16.385));
#3220=CARTESIAN_POINT('',(-1.9,3.59999999999936,7.51));
#3221=CARTESIAN_POINT('Origin',(0.,1.79999999999936,13.11));
#3222=CARTESIAN_POINT('',(0.,1.79999999999936,16.385));
#3223=CARTESIAN_POINT('',(0.,1.79999999999936,16.385));
#3224=CARTESIAN_POINT('',(0.,1.79999999999936,6.555));
#3225=CARTESIAN_POINT('Origin',(0.,26.6999999999994,7.51));
#3226=CARTESIAN_POINT('',(0.,26.6999999999994,3.755));
#3227=CARTESIAN_POINT('Origin',(0.,1.79999999999936,4.235));
#3228=CARTESIAN_POINT('',(0.,1.79999999999936,2.1175));
#3229=CARTESIAN_POINT('Origin',(0.,6.79999999999936,16.385));
#3230=CARTESIAN_POINT('',(0.,6.79999999999936,16.385));
#3231=CARTESIAN_POINT('',(0.,6.79999999999936,8.1925));
#3232=CARTESIAN_POINT('',(0.,6.79999999999936,16.385));
#3233=CARTESIAN_POINT('Origin',(0.,1.79999999999936,16.385));
#3234=CARTESIAN_POINT('',(0.,0.899999999999682,16.385));
#3235=CARTESIAN_POINT('Origin',(0.,3.59999999999936,7.51));
#3236=CARTESIAN_POINT('Origin',(0.,26.6999999999994,16.385));
#3237=CARTESIAN_POINT('',(0.,26.6999999999994,16.385));
#3238=CARTESIAN_POINT('',(0.,26.6999999999994,8.1925));
#3239=CARTESIAN_POINT('',(-1.9,26.6999999999994,16.385));
#3240=CARTESIAN_POINT('',(0.,26.6999999999994,16.385));
#3241=CARTESIAN_POINT('',(-1.9,26.6999999999994,16.385));
#3242=CARTESIAN_POINT('Origin',(0.,21.6999999999994,16.385));
#3243=CARTESIAN_POINT('',(0.,21.6999999999994,16.385));
#3244=CARTESIAN_POINT('',(0.,10.8499999999997,16.385));
#3245=CARTESIAN_POINT('',(-1.9,21.6999999999994,16.385));
#3246=CARTESIAN_POINT('',(0.,21.6999999999994,16.385));
#3247=CARTESIAN_POINT('',(-1.9,21.6999999999994,16.385));
#3248=CARTESIAN_POINT('Origin',(0.,21.6999999999994,4.235));
#3249=CARTESIAN_POINT('',(0.,21.6999999999994,4.235));
#3250=CARTESIAN_POINT('',(0.,21.6999999999994,2.1175));
#3251=CARTESIAN_POINT('',(-1.9,21.6999999999994,4.235));
#3252=CARTESIAN_POINT('',(0.,21.6999999999994,4.235));
#3253=CARTESIAN_POINT('',(-1.9,21.6999999999994,4.235));
#3254=CARTESIAN_POINT('Origin',(0.,26.6999999999994,4.235));
#3255=CARTESIAN_POINT('',(0.,26.6999999999994,4.235));
#3256=CARTESIAN_POINT('',(0.,13.3499999999997,4.235));
#3257=CARTESIAN_POINT('',(-1.9,26.6999999999994,4.235));
#3258=CARTESIAN_POINT('',(0.,26.6999999999994,4.235));
#3259=CARTESIAN_POINT('',(-1.9,26.6999999999994,4.235));
#3260=CARTESIAN_POINT('Origin',(0.,26.6999999999994,7.51));
#3261=CARTESIAN_POINT('',(0.,26.6999999999994,3.755));
#3262=CARTESIAN_POINT('',(-1.9,26.6999999999994,16.385));
#3263=CARTESIAN_POINT('Origin',(-1.9,24.1999999999994,10.31));
#3264=CARTESIAN_POINT('Origin',(0.,15.1499999999876,6.95999999999901));
#3265=CARTESIAN_POINT('',(-3.85000000000011,13.3500000000047,6.95999999999604));
#3266=CARTESIAN_POINT('',(-3.85000000000011,15.1499999999876,6.959999999989));
#3267=CARTESIAN_POINT('',(-3.85000000000011,21.5749999999959,6.95999999999189));
#3268=CARTESIAN_POINT('',(0.,13.3500000000047,6.95999999999604));
#3269=CARTESIAN_POINT('',(0.,13.3500000000047,6.95999999999604));
#3270=CARTESIAN_POINT('',(0.,15.1499999999876,6.959999999989));
#3271=CARTESIAN_POINT('',(0.,7.57499999999766,6.9600000000074));
#3272=CARTESIAN_POINT('',(0.,15.1499999999876,6.959999999989));
#3273=CARTESIAN_POINT('Origin',(0.,15.1499999999876,10.3099999999937));
#3274=CARTESIAN_POINT('',(-3.85000000000011,15.1499999999876,13.6599999999984));
#3275=CARTESIAN_POINT('Origin',(-3.85000000000011,15.1499999999876,10.3099999999937));
#3276=CARTESIAN_POINT('',(0.,15.1499999999876,13.6599999999984));
#3277=CARTESIAN_POINT('Origin',(0.,15.1499999999876,10.3099999999937));
#3278=CARTESIAN_POINT('',(0.,15.1499999999876,13.6599999999984));
#3279=CARTESIAN_POINT('Origin',(0.,13.3500000000047,13.660000000001));
#3280=CARTESIAN_POINT('',(-3.85000000000011,13.3500000000047,13.6600000000055));
#3281=CARTESIAN_POINT('',(-3.85000000000011,20.6750000000082,13.6599999999929));
#3282=CARTESIAN_POINT('',(0.,13.3500000000047,13.6600000000055));
#3283=CARTESIAN_POINT('',(0.,6.67500000000993,13.6600000000084));
#3284=CARTESIAN_POINT('',(0.,13.3500000000047,13.6600000000055));
#3285=CARTESIAN_POINT('Origin',(0.,13.3500000000047,10.3100000000008));
#3286=CARTESIAN_POINT('Origin',(-3.85000000000011,13.3500000000047,10.3100000000008));
#3287=CARTESIAN_POINT('Origin',(0.,13.3500000000047,10.3100000000008));
#3288=CARTESIAN_POINT('Origin',(-3.85000000000011,28.,17.41));
#3289=CARTESIAN_POINT('',(-3.85000000000011,28.,17.41));
#3290=CARTESIAN_POINT('Origin',(-3.85000000000011,28.,3.21));
#3291=CARTESIAN_POINT('',(-3.85000000000011,28.,3.21));
#3292=CARTESIAN_POINT('Origin',(-28.,28.,3.21));
#3293=CARTESIAN_POINT('Origin',(0.,0.,0.));
#3294=CARTESIAN_POINT('',(0.,0.,0.));
#3295=CARTESIAN_POINT('',(0.,0.,20.62));
#3296=CARTESIAN_POINT('Origin',(-14.,14.,20.62));
#3297=CARTESIAN_POINT('Origin',(-14.,14.,0.));
#3298=UNCERTAINTY_MEASURE_WITH_UNIT(LENGTH_MEASURE(0.01),#3302,
'DISTANCE_ACCURACY_VALUE',
'Maximum model space distance between geometric entities at asserted c
onnectivities');
#3299=UNCERTAINTY_MEASURE_WITH_UNIT(LENGTH_MEASURE(0.01),#3302,
'DISTANCE_ACCURACY_VALUE',
'Maximum model space distance between geometric entities at asserted c
onnectivities');
#3300=(
GEOMETRIC_REPRESENTATION_CONTEXT(3)
GLOBAL_UNCERTAINTY_ASSIGNED_CONTEXT((#3298))
GLOBAL_UNIT_ASSIGNED_CONTEXT((#3302,#3304,#3305))
REPRESENTATION_CONTEXT('','3D')
);
#3301=(
GEOMETRIC_REPRESENTATION_CONTEXT(3)
GLOBAL_UNCERTAINTY_ASSIGNED_CONTEXT((#3299))
GLOBAL_UNIT_ASSIGNED_CONTEXT((#3302,#3304,#3305))
REPRESENTATION_CONTEXT('','3D')
);
#3302=(
LENGTH_UNIT()
NAMED_UNIT(*)
SI_UNIT(.MILLI.,.METRE.)
);
#3303=(
LENGTH_UNIT()
NAMED_UNIT(*)
SI_UNIT($,.METRE.)
);
#3304=(
NAMED_UNIT(*)
PLANE_ANGLE_UNIT()
SI_UNIT($,.RADIAN.)
);
#3305=(
NAMED_UNIT(*)
SI_UNIT($,.STERADIAN.)
SOLID_ANGLE_UNIT()
);
#3306=SHAPE_DEFINITION_REPRESENTATION(#3307,#3308);
#3307=PRODUCT_DEFINITION_SHAPE('',$,#3310);
#3308=SHAPE_REPRESENTATION('',(#1992),#3300);
#3309=PRODUCT_DEFINITION_CONTEXT('part definition',#3314,'design');
#3310=PRODUCT_DEFINITION('90_Deg_Profile','90_Deg_Profile',#3311,#3309);
#3311=PRODUCT_DEFINITION_FORMATION('',$,#3316);
#3312=PRODUCT_RELATED_PRODUCT_CATEGORY('90_Deg_Profile',
'90_Deg_Profile',(#3316));
#3313=APPLICATION_PROTOCOL_DEFINITION('international standard',
'automotive_design',2009,#3314);
#3314=APPLICATION_CONTEXT(
'Core Data for Automotive Mechanical Design Process');
#3315=PRODUCT_CONTEXT('part definition',#3314,'mechanical');
#3316=PRODUCT('90_Deg_Profile','90_Deg_Profile',$,(#3315));
#3317=PRESENTATION_STYLE_ASSIGNMENT((#3319));
#3318=PRESENTATION_STYLE_ASSIGNMENT((#3320));
#3319=SURFACE_STYLE_USAGE(.BOTH.,#3321);
#3320=SURFACE_STYLE_USAGE(.BOTH.,#3322);
#3321=SURFACE_SIDE_STYLE('',(#3323));
#3322=SURFACE_SIDE_STYLE('',(#3324));
#3323=SURFACE_STYLE_FILL_AREA(#3325);
#3324=SURFACE_STYLE_FILL_AREA(#3326);
#3325=FILL_AREA_STYLE('Steel - Satin',(#3327));
#3326=FILL_AREA_STYLE('Aluminum - Cast',(#3328));
#3327=FILL_AREA_STYLE_COLOUR('Steel - Satin',#3329);
#3328=FILL_AREA_STYLE_COLOUR('Aluminum - Cast',#3330);
#3329=COLOUR_RGB('Steel - Satin',0.627450980392157,0.627450980392157,0.627450980392157);
#3330=COLOUR_RGB('Aluminum - Cast',0.96078431372549,0.96078431372549,0.964705882352941);
ENDSEC;
END-ISO-10303-21;
