ISO-10303-21;
HEADER;
FILE_DESCRIPTION (( 'STEP AP214' ),
    '1' );
FILE_NAME ('RMD-7015.step',
    '2024-01-23T08:25:55',
    ( '' ),
    ( '' ),
    'SwSTEP 2.0',
    'SolidWorks 2020',
    '' );
FILE_SCHEMA (( 'AUTOMOTIVE_DESIGN' ));
ENDSEC;

DATA;
#1 = VECTOR ( 'NONE', #8232, 1000.000000000000114 ) ;
#2 = DIRECTION ( 'NONE',  ( -1.000000000000000000, 2.161476583036224152E-16, 5.473344771987640402E-16 ) ) ;
#3 = ORIENTED_EDGE ( 'NONE', *, *, #5137, .F. ) ;
#4 = DIRECTION ( 'NONE',  ( -1.000000000000000000, -0.000000000000000000, 0.000000000000000000 ) ) ;
#5 = CARTESIAN_POINT ( 'NONE',  ( -1.000000000000047296, -34.50000000000000000, 4.863143134295295370E-15 ) ) ;
#6 = DIRECTION ( 'NONE',  ( 0.000000000000000000, -1.000000000000000000, 0.000000000000000000 ) ) ;
#7 = AXIS2_PLACEMENT_3D ( 'NONE', #7909, #874, #3172 ) ;
#8 = ORIENTED_EDGE ( 'NONE', *, *, #2474, .T. ) ;
#9 = DIRECTION ( 'NONE',  ( -1.000000000000000000, 2.161476583036224152E-16, 5.473344771987640402E-16 ) ) ;
#10 = EDGE_LOOP ( 'NONE', ( #4403, #2163, #6761, #1495 ) ) ;
#11 = ORIENTED_EDGE ( 'NONE', *, *, #4513, .T. ) ;
#12 = CARTESIAN_POINT ( 'NONE',  ( -32.39999999999998437, 31.79094230992347292, 3.950000000000114753 ) ) ;
#13 = EDGE_CURVE ( 'NONE', #3323, #2663, #5516, .T. ) ;
#14 = CARTESIAN_POINT ( 'NONE',  ( -33.70000000000000995, -32.88033821089916842, 2.310652217682214182 ) ) ;
#15 = ORIENTED_EDGE ( 'NONE', *, *, #6150, .T. ) ;
#16 = CARTESIAN_POINT ( 'NONE',  ( -22.80000000000000782, -31.70000000000002061, 6.411973689844039266E-14 ) ) ;
#17 = CARTESIAN_POINT ( 'NONE',  ( -3.999999999999982681, 17.50000000000097700, 22.99999999999998579 ) ) ;
#18 = ORIENTED_EDGE ( 'NONE', *, *, #6502, .T. ) ;
#19 = CARTESIAN_POINT ( 'NONE',  ( -32.90279156301093622, 31.91190581003339233, 4.158019728601019871 ) ) ;
#20 = ORIENTED_EDGE ( 'NONE', *, *, #3966, .F. ) ;
#21 = CIRCLE ( 'NONE', #1615, 1.000000000000000000 ) ;
#22 = VERTEX_POINT ( 'NONE', #9396 ) ;
#23 = FACE_OUTER_BOUND ( 'NONE', #1609, .T. ) ;
#24 = EDGE_CURVE ( 'NONE', #1959, #7366, #7011, .T. ) ;
#25 = EDGE_CURVE ( 'NONE', #6876, #1762, #3601, .T. ) ;
#26 = ADVANCED_FACE ( 'NONE', ( #7059 ), #6948, .F. ) ;
#27 = FACE_OUTER_BOUND ( 'NONE', #5608, .T. ) ;
#28 = ORIENTED_EDGE ( 'NONE', *, *, #5554, .T. ) ;
#29 = CARTESIAN_POINT ( 'NONE',  ( -32.89999972033223941, -3.509548255350269930, 32.61223389307270537 ) ) ;
#30 = VERTEX_POINT ( 'NONE', #1007 ) ;
#31 = VECTOR ( 'NONE', #268, 1000.000000000000000 ) ;
#32 = PLANE ( 'NONE',  #9379 ) ;
#33 = DIRECTION ( 'NONE',  ( 0.000000000000000000, -1.000000000000000000, 0.000000000000000000 ) ) ;
#34 = DIRECTION ( 'NONE',  ( 0.7071067811865376918, 0.000000000000000000, -0.7071067811865574537 ) ) ;
#35 = EDGE_CURVE ( 'NONE', #2526, #3750, #6157, .T. ) ;
#36 = EDGE_CURVE ( 'NONE', #5913, #8214, #7423, .T. ) ;
#37 = DIRECTION ( 'NONE',  ( 1.000000000000000000, 1.175656832681595541E-18, -2.479139147737537908E-18 ) ) ;
#38 = CARTESIAN_POINT ( 'NONE',  ( -25.19999999999998508, -16.89121196084347432, 13.28949793360009757 ) ) ;
#39 = AXIS2_PLACEMENT_3D ( 'NONE', #3419, #7318, #1169 ) ;
#40 = DIRECTION ( 'NONE',  ( 1.000000000000000000, -4.440892098500626162E-16, -2.121142188857532135E-16 ) ) ;
#41 = PLANE ( 'NONE',  #4961 ) ;
#42 = DIRECTION ( 'NONE',  ( 0.000000000000000000, 1.598721155460225418E-14, 1.000000000000000000 ) ) ;
#43 = PLANE ( 'NONE',  #3510 ) ;
#44 = CARTESIAN_POINT ( 'NONE',  ( -33.89999999999997016, 15.00000000000098943, 14.99999999999992895 ) ) ;
#45 = CARTESIAN_POINT ( 'NONE',  ( -32.89999998694862882, -26.52424745122012695, -19.29544907721735569 ) ) ;
#46 = ORIENTED_EDGE ( 'NONE', *, *, #6764, .F. ) ;
#47 = AXIS2_PLACEMENT_3D ( 'NONE', #1509, #3822, #6716 ) ;
#48 = EDGE_CURVE ( 'NONE', #9570, #1929, #105, .T. ) ;
#49 = ORIENTED_EDGE ( 'NONE', *, *, #6026, .F. ) ;
#50 = DIRECTION ( 'NONE',  ( -1.000000000000000000, 4.440892098500626162E-16, 2.121142188857532135E-16 ) ) ;
#51 = ORIENTED_EDGE ( 'NONE', *, *, #9671, .T. ) ;
#52 = PLANE ( 'NONE',  #5088 ) ;
#53 = CARTESIAN_POINT ( 'NONE',  ( 4.516409136775488329E-14, 33.50000000000001421, 4.003525752472681127E-15 ) ) ;
#54 = CARTESIAN_POINT ( 'NONE',  ( -29.29999999999999005, 19.23499999999994259, -17.98500000000005983 ) ) ;
#55 = CIRCLE ( 'NONE', #5810, 0.7999999999999917177 ) ;
#56 = VERTEX_POINT ( 'NONE', #6216 ) ;
#57 = CIRCLE ( 'NONE', #5653, 1.249999999969406916 ) ;
#58 = DIRECTION ( 'NONE',  ( 0.000000000000000000, -1.000000000000000000, 0.000000000000000000 ) ) ;
#59 = VERTEX_POINT ( 'NONE', #3297 ) ;
#60 = ORIENTED_EDGE ( 'NONE', *, *, #6275, .T. ) ;
#61 = CARTESIAN_POINT ( 'NONE',  ( -32.89999999999998437, -32.42329186796156648, -4.957300773028493701 ) ) ;
#62 = CARTESIAN_POINT ( 'NONE',  ( -33.69999999999999574, 32.78040843101910440, -2.115027806509214958 ) ) ;
#63 = VERTEX_POINT ( 'NONE', #6354 ) ;
#64 = DIRECTION ( 'NONE',  ( 1.000000000000000000, -4.440892098500626162E-16, -2.121142188857532135E-16 ) ) ;
#65 = FACE_OUTER_BOUND ( 'NONE', #7314, .T. ) ;
#66 = ORIENTED_EDGE ( 'NONE', *, *, #7591, .F. ) ;
#67 = DIRECTION ( 'NONE',  ( 1.000000000000000000, -4.440892098500626162E-16, -2.121142188857532135E-16 ) ) ;
#68 = ADVANCED_FACE ( 'NONE', ( #2546 ), #1100, .F. ) ;
#69 = ORIENTED_EDGE ( 'NONE', *, *, #1980, .T. ) ;
#70 = ORIENTED_EDGE ( 'NONE', *, *, #5664, .T. ) ;
#71 = DIRECTION ( 'NONE',  ( 1.000000000000000000, -2.161476583036237957E-16, -5.473344771987708442E-16 ) ) ;
#72 = CARTESIAN_POINT ( 'NONE',  ( -33.32499999999999574, 30.44900076409683365, 2.448979565404543202 ) ) ;
#73 = VERTEX_POINT ( 'NONE', #8887 ) ;
#74 = CARTESIAN_POINT ( 'NONE',  ( -32.89999994979700659, -11.19177686934123805, 30.83410560726744620 ) ) ;
#75 = ORIENTED_EDGE ( 'NONE', *, *, #6816, .T. ) ;
#76 = DIRECTION ( 'NONE',  ( -1.000000000000000000, -1.175656832681595541E-18, 2.479139147737537908E-18 ) ) ;
#77 = CARTESIAN_POINT ( 'NONE',  ( -32.89999999999999147, 32.38851465816168940, -4.776518664055338093 ) ) ;
#78 = EDGE_CURVE ( 'NONE', #6856, #968, #3927, .T. ) ;
#79 = ADVANCED_FACE ( 'NONE', ( #449, #5758 ), #2044, .T. ) ;
#80 = DIRECTION ( 'NONE',  ( -1.000000000000000000, 2.161476583036237957E-16, 5.473344771987708442E-16 ) ) ;
#81 = DIRECTION ( 'NONE',  ( 0.000000000000000000, -1.000000000000000000, 0.000000000000000000 ) ) ;
#82 = ORIENTED_EDGE ( 'NONE', *, *, #4812, .F. ) ;
#83 = CARTESIAN_POINT ( 'NONE',  ( -32.89999999999998437, -31.79094230992149406, -1.344410693882025498E-13 ) ) ;
#84 = CYLINDRICAL_SURFACE ( 'NONE', #7613, 2.750000000000001776 ) ;
#85 = CARTESIAN_POINT ( 'NONE',  ( -3.500000000000019540, -12.49999999999999467, 4.228060447738777384E-16 ) ) ;
#86 = CARTESIAN_POINT ( 'NONE',  ( -30.90000000000000213, -9.188524590163925865, -28.03249927951398845 ) ) ;
#87 =( BOUNDED_SURFACE ( )  B_SPLINE_SURFACE ( 3, 3, ( 
 ( #656, #3716, #2300, #2145 ),
 ( #5365, #2197, #5215, #4460 ),
 ( #8394, #6756, #6009, #9044 ),
 ( #2349, #4763, #959, #6954 ) ),
 .UNSPECIFIED., .F., .F., .T. ) 
 B_SPLINE_SURFACE_WITH_KNOTS ( ( 4, 4 ),
 ( 4, 4 ),
 ( 0.000000000000000000, 1.000000000000000000 ),
 ( 0.000000000000000000, 1.000000000000000000 ),
 .UNSPECIFIED. ) 
 GEOMETRIC_REPRESENTATION_ITEM ( )  RATIONAL_B_SPLINE_SURFACE ( (
 ( 1.000000000000000000, 0.3333333333333334259, 0.3333333333333334259, 1.000000000000000000),
 ( 0.8047378541243646044, 0.2682459513747882940, 0.2682459513747882940, 0.8047378541243646044),
 ( 0.8047378541243646044, 0.2682459513747882940, 0.2682459513747882940, 0.8047378541243646044),
 ( 1.000000000000000000, 0.3333333333333334259, 0.3333333333333334259, 1.000000000000000000) ) ) 
 REPRESENTATION_ITEM ( '' )  SURFACE ( )  );
#88 = DIRECTION ( 'NONE',  ( 1.000000000000000000, -4.440892098500626162E-16, -2.121142188857532135E-16 ) ) ;
#89 = EDGE_CURVE ( 'NONE', #6359, #4880, #9468, .T. ) ;
#90 = EDGE_CURVE ( 'NONE', #8309, #6243, #9151, .T. ) ;
#91 = DIRECTION ( 'NONE',  ( 1.348081413631192369E-15, 1.000000000000000000, 0.000000000000000000 ) ) ;
#92 = DIRECTION ( 'NONE',  ( 1.000000000000000000, -1.348081413631192369E-15, -3.190558386184555325E-16 ) ) ;
#93 = CARTESIAN_POINT ( 'NONE',  ( -32.90000000000005542, -31.12352320741772616, -10.35224174266407360 ) ) ;
#94 = ORIENTED_EDGE ( 'NONE', *, *, #1730, .T. ) ;
#95 = VERTEX_POINT ( 'NONE', #6496 ) ;
#96 = DIRECTION ( 'NONE',  ( -1.000000000000000000, -1.175656832681595541E-18, 2.479139147737537908E-18 ) ) ;
#97 = ORIENTED_EDGE ( 'NONE', *, *, #9622, .T. ) ;
#98 = CARTESIAN_POINT ( 'NONE',  ( -1.500000000000001332, 2.022122120446816953E-15, 4.785837579276882292E-16 ) ) ;
#99 = CARTESIAN_POINT ( 'NONE',  ( -29.29999999999997939, 17.72403791909879445, -20.90202088431346539 ) ) ;
#100 = LINE ( 'NONE', #8594, #1112 ) ;
#101 = AXIS2_PLACEMENT_3D ( 'NONE', #9743, #3748, #2935 ) ;
#102 = EDGE_CURVE ( 'NONE', #8133, #5662, #3557, .T. ) ;
#103 = CARTESIAN_POINT ( 'NONE',  ( -29.29999999999998295, 9.728927654278865694E-15, 1.535206426618293050E-14 ) ) ;
#104 = ADVANCED_FACE ( 'NONE', ( #8089 ), #6643, .F. ) ;
#105 = LINE ( 'NONE', #249, #8218 ) ;
#106 = CARTESIAN_POINT ( 'NONE',  ( -32.89999999999997726, -1.199999999998879074, -32.91013886335057492 ) ) ;
#107 = ORIENTED_EDGE ( 'NONE', *, *, #7167, .F. ) ;
#108 = EDGE_LOOP ( 'NONE', ( #4565, #1079, #5442, #5035 ) ) ;
#109 = DIRECTION ( 'NONE',  ( -1.000000000000000000, -1.175656832681595541E-18, 2.479139147737537908E-18 ) ) ;
#110 = CARTESIAN_POINT ( 'NONE',  ( -22.80000000001791705, -31.70000000000002061, 6.418476861114186249E-14 ) ) ;
#111 = ORIENTED_EDGE ( 'NONE', *, *, #6878, .T. ) ;
#112 = CARTESIAN_POINT ( 'NONE',  ( -30.70000000000001350, -33.20000000000001705, 6.579543922768655202E-14 ) ) ;
#113 = VECTOR ( 'NONE', #6772, 1000.000000000000114 ) ;
#114 = CARTESIAN_POINT ( 'NONE',  ( 70.33232511283229371, 32.99999999999990763, -2.243993897086055271E-14 ) ) ;
#115 = ORIENTED_EDGE ( 'NONE', *, *, #9608, .F. ) ;
#116 = CARTESIAN_POINT ( 'NONE',  ( -0.9999999999763447001, 6.349999999997637090, 7.976395965422791322E-16 ) ) ;
#117 = ORIENTED_EDGE ( 'NONE', *, *, #6732, .F. ) ;
#118 = ORIENTED_EDGE ( 'NONE', *, *, #2134, .T. ) ;
#119 = DIRECTION ( 'NONE',  ( 0.000000000000000000, 1.000000000000000000, 0.000000000000000000 ) ) ;
#120 = AXIS2_PLACEMENT_3D ( 'NONE', #8552, #4674, #1665 ) ;
#121 = VECTOR ( 'NONE', #3387, 1000.000000000000000 ) ;
#122 = CARTESIAN_POINT ( 'NONE',  ( -30.90000000000000213, -8.499999999999989342, -28.98275349237886545 ) ) ;
#123 = ORIENTED_EDGE ( 'NONE', *, *, #4977, .T. ) ;
#124 = PLANE ( 'NONE',  #2898 ) ;
#125 = EDGE_LOOP ( 'NONE', ( #6481, #1363 ) ) ;
#126 = CONICAL_SURFACE ( 'NONE', #5879, 1.500000000003950174, 0.7853981636726827809 ) ;
#127 = DIRECTION ( 'NONE',  ( -1.000000000000000000, 4.440892098500626162E-16, 2.121142188857532135E-16 ) ) ;
#128 = CARTESIAN_POINT ( 'NONE',  ( -33.39999999998349978, 33.87364542784923316, 2.949999999986390176 ) ) ;
#129 = AXIS2_PLACEMENT_3D ( 'NONE', #8299, #7548, #4510 ) ;
#130 = CARTESIAN_POINT ( 'NONE',  ( -3.999999999999989786, 9.500000000000005329, 1.803579291170769515E-15 ) ) ;
#131 = AXIS2_PLACEMENT_3D ( 'NONE', #6119, #6067, #9107 ) ;
#132 = VECTOR ( 'NONE', #1497, 1000.000000000000000 ) ;
#133 = AXIS2_PLACEMENT_3D ( 'NONE', #3855, #6745, #1444 ) ;
#134 = ORIENTED_EDGE ( 'NONE', *, *, #8211, .F. ) ;
#135 = FACE_OUTER_BOUND ( 'NONE', #4014, .T. ) ;
#136 = EDGE_CURVE ( 'NONE', #3922, #7522, #57, .T. ) ;
#137 = AXIS2_PLACEMENT_3D ( 'NONE', #1600, #4015, #2490 ) ;
#138 = EDGE_CURVE ( 'NONE', #5720, #5366, #3402, .T. ) ;
#139 = CARTESIAN_POINT ( 'NONE',  ( -22.89999999999999147, 9.989894952270185060E-13, -34.50000000000001421 ) ) ;
#140 = CARTESIAN_POINT ( 'NONE',  ( -32.89999999999999147, -25.13245766750840104, 21.08012910500277570 ) ) ;
#141 = DIRECTION ( 'NONE',  ( 1.261617073437677062E-15, 0.000000000000000000, 1.000000000000000000 ) ) ;
#142 = CARTESIAN_POINT ( 'NONE',  ( 4.478511840047624419E-14, 34.50000000000000000, 1.915134717478379255E-15 ) ) ;
#143 = CARTESIAN_POINT ( 'NONE',  ( -33.81307907500407595, -33.92074791262380273, 3.363079075003945206 ) ) ;
#144 = CONICAL_SURFACE ( 'NONE', #3502, 1.249999999778696802, 1.047197550879676031 ) ;
#145 = CARTESIAN_POINT ( 'NONE',  ( -29.29999999999997939, 17.72403791909879445, -20.90202088431346539 ) ) ;
#146 = ORIENTED_EDGE ( 'NONE', *, *, #1662, .F. ) ;
#147 = VECTOR ( 'NONE', #1658, 1000.000000000000000 ) ;
#148 = EDGE_LOOP ( 'NONE', ( #754, #552, #6959, #8562 ) ) ;
#149 = AXIS2_PLACEMENT_3D ( 'NONE', #5401, #7791, #2484 ) ;
#150 = ADVANCED_FACE ( 'NONE', ( #5811, #399, #9487, #4358, #8941 ), #5159, .F. ) ;
#151 = EDGE_CURVE ( 'NONE', #4756, #2047, #7696, .T. ) ;
#152 = EDGE_CURVE ( 'NONE', #623, #677, #7993, .T. ) ;
#153 = DIRECTION ( 'NONE',  ( -3.414809992081600568E-16, 5.551115123125798726E-17, -1.000000000000000000 ) ) ;
#154 = ORIENTED_EDGE ( 'NONE', *, *, #6920, .F. ) ;
#155 = FACE_OUTER_BOUND ( 'NONE', #7779, .T. ) ;
#156 = CIRCLE ( 'NONE', #7025, 1.399999999967298958 ) ;
#157 = FACE_OUTER_BOUND ( 'NONE', #6457, .T. ) ;
#158 = DIRECTION ( 'NONE',  ( 0.000000000000000000, 0.000000000000000000, 1.000000000000000000 ) ) ;
#159 = CARTESIAN_POINT ( 'NONE',  ( -29.49999999999998934, -31.89289554065003074, 3.948684026196951802 ) ) ;
#160 = CONICAL_SURFACE ( 'NONE', #6865, 34.50000000000000000, 0.7853981633974621568 ) ;
#161 = DIRECTION ( 'NONE',  ( 0.000000000000000000, 0.000000000000000000, 1.000000000000000000 ) ) ;
#162 = LINE ( 'NONE', #3299, #9063 ) ;
#163 = EDGE_LOOP ( 'NONE', ( #6120, #1670, #6553, #2618, #4669 ) ) ;
#164 = CIRCLE ( 'NONE', #4320, 3.950000000000002842 ) ;
#165 = EDGE_LOOP ( 'NONE', ( #6175, #829, #66 ) ) ;
#166 = CARTESIAN_POINT ( 'NONE',  ( -28.99999999999998934, -14.99999999999888978, -12.40000000000007141 ) ) ;
#167 = EDGE_CURVE ( 'NONE', #908, #6645, #5906, .T. ) ;
#168 = DIRECTION ( 'NONE',  ( 0.000000000000000000, 1.000000000000000000, 0.000000000000000000 ) ) ;
#169 = VERTEX_POINT ( 'NONE', #5701 ) ;
#170 = DIRECTION ( 'NONE',  ( 1.349229370204183383E-15, 1.000000000000000000, 0.000000000000000000 ) ) ;
#171 = CARTESIAN_POINT ( 'NONE',  ( -32.89999999999998437, -31.91870648513822672, -4.448350868272417991 ) ) ;
#172 = VECTOR ( 'NONE', #264, 1000.000000000000000 ) ;
#173 = DIRECTION ( 'NONE',  ( -1.000000000000000000, 0.000000000000000000, 0.000000000000000000 ) ) ;
#174 = EDGE_LOOP ( 'NONE', ( #9460, #4467, #5673, #6409, #8469 ) ) ;
#175 = VERTEX_POINT ( 'NONE', #1990 ) ;
#176 = LINE ( 'NONE', #7028, #4807 ) ;
#177 = AXIS2_PLACEMENT_3D ( 'NONE', #970, #3162, #3262 ) ;
#178 = EDGE_CURVE ( 'NONE', #3530, #8056, #1634, .T. ) ;
#179 = DIRECTION ( 'NONE',  ( 0.000000000000000000, 1.000000000000000000, 0.000000000000000000 ) ) ;
#180 = ORIENTED_EDGE ( 'NONE', *, *, #9180, .F. ) ;
#181 = CYLINDRICAL_SURFACE ( 'NONE', #4350, 33.00000000000000000 ) ;
#182 = VERTEX_POINT ( 'NONE', #1152 ) ;
#183 = DIRECTION ( 'NONE',  ( 1.000000000000000000, -4.440892098500626162E-16, -2.121142188857532135E-16 ) ) ;
#184 = CARTESIAN_POINT ( 'NONE',  ( -32.89999999999997016, 32.16084122086103037, -4.509337600526897027 ) ) ;
#185 = CIRCLE ( 'NONE', #7369, 1.000000000000000000 ) ;
#186 = FACE_OUTER_BOUND ( 'NONE', #2920, .T. ) ;
#187 = ORIENTED_EDGE ( 'NONE', *, *, #4852, .T. ) ;
#188 = DIRECTION ( 'NONE',  ( -1.000000000000000000, -1.175656832681595541E-18, 2.479139147737537908E-18 ) ) ;
#189 = AXIS2_PLACEMENT_3D ( 'NONE', #1488, #6840, #2180 ) ;
#190 = CARTESIAN_POINT ( 'NONE',  ( -32.89999999999998437, -23.76527444151852109, 22.60645422833334806 ) ) ;
#191 = PLANE ( 'NONE',  #7982 ) ;
#192 = CARTESIAN_POINT ( 'NONE',  ( 70.33232511283223687, -18.00000000000009948, -2.023557473239531373E-14 ) ) ;
#193 = PLANE ( 'NONE',  #1427 ) ;
#194 = CARTESIAN_POINT ( 'NONE',  ( -33.69999999999999574, 30.61959156899271406, 2.115027806485723527 ) ) ;
#195 = EDGE_CURVE ( 'NONE', #908, #3976, #813, .T. ) ;
#196 = VERTEX_POINT ( 'NONE', #1197 ) ;
#197 = VERTEX_POINT ( 'NONE', #4250 ) ;
#198 = CARTESIAN_POINT ( 'NONE',  ( -32.39999999982501322, -31.70000000000001350, 6.613633252161577047E-14 ) ) ;
#199 = ORIENTED_EDGE ( 'NONE', *, *, #331, .T. ) ;
#200 = CARTESIAN_POINT ( 'NONE',  ( -25.19999999999996376, 17.50000000000098765, 22.99999999999998934 ) ) ;
#201 = FACE_OUTER_BOUND ( 'NONE', #7864, .T. ) ;
#202 = CARTESIAN_POINT ( 'NONE',  ( -30.89999999999998437, 1.007476390756466385E-14, 1.622779942970096890E-14 ) ) ;
#203 = CYLINDRICAL_SURFACE ( 'NONE', #7924, 33.00000000000000000 ) ;
#204 = AXIS2_PLACEMENT_3D ( 'NONE', #2710, #6661, #522 ) ;
#205 = EDGE_CURVE ( 'NONE', #8680, #182, #6936, .T. ) ;
#206 = ORIENTED_EDGE ( 'NONE', *, *, #3581, .F. ) ;
#207 = EDGE_CURVE ( 'NONE', #3426, #8866, #4451, .T. ) ;
#208 = DIRECTION ( 'NONE',  ( 1.000000000000000000, 1.175656832681595541E-18, -2.479139147737537908E-18 ) ) ;
#209 = ORIENTED_EDGE ( 'NONE', *, *, #2575, .F. ) ;
#210 = EDGE_LOOP ( 'NONE', ( #3753, #1596 ) ) ;
#211 =( BOUNDED_SURFACE ( )  B_SPLINE_SURFACE ( 3, 3, ( 
 ( #603, #8994, #1401, #8347 ),
 ( #2099, #5914, #3660, #2195 ),
 ( #9700, #9751, #3611, #8241 ),
 ( #1499, #6798, #9845, #2847 ) ),
 .UNSPECIFIED., .F., .F., .T. ) 
 B_SPLINE_SURFACE_WITH_KNOTS ( ( 4, 4 ),
 ( 4, 4 ),
 ( 0.000000000000000000, 1.000000000000000000 ),
 ( 0.000000000000000000, 1.000000000000000000 ),
 .UNSPECIFIED. ) 
 GEOMETRIC_REPRESENTATION_ITEM ( )  RATIONAL_B_SPLINE_SURFACE ( (
 ( 1.000000000000000000, 0.3333333333333317605, 0.3333333333333317605, 1.000000000000000000),
 ( 0.8047378541243663808, 0.2682459513747875168, 0.2682459513747875168, 0.8047378541243663808),
 ( 0.8047378541243663808, 0.2682459513747875168, 0.2682459513747875168, 0.8047378541243663808),
 ( 1.000000000000000000, 0.3333333333333317605, 0.3333333333333317605, 1.000000000000000000) ) ) 
 REPRESENTATION_ITEM ( '' )  SURFACE ( )  );
#212 = CARTESIAN_POINT ( 'NONE',  ( -32.89999999999997726, -32.08642587515385003, -4.477077216977718876 ) ) ;
#213 = DIRECTION ( 'NONE',  ( -1.000000000000000000, -1.175656832681595541E-18, 2.479139147737537908E-18 ) ) ;
#214 = ORIENTED_EDGE ( 'NONE', *, *, #2949, .F. ) ;
#215 = LINE ( 'NONE', #1711, #3481 ) ;
#216 = AXIS2_PLACEMENT_3D ( 'NONE', #83, #8426, #9028 ) ;
#217 = CARTESIAN_POINT ( 'NONE',  ( -32.39999999999999858, 31.85891773588925702, -3.949561317706158370 ) ) ;
#218 = FACE_OUTER_BOUND ( 'NONE', #3126, .T. ) ;
#219 = ADVANCED_FACE ( 'NONE', ( #1537 ), #2336, .T. ) ;
#220 = EDGE_CURVE ( 'NONE', #1223, #6712, #5354, .T. ) ;
#221 = ORIENTED_EDGE ( 'NONE', *, *, #9141, .T. ) ;
#222 = ORIENTED_EDGE ( 'NONE', *, *, #2220, .T. ) ;
#223 = DIRECTION ( 'NONE',  ( 0.000000000000000000, -1.000000000000000000, 0.000000000000000000 ) ) ;
#224 = CARTESIAN_POINT ( 'NONE',  ( -25.19999999999997087, 15.00000000000098588, 14.99999999999992717 ) ) ;
#225 = VERTEX_POINT ( 'NONE', #2987 ) ;
#226 = DIRECTION ( 'NONE',  ( 1.000000000000000000, -4.440892098500626162E-16, -2.121142188857532135E-16 ) ) ;
#227 = VERTEX_POINT ( 'NONE', #2292 ) ;
#228 = CARTESIAN_POINT ( 'NONE',  ( -33.89999999999998437, -34.49999999999901235, -3.450000000000136957 ) ) ;
#229 = SURFACE_SIDE_STYLE ('',( #3478 ) ) ;
#230 = ADVANCED_FACE ( 'NONE', ( #7588 ), #5950, .F. ) ;
#231 = FACE_OUTER_BOUND ( 'NONE', #5802, .T. ) ;
#232 = ADVANCED_FACE ( 'NONE', ( #739 ), #3800, .T. ) ;
#233 = ORIENTED_EDGE ( 'NONE', *, *, #5032, .F. ) ;
#234 = VERTEX_POINT ( 'NONE', #797 ) ;
#235 = CARTESIAN_POINT ( 'NONE',  ( -23.49999999999997868, -3.743999999999008566, 23.09853813556174273 ) ) ;
#236 = CARTESIAN_POINT ( 'NONE',  ( -29.29999999999996874, 20.90202088431462712, 17.72403791909757231 ) ) ;
#237 = CARTESIAN_POINT ( 'NONE',  ( -3.999999999999994671, 6.350000000000004974, 1.276223354473827061E-15 ) ) ;
#238 = VECTOR ( 'NONE', #1885, 1000.000000000000114 ) ;
#239 = CARTESIAN_POINT ( 'NONE',  ( -29.29999999999999005, 19.23499999999994259, -20.48500000000004206 ) ) ;
#240 = CARTESIAN_POINT ( 'NONE',  ( -33.89999999999997016, 15.00000000000098943, 14.99999999999992895 ) ) ;
#241 = ORIENTED_EDGE ( 'NONE', *, *, #393, .T. ) ;
#242 = VERTEX_POINT ( 'NONE', #595 ) ;
#243 = VECTOR ( 'NONE', #4645, 1000.000000000000000 ) ;
#244 = FACE_OUTER_BOUND ( 'NONE', #8911, .T. ) ;
#245 = CARTESIAN_POINT ( 'NONE',  ( -30.90000000000000213, -8.499999999999989342, -33.49999999999998579 ) ) ;
#246 = DIRECTION ( 'NONE',  ( -1.000000000000000000, 4.440892098500626162E-16, 2.121142188857532135E-16 ) ) ;
#247 = CYLINDRICAL_SURFACE ( 'NONE', #5444, 1.000000000000000000 ) ;
#248 = CARTESIAN_POINT ( 'NONE',  ( -3.499999999999978240, 18.00000000000001066, 2.115896157327230221E-15 ) ) ;
#249 = CARTESIAN_POINT ( 'NONE',  ( -32.40000000000000568, -30.91512962736366532, 1.211326476013453890 ) ) ;
#250 = DIRECTION ( 'NONE',  ( -1.000000000000000000, -1.175656832681595541E-18, 2.479139147737537908E-18 ) ) ;
#251 = EDGE_LOOP ( 'NONE', ( #8840, #6624 ) ) ;
#252 = ORIENTED_EDGE ( 'NONE', *, *, #6263, .T. ) ;
#253 = CARTESIAN_POINT ( 'NONE',  ( -2.000000000000058620, -31.50000000000000000, -9.757712433669920860E-46 ) ) ;
#254 = DIRECTION ( 'NONE',  ( -4.448008912761041834E-16, -1.000000000000000000, 1.243449787580175325E-14 ) ) ;
#255 = ORIENTED_EDGE ( 'NONE', *, *, #4088, .F. ) ;
#256 = DIRECTION ( 'NONE',  ( 1.000000000000000000, -1.348081413631192369E-15, -3.190558386184555325E-16 ) ) ;
#257 = EDGE_CURVE ( 'NONE', #2018, #6818, #3168, .T. ) ;
#258 = CARTESIAN_POINT ( 'NONE',  ( -32.89997779355446283, 31.79094230992349068, -4.454712319216461935 ) ) ;
#259 = EDGE_CURVE ( 'NONE', #2138, #6574, #9427, .T. ) ;
#260 = DIRECTION ( 'NONE',  ( -2.479139147737542530E-18, 3.890984756615977524E-15, -1.000000000000000000 ) ) ;
#261 = FACE_OUTER_BOUND ( 'NONE', #9345, .T. ) ;
#262 = ORIENTED_EDGE ( 'NONE', *, *, #6628, .F. ) ;
#263 = ORIENTED_EDGE ( 'NONE', *, *, #9420, .T. ) ;
#264 = DIRECTION ( 'NONE',  ( 0.000000000000000000, -0.5437741451046710361, -0.8392316004034191534 ) ) ;
#265 = CIRCLE ( 'NONE', #3140, 1.000000000000000000 ) ;
#266 = DIRECTION ( 'NONE',  ( -1.000000000000000000, 4.440892098500626162E-16, 2.121142188857532135E-16 ) ) ;
#267 = ORIENTED_EDGE ( 'NONE', *, *, #7050, .T. ) ;
#268 = DIRECTION ( 'NONE',  ( -1.000000000000000000, -1.175656832681595541E-18, 2.479139147737537908E-18 ) ) ;
#269 = EDGE_CURVE ( 'NONE', #9876, #5882, #5888, .T. ) ;
#270 = ORIENTED_EDGE ( 'NONE', *, *, #1605, .F. ) ;
#271 = EDGE_CURVE ( 'NONE', #4453, #3029, #3456, .T. ) ;
#272 = CARTESIAN_POINT ( 'NONE',  ( -1.000000000000000000, 1.348081413631192172E-15, -9.877608711210287581E-46 ) ) ;
#273 = AXIS2_PLACEMENT_3D ( 'NONE', #6542, #1336, #5946 ) ;
#274 = CARTESIAN_POINT ( 'NONE',  ( -29.29999999999997939, 17.55000000000089244, -15.00000000000006928 ) ) ;
#275 = VECTOR ( 'NONE', #7939, 1000.000000000000000 ) ;
#276 = CARTESIAN_POINT ( 'NONE',  ( -2.000000000000015987, 2.696162827262406432E-15, -9.757712433669920860E-46 ) ) ;
#277 = VECTOR ( 'NONE', #2209, 1000.000000000000000 ) ;
#278 = AXIS2_PLACEMENT_3D ( 'NONE', #8927, #682, #5151 ) ;
#279 = ORIENTED_EDGE ( 'NONE', *, *, #6099, .F. ) ;
#280 = VERTEX_POINT ( 'NONE', #6844 ) ;
#281 = AXIS2_PLACEMENT_3D ( 'NONE', #7355, #1107, #9496 ) ;
#282 = DIRECTION ( 'NONE',  ( 1.000000000000000000, -1.348081413631192369E-15, -3.190558386184555325E-16 ) ) ;
#283 = EDGE_CURVE ( 'NONE', #9051, #59, #4401, .T. ) ;
#284 = CONICAL_SURFACE ( 'NONE', #129, 18.00000000000000711, 0.7853981633974596033 ) ;
#285 = VECTOR ( 'NONE', #7035, 1000.000000000000000 ) ;
#286 = CARTESIAN_POINT ( 'NONE',  ( -4.000000000000003553, 5.392325654524796299E-15, 1.276223354473827061E-15 ) ) ;
#287 = CARTESIAN_POINT ( 'NONE',  ( -33.89999999999997016, 12.45000000000099227, 14.99999999999992895 ) ) ;
#288 = AXIS2_PLACEMENT_3D ( 'NONE', #3718, #9, #3057 ) ;
#289 = DIRECTION ( 'NONE',  ( 9.251858538542975772E-16, 0.000000000000000000, 1.000000000000000000 ) ) ;
#290 = AXIS2_PLACEMENT_3D ( 'NONE', #7797, #5609, #6159 ) ;
#291 = CARTESIAN_POINT ( 'NONE',  ( -33.32499999999999574, 35.34695989490619894, 4.950978037210847837 ) ) ;
#292 = AXIS2_PLACEMENT_3D ( 'NONE', #8384, #8291, #3045 ) ;
#293 = CIRCLE ( 'NONE', #774, 0.7999999999999917177 ) ;
#294 = ORIENTED_EDGE ( 'NONE', *, *, #1084, .F. ) ;
#295 = CARTESIAN_POINT ( 'NONE',  ( -42.91599376778210484, 32.48544952681486819, -0.9724037437341289669 ) ) ;
#296 = DIRECTION ( 'NONE',  ( 0.000000000000000000, 0.000000000000000000, 1.000000000000000000 ) ) ;
#297 = DIRECTION ( 'NONE',  ( 0.000000000000000000, 0.000000000000000000, 1.000000000000000000 ) ) ;
#298 = DIRECTION ( 'NONE',  ( 0.000000000000000000, 1.000000000000000000, -2.040851148208007998E-15 ) ) ;
#299 = CIRCLE ( 'NONE', #1581, 2.550000000000005596 ) ;
#300 = DIRECTION ( 'NONE',  ( 0.000000000000000000, -0.7416517493508135717, -0.6707851240784024061 ) ) ;
#301 = ORIENTED_EDGE ( 'NONE', *, *, #2328, .F. ) ;
#302 = LINE ( 'NONE', #7060, #9564 ) ;
#303 = ORIENTED_EDGE ( 'NONE', *, *, #8572, .T. ) ;
#304 = VECTOR ( 'NONE', #388, 1000.000000000000114 ) ;
#305 = ORIENTED_EDGE ( 'NONE', *, *, #9728, .F. ) ;
#306 = DIRECTION ( 'NONE',  ( -1.175656832681595541E-18, 1.000000000000000000, 2.914616878206063915E-36 ) ) ;
#307 = AXIS2_PLACEMENT_3D ( 'NONE', #824, #6079, #9815 ) ;
#308 = CARTESIAN_POINT ( 'NONE',  ( -23.49999999999999645, -31.69999999999902585, -1.400748948456804979E-14 ) ) ;
#309 = ORIENTED_EDGE ( 'NONE', *, *, #7480, .T. ) ;
#310 = PLANE ( 'NONE',  #3814 ) ;
#311 = FACE_OUTER_BOUND ( 'NONE', #2525, .T. ) ;
#312 = CARTESIAN_POINT ( 'NONE',  ( -25.19999999999998508, -12.44999999999879847, 15.00000000000014921 ) ) ;
#313 = AXIS2_PLACEMENT_3D ( 'NONE', #5158, #1339, #6696 ) ;
#314 = AXIS2_PLACEMENT_3D ( 'NONE', #1756, #3102, #9297 ) ;
#315 = DIRECTION ( 'NONE',  ( -0.000000000000000000, -0.9986829581603673400, 0.05130642338010032999 ) ) ;
#316 = ORIENTED_EDGE ( 'NONE', *, *, #3130, .T. ) ;
#317 = ADVANCED_FACE ( 'NONE', ( #7643 ), #6001, .T. ) ;
#318 = ORIENTED_EDGE ( 'NONE', *, *, #5285, .T. ) ;
#319 = DIRECTION ( 'NONE',  ( 3.394024192128535469E-16, -5.551115123125783935E-17, 1.000000000000000000 ) ) ;
#320 = CIRCLE ( 'NONE', #1434, 3.950000000000002842 ) ;
#321 = CARTESIAN_POINT ( 'NONE',  ( 6.163546443256203629E-15, 1.649999999999951061, 12.50000000000000000 ) ) ;
#322 = ORIENTED_EDGE ( 'NONE', *, *, #5770, .F. ) ;
#323 = CYLINDRICAL_SURFACE ( 'NONE', #2100, 33.30000000000001137 ) ;
#324 = CARTESIAN_POINT ( 'NONE',  ( -33.39999999999998437, 9.947582915715884728E-13, -1.040834085586084257E-14 ) ) ;
#325 = ORIENTED_EDGE ( 'NONE', *, *, #4206, .T. ) ;
#326 = CARTESIAN_POINT ( 'NONE',  ( -42.91599376778211905, 1.000943407138265277E-12, -8.129377638593412891E-15 ) ) ;
#327 = PRESENTATION_STYLE_ASSIGNMENT (( #1032 ) ) ;
#328 = CIRCLE ( 'NONE', #5924, 2.950000000000000178 ) ;
#329 = DIRECTION ( 'NONE',  ( -1.000000000000000000, 4.440892098500626162E-16, 2.121142188857532135E-16 ) ) ;
#330 = VECTOR ( 'NONE', #5820, 1000.000000000000000 ) ;
#331 = EDGE_CURVE ( 'NONE', #4681, #7854, #2185, .T. ) ;
#332 = EDGE_CURVE ( 'NONE', #5269, #7455, #4355, .T. ) ;
#333 = AXIS2_PLACEMENT_3D ( 'NONE', #2688, #8791, #5009 ) ;
#334 = ORIENTED_EDGE ( 'NONE', *, *, #4730, .F. ) ;
#335 = EDGE_LOOP ( 'NONE', ( #4625, #4780, #7931, #322 ) ) ;
#336 = CARTESIAN_POINT ( 'NONE',  ( -32.84728855267891134, 6.600000000001119638, -32.39327156585328993 ) ) ;
#337 = AXIS2_PLACEMENT_3D ( 'NONE', #2101, #1547, #5168 ) ;
#338 = CARTESIAN_POINT ( 'NONE',  ( -3.999999999999980016, -5.599999999999013767, 24.67792535850612978 ) ) ;
#339 = CARTESIAN_POINT ( 'NONE',  ( -33.89999999999999858, -16.89121196084365550, -13.28949793360011000 ) ) ;
#340 = CYLINDRICAL_SURFACE ( 'NONE', #6855, 5.000000000000001776 ) ;
#341 = ADVANCED_FACE ( 'NONE', ( #8987 ), #9185, .F. ) ;
#342 = DIRECTION ( 'NONE',  ( 0.000000000000000000, 0.000000000000000000, 1.000000000000000000 ) ) ;
#343 = EDGE_CURVE ( 'NONE', #4264, #4534, #695, .T. ) ;
#344 = AXIS2_PLACEMENT_3D ( 'NONE', #8593, #5415, #3351 ) ;
#345 = ORIENTED_EDGE ( 'NONE', *, *, #1445, .T. ) ;
#346 = DIRECTION ( 'NONE',  ( -0.000000000000000000, 1.000000000000000000, 0.000000000000000000 ) ) ;
#347 = DIRECTION ( 'NONE',  ( 0.000000000000000000, 0.000000000000000000, 1.000000000000000000 ) ) ;
#348 = DIRECTION ( 'NONE',  ( -0.7071067811865359154, 0.000000000000000000, -0.7071067811865591191 ) ) ;
#349 = CARTESIAN_POINT ( 'NONE',  ( -30.69999999999999929, 31.69999999999998508, -2.750000000000149658 ) ) ;
#350 = AXIS2_PLACEMENT_3D ( 'NONE', #4785, #226, #7123 ) ;
#351 = DIRECTION ( 'NONE',  ( 0.000000000000000000, 0.9986829581603670070, -0.05130642338010665132 ) ) ;
#352 = DIRECTION ( 'NONE',  ( 0.000000000000000000, 0.000000000000000000, 1.000000000000000000 ) ) ;
#353 = EDGE_CURVE ( 'NONE', #7109, #745, #1038, .T. ) ;
#354 = CARTESIAN_POINT ( 'NONE',  ( -29.29999999999996163, 19.23330444827523777, 19.23330444827390906 ) ) ;
#355 = ORIENTED_EDGE ( 'NONE', *, *, #178, .T. ) ;
#356 = EDGE_LOOP ( 'NONE', ( #8617, #6385, #69, #1553 ) ) ;
#357 = CARTESIAN_POINT ( 'NONE',  ( -32.89999999999999147, 32.01147308594796925, 4.454706241772794506 ) ) ;
#358 = DIRECTION ( 'NONE',  ( -1.000000000000000000, -1.175656832681595541E-18, 2.479139147737537908E-18 ) ) ;
#359 = ORIENTED_EDGE ( 'NONE', *, *, #3321, .F. ) ;
#360 = PLANE ( 'NONE',  #8110 ) ;
#361 = CARTESIAN_POINT ( 'NONE',  ( -30.69999999999998508, -31.69999999999900808, -1.344211600348408837E-13 ) ) ;
#362 = LINE ( 'NONE', #8051, #4949 ) ;
#363 = AXIS2_PLACEMENT_3D ( 'NONE', #3372, #5583, #9413 ) ;
#364 = CARTESIAN_POINT ( 'NONE',  ( -39.92017501842906313, -32.95528202195000489, 4.779057109270948622 ) ) ;
#365 = ORIENTED_EDGE ( 'NONE', *, *, #3815, .T. ) ;
#366 = VERTEX_POINT ( 'NONE', #4006 ) ;
#367 = CARTESIAN_POINT ( 'NONE',  ( -3.000000000000002665, 4.044244240893609452E-15, 9.571675158553733030E-16 ) ) ;
#368 = AXIS2_PLACEMENT_3D ( 'NONE', #3869, #7709, #5478 ) ;
#369 = PLANE ( 'NONE',  #39 ) ;
#370 = ORIENTED_EDGE ( 'NONE', *, *, #7804, .F. ) ;
#371 = CARTESIAN_POINT ( 'NONE',  ( -29.29999999999998650, -17.72403791909682269, 20.90202088431344407 ) ) ;
#372 = LINE ( 'NONE', #6245, #3952 ) ;
#373 = VERTEX_POINT ( 'NONE', #3137 ) ;
#374 = PRESENTATION_STYLE_ASSIGNMENT (( #2715 ) ) ;
#375 = ADVANCED_FACE ( 'NONE', ( #8433 ), #7839, .T. ) ;
#376 = CARTESIAN_POINT ( 'NONE',  ( -29.29999999999998650, -19.23330444827314167, 19.23330444827405472 ) ) ;
#377 = VECTOR ( 'NONE', #1484, 1000.000000000000000 ) ;
#378 = CARTESIAN_POINT ( 'NONE',  ( -32.89999999999998437, 31.79094230992345160, -4.449999999996377298 ) ) ;
#379 = EDGE_LOOP ( 'NONE', ( #3972, #5484, #2356, #7018 ) ) ;
#380 = ORIENTED_EDGE ( 'NONE', *, *, #8557, .T. ) ;
#381 = CARTESIAN_POINT ( 'NONE',  ( -29.49999999999998579, -31.91870648513821962, -4.948350868272433978 ) ) ;
#382 = ORIENTED_EDGE ( 'NONE', *, *, #5422, .F. ) ;
#383 = VECTOR ( 'NONE', #4432, 1000.000000000000000 ) ;
#384 = ORIENTED_EDGE ( 'NONE', *, *, #7222, .T. ) ;
#385 = EDGE_CURVE ( 'NONE', #2012, #9217, #1593, .T. ) ;
#386 = EDGE_CURVE ( 'NONE', #2322, #742, #1746, .T. ) ;
#387 = CARTESIAN_POINT ( 'NONE',  ( -30.89999999999999503, -28.12890625000000000, -4.584172027608784283 ) ) ;
#388 = DIRECTION ( 'NONE',  ( -5.802453940231082335E-16, -0.6707851240783735403, -0.7416517493508397729 ) ) ;
#389 = DIRECTION ( 'NONE',  ( 1.000000000000000000, -4.440892098500626162E-16, -2.121142188857532135E-16 ) ) ;
#390 = VERTEX_POINT ( 'NONE', #7135 ) ;
#391 = CARTESIAN_POINT ( 'NONE',  ( -2.999999999999999112, 4.044244240893584208E-15, 9.571675158553656116E-16 ) ) ;
#392 = FACE_OUTER_BOUND ( 'NONE', #5322, .T. ) ;
#393 = EDGE_CURVE ( 'NONE', #7367, #6267, #4096, .T. ) ;
#394 = LINE ( 'NONE', #6491, #4665 ) ;
#395 = EDGE_CURVE ( 'NONE', #2265, #225, #6630, .T. ) ;
#396 = VECTOR ( 'NONE', #92, 1000.000000000000000 ) ;
#397 = LINE ( 'NONE', #5756, #6237 ) ;
#398 = PLANE ( 'NONE',  #5544 ) ;
#399 = FACE_BOUND ( 'NONE', #8694, .T. ) ;
#400 = CARTESIAN_POINT ( 'NONE',  ( -28.99999999999998934, 15.00000000000087752, 15.00000000000004796 ) ) ;
#401 = ORIENTED_EDGE ( 'NONE', *, *, #7183, .F. ) ;
#402 = VECTOR ( 'NONE', #2382, 1000.000000000000000 ) ;
#403 = ORIENTED_EDGE ( 'NONE', *, *, #271, .F. ) ;
#404 = DIRECTION ( 'NONE',  ( -2.346194846099212476E-16, -0.05130642338010032999, -0.9986829581603673400 ) ) ;
#405 = DIRECTION ( 'NONE',  ( -0.000000000000000000, -1.000000000000000000, -3.890984756615977524E-15 ) ) ;
#406 = ORIENTED_EDGE ( 'NONE', *, *, #5471, .F. ) ;
#407 = FACE_OUTER_BOUND ( 'NONE', #4189, .T. ) ;
#408 = CARTESIAN_POINT ( 'NONE',  ( -1.690000354235580238E-14, -12.50000000000000000, -6.938893903907175130E-16 ) ) ;
#409 = EDGE_CURVE ( 'NONE', #8688, #7749, #1353, .T. ) ;
#410 = CARTESIAN_POINT ( 'NONE',  ( -25.19999999999996732, 30.97598580441739458, -4.492026652257700370 ) ) ;
#411 = ADVANCED_FACE ( 'NONE', ( #7743 ), #4751, .F. ) ;
#412 = CARTESIAN_POINT ( 'NONE',  ( -29.30000000000001137, -19.23330444827312746, -19.23330444827405472 ) ) ;
#413 = DIRECTION ( 'NONE',  ( 0.000000000000000000, 0.000000000000000000, 1.000000000000000000 ) ) ;
#414 = VERTEX_POINT ( 'NONE', #4654 ) ;
#415 = ORIENTED_EDGE ( 'NONE', *, *, #4629, .F. ) ;
#416 = FACE_OUTER_BOUND ( 'NONE', #8918, .T. ) ;
#417 = DIRECTION ( 'NONE',  ( 1.000000000000000000, 1.175656832681595541E-18, -2.479139147737537908E-18 ) ) ;
#418 = EDGE_LOOP ( 'NONE', ( #3562, #7381, #7080, #7823 ) ) ;
#419 = DIRECTION ( 'NONE',  ( -4.552033172299451792E-16, -0.6707851240783664348, -0.7416517493508464343 ) ) ;
#420 = LINE ( 'NONE', #8062, #4910 ) ;
#421 = VERTEX_POINT ( 'NONE', #7693 ) ;
#422 = DIRECTION ( 'NONE',  ( -0.000000000000000000, 0.9986829581603670070, -0.05130642338010732439 ) ) ;
#423 = DIRECTION ( 'NONE',  ( 0.000000000000000000, -1.000000000000000000, 0.000000000000000000 ) ) ;
#424 = ORIENTED_EDGE ( 'NONE', *, *, #7763, .F. ) ;
#425 = ORIENTED_EDGE ( 'NONE', *, *, #5786, .T. ) ;
#426 = VERTEX_POINT ( 'NONE', #1645 ) ;
#427 = CARTESIAN_POINT ( 'NONE',  ( -33.32500000000000284, 32.78040843100725255, -2.115027806486013073 ) ) ;
#428 = ORIENTED_EDGE ( 'NONE', *, *, #78, .F. ) ;
#429 = EDGE_LOOP ( 'NONE', ( #4158, #486, #6427, #6227, #3449, #2072 ) ) ;
#430 = CIRCLE ( 'NONE', #3464, 34.50000000000000000 ) ;
#431 = CIRCLE ( 'NONE', #915, 1.000000000000000000 ) ;
#432 = CARTESIAN_POINT ( 'NONE',  ( -39.92017501842904181, 30.97598580441740168, -4.492026652257696817 ) ) ;
#433 = CIRCLE ( 'NONE', #1078, 34.50000000000000000 ) ;
#434 = CARTESIAN_POINT ( 'NONE',  ( -25.19999999999996732, 20.90202088431463423, 17.72403791909756876 ) ) ;
#435 = CYLINDRICAL_SURFACE ( 'NONE', #6463, 1.249999999999992450 ) ;
#436 = VECTOR ( 'NONE', #8204, 1000.000000000000000 ) ;
#437 = ADVANCED_FACE ( 'NONE', ( #2534 ), #5063, .T. ) ;
#438 = EDGE_CURVE ( 'NONE', #63, #1458, #3928, .T. ) ;
#439 = ORIENTED_EDGE ( 'NONE', *, *, #8584, .T. ) ;
#440 = AXIS2_PLACEMENT_3D ( 'NONE', #1318, #2612, #5027 ) ;
#441 = VECTOR ( 'NONE', #4640, 1000.000000000000000 ) ;
#442 = PLANE ( 'NONE',  #6050 ) ;
#443 = VECTOR ( 'NONE', #7150, 1000.000000000000000 ) ;
#444 = CARTESIAN_POINT ( 'NONE',  ( -33.89999999999998437, 13.75000000000089706, -15.00000000000006750 ) ) ;
#445 = DIRECTION ( 'NONE',  ( -1.000000000000000000, 4.440892098500626162E-16, 2.121142188857532135E-16 ) ) ;
#446 = CIRCLE ( 'NONE', #5254, 34.50000000000000000 ) ;
#447 = DIRECTION ( 'NONE',  ( -0.7071067811865417996, -0.7071067811865531239, 1.613993070193009476E-16 ) ) ;
#448 = CARTESIAN_POINT ( 'NONE',  ( -30.70000000000001350, -31.70000000000001350, 6.579543922768655202E-14 ) ) ;
#449 = FACE_BOUND ( 'NONE', #8359, .T. ) ;
#450 = CARTESIAN_POINT ( 'NONE',  ( -30.90000000000000213, 8.500000000000012434, -33.49999999999998579 ) ) ;
#451 = VERTEX_POINT ( 'NONE', #6339 ) ;
#452 = EDGE_CURVE ( 'NONE', #625, #4877, #6949, .T. ) ;
#453 = ADVANCED_FACE ( 'NONE', ( #1789 ), #4053, .F. ) ;
#454 = EDGE_CURVE ( 'NONE', #6202, #5176, #9657, .T. ) ;
#455 = CIRCLE ( 'NONE', #3493, 23.40000000000001279 ) ;
#456 = VERTEX_POINT ( 'NONE', #9477 ) ;
#457 = CARTESIAN_POINT ( 'NONE',  ( -32.89999999999997726, 32.06249103207604634, 4.468869146040781892 ) ) ;
#458 = CARTESIAN_POINT ( 'NONE',  ( -29.29999999999996874, 19.23500000000001009, 17.98500000000002430 ) ) ;
#459 = ORIENTED_EDGE ( 'NONE', *, *, #8254, .T. ) ;
#460 = DIRECTION ( 'NONE',  ( 0.000000000000000000, 1.000000000000000000, 0.000000000000000000 ) ) ;
#461 = AXIS2_PLACEMENT_3D ( 'NONE', #98, #9249, #4710 ) ;
#462 = CARTESIAN_POINT ( 'NONE',  ( -32.39999999999324132, 33.14147468682236308, -0.07405444337483549355 ) ) ;
#463 = DIRECTION ( 'NONE',  ( 1.000000000000000000, -3.497945608321693961E-16, -3.163708412946408969E-16 ) ) ;
#464 = CARTESIAN_POINT ( 'NONE',  ( -33.89999999999998437, -34.49999999999901235, 3.449999999999858957 ) ) ;
#465 = CARTESIAN_POINT ( 'NONE',  ( -32.89999999999998437, 32.41280410874917806, 5.024950726914402921 ) ) ;
#466 = VERTEX_POINT ( 'NONE', #3392 ) ;
#467 = VECTOR ( 'NONE', #4839, 1000.000000000000000 ) ;
#468 = ADVANCED_FACE ( 'NONE', ( #8723 ), #4349, .F. ) ;
#469 = EDGE_CURVE ( 'NONE', #8489, #3025, #5847, .T. ) ;
#470 = EDGE_LOOP ( 'NONE', ( #804, #3657, #8852, #1930 ) ) ;
#471 = CARTESIAN_POINT ( 'NONE',  ( -33.89999999999997726, 9.947582915715884728E-13, -34.00000000000000000 ) ) ;
#472 = CIRCLE ( 'NONE', #6064, 1.500000000000001332 ) ;
#473 = LINE ( 'NONE', #8059, #9626 ) ;
#474 = ORIENTED_EDGE ( 'NONE', *, *, #8947, .T. ) ;
#475 = FACE_OUTER_BOUND ( 'NONE', #5420, .T. ) ;
#476 = FACE_OUTER_BOUND ( 'NONE', #8704, .T. ) ;
#477 = ORIENTED_EDGE ( 'NONE', *, *, #3521, .F. ) ;
#478 = FILL_AREA_STYLE ('',( #5787 ) ) ;
#479 = VECTOR ( 'NONE', #1668, 1000.000000000000000 ) ;
#480 = CARTESIAN_POINT ( 'NONE',  ( -30.70000000000001350, -34.45000000000001705, 6.579543922768655202E-14 ) ) ;
#481 = DIRECTION ( 'NONE',  ( 0.000000000000000000, 1.000000000000000000, 0.000000000000000000 ) ) ;
#482 = ORIENTED_EDGE ( 'NONE', *, *, #7451, .T. ) ;
#483 = AXIS2_PLACEMENT_3D ( 'NONE', #9732, #9130, #2878 ) ;
#484 = EDGE_CURVE ( 'NONE', #3876, #562, #4085, .T. ) ;
#485 = ORIENTED_EDGE ( 'NONE', *, *, #5119, .F. ) ;
#486 = ORIENTED_EDGE ( 'NONE', *, *, #1479, .T. ) ;
#487 = CIRCLE ( 'NONE', #6080, 0.7999999999999917177 ) ;
#488 = DIRECTION ( 'NONE',  ( 0.000000000000000000, 0.000000000000000000, 1.000000000000000000 ) ) ;
#489 = ORIENTED_EDGE ( 'NONE', *, *, #9194, .T. ) ;
#490 = ORIENTED_EDGE ( 'NONE', *, *, #7538, .F. ) ;
#491 = CIRCLE ( 'NONE', #8141, 0.7999999999999917177 ) ;
#492 = DIRECTION ( 'NONE',  ( -1.000000000000000000, 2.161476583036237957E-16, 5.473344771987708442E-16 ) ) ;
#493 = PLANE ( 'NONE',  #3473 ) ;
#494 = LINE ( 'NONE', #3547, #3994 ) ;
#495 = DIRECTION ( 'NONE',  ( 1.000000000000000000, 1.179389324206871456E-17, -8.825547355056098943E-16 ) ) ;
#496 = ORIENTED_EDGE ( 'NONE', *, *, #5340, .F. ) ;
#497 = AXIS2_PLACEMENT_3D ( 'NONE', #8507, #4723, #3924 ) ;
#498 = FACE_OUTER_BOUND ( 'NONE', #508, .T. ) ;
#499 = CARTESIAN_POINT ( 'NONE',  ( -32.39999999998410374, -31.76413302922435378, -1.248353697685117281 ) ) ;
#500 = DIRECTION ( 'NONE',  ( 0.000000000000000000, 0.000000000000000000, 1.000000000000000000 ) ) ;
#501 = DIRECTION ( 'NONE',  ( 0.000000000000000000, 0.000000000000000000, 1.000000000000000000 ) ) ;
#502 = ADVANCED_FACE ( 'NONE', ( #2733 ), #9484, .F. ) ;
#503 = PLANE ( 'NONE',  #3308 ) ;
#504 = CIRCLE ( 'NONE', #4174, 1.249999999999987121 ) ;
#505 = CARTESIAN_POINT ( 'NONE',  ( -32.89999999999998437, -33.29999999999901661, -1.406412815393014483E-13 ) ) ;
#506 = CARTESIAN_POINT ( 'NONE',  ( -25.19999999999997797, 21.48330444827511343, -19.23330444827406538 ) ) ;
#507 = ORIENTED_EDGE ( 'NONE', *, *, #3164, .T. ) ;
#508 = EDGE_LOOP ( 'NONE', ( #4170, #8491, #810, #4022, #1777, #4716, #4824, #316 ) ) ;
#509 = CARTESIAN_POINT ( 'NONE',  ( -32.39999999999998437, 9.947594672284212465E-13, 33.29999999999999716 ) ) ;
#510 = VERTEX_POINT ( 'NONE', #4194 ) ;
#511 = DIRECTION ( 'NONE',  ( -1.000000000000000000, -1.175656832681595541E-18, 2.479139147737537908E-18 ) ) ;
#512 = AXIS2_PLACEMENT_3D ( 'NONE', #1337, #5202, #9787 ) ;
#513 = LINE ( 'NONE', #8897, #2246 ) ;
#514 = CARTESIAN_POINT ( 'NONE',  ( -32.39999999999631797, -32.35660431418611438, 1.285380919387597576 ) ) ;
#515 = EDGE_CURVE ( 'NONE', #3029, #4453, #8219, .T. ) ;
#516 = EDGE_CURVE ( 'NONE', #9562, #2126, #2940, .T. ) ;
#517 = CARTESIAN_POINT ( 'NONE',  ( -32.39999999999998437, 31.91870648514020559, 4.948350868272410885 ) ) ;
#518 = CARTESIAN_POINT ( 'NONE',  ( -29.29999999999998650, -19.23330444827314167, 19.23330444827405472 ) ) ;
#519 = ORIENTED_EDGE ( 'NONE', *, *, #5602, .T. ) ;
#520 = ORIENTED_EDGE ( 'NONE', *, *, #4989, .T. ) ;
#521 = CARTESIAN_POINT ( 'NONE',  ( -2.999999999999980016, 4.044244240893584208E-15, 34.50000000000000000 ) ) ;
#522 = DIRECTION ( 'NONE',  ( 0.000000000000000000, 1.000000000000000000, 0.000000000000000000 ) ) ;
#523 = ORIENTED_EDGE ( 'NONE', *, *, #7167, .T. ) ;
#524 = DIRECTION ( 'NONE',  ( -0.9999545279578867518, 0.009423778087574639223, 0.001460966486963324873 ) ) ;
#525 = CARTESIAN_POINT ( 'NONE',  ( -32.89999999999999147, -32.35644998611307699, 4.696673805190816786 ) ) ;
#526 = ORIENTED_EDGE ( 'NONE', *, *, #2039, .F. ) ;
#527 = DIRECTION ( 'NONE',  ( 0.000000000000000000, 0.000000000000000000, 1.000000000000000000 ) ) ;
#528 = ADVANCED_FACE ( 'NONE', ( #2677 ), #543, .F. ) ;
#529 = ADVANCED_FACE ( 'NONE', ( #6539 ), #435, .F. ) ;
#530 = DIRECTION ( 'NONE',  ( 0.000000000000000000, 0.000000000000000000, 1.000000000000000000 ) ) ;
#531 = ORIENTED_EDGE ( 'NONE', *, *, #2894, .F. ) ;
#532 = VECTOR ( 'NONE', #266, 1000.000000000000000 ) ;
#533 = ORIENTED_EDGE ( 'NONE', *, *, #9298, .T. ) ;
#534 = ORIENTED_EDGE ( 'NONE', *, *, #5241, .F. ) ;
#535 = LINE ( 'NONE', #6678, #2600 ) ;
#536 = ORIENTED_EDGE ( 'NONE', *, *, #1364, .T. ) ;
#537 = EDGE_LOOP ( 'NONE', ( #6612, #4561, #8190, #2032 ) ) ;
#538 = EDGE_CURVE ( 'NONE', #6136, #1927, #8829, .T. ) ;
#539 = ADVANCED_FACE ( 'NONE', ( #5749 ), #2779, .F. ) ;
#540 = DIRECTION ( 'NONE',  ( 1.000000000000000000, -4.440892098500626162E-16, -2.121142188857532135E-16 ) ) ;
#541 = CARTESIAN_POINT ( 'NONE',  ( -22.99999999999998224, 9.920989292025522610E-13, -1.235384309998005111E-14 ) ) ;
#542 = VECTOR ( 'NONE', #6451, 1000.000000000000000 ) ;
#543 = CYLINDRICAL_SURFACE ( 'NONE', #559, 1.649999999999995248 ) ;
#544 = VECTOR ( 'NONE', #1530, 1000.000000000000000 ) ;
#545 = CARTESIAN_POINT ( 'NONE',  ( -25.19999999999996732, 30.97598580441739458, -4.492026652257700370 ) ) ;
#546 = DIRECTION ( 'NONE',  ( 1.000000000000000000, -4.440892098500626162E-16, -2.121142188857532135E-16 ) ) ;
#547 = DIRECTION ( 'NONE',  ( 0.000000000000000000, -1.000000000000000000, 0.000000000000000000 ) ) ;
#548 = DIRECTION ( 'NONE',  ( -1.000000000000000000, -1.175656832681595541E-18, 2.479139147737537908E-18 ) ) ;
#549 = CARTESIAN_POINT ( 'NONE',  ( -22.19999999999998153, 9.917436578346719282E-13, -1.252353447508865394E-14 ) ) ;
#550 = CARTESIAN_POINT ( 'NONE',  ( -32.89999999999998437, -21.48493387354580264, -24.78430846646100605 ) ) ;
#551 = EDGE_LOOP ( 'NONE', ( #7617, #406, #9015, #8323, #3802, #3234, #3732, #7672, #5596, #3689, #7557, #1459, #9758, #851, #8743, #2309 ) ) ;
#552 = ORIENTED_EDGE ( 'NONE', *, *, #4088, .T. ) ;
#553 = DIRECTION ( 'NONE',  ( 0.000000000000000000, 0.5437741451046695929, 0.8392316004034200416 ) ) ;
#554 = ORIENTED_EDGE ( 'NONE', *, *, #7493, .F. ) ;
#555 = DIRECTION ( 'NONE',  ( 1.000000000000000000, -4.440892098500626162E-16, -2.121142188857532135E-16 ) ) ;
#556 = DIRECTION ( 'NONE',  ( 1.000000000000000000, -4.440892098500626162E-16, -2.121142188857532135E-16 ) ) ;
#558 = AXIS2_PLACEMENT_3D ( 'NONE', #7806, #7754, #7852 ) ;
#557 = LINE ( 'NONE', #4410, #1242 ) ;
#559 = AXIS2_PLACEMENT_3D ( 'NONE', #5692, #8077, #5801 ) ;
#560 = DIRECTION ( 'NONE',  ( 1.000000000000000000, -2.161476583036237957E-16, -5.473344771987708442E-16 ) ) ;
#561 = EDGE_LOOP ( 'NONE', ( #2870, #5087 ) ) ;
#562 = VERTEX_POINT ( 'NONE', #8782 ) ;
#563 = CARTESIAN_POINT ( 'NONE',  ( -29.29999999999997939, 19.23330444827511698, -19.23330444827406538 ) ) ;
#564 = EDGE_CURVE ( 'NONE', #9327, #9570, #1981, .T. ) ;
#565 = EDGE_CURVE ( 'NONE', #7522, #9327, #4231, .T. ) ;
#566 = FACE_BOUND ( 'NONE', #2194, .T. ) ;
#567 = ORIENTED_EDGE ( 'NONE', *, *, #2822, .F. ) ;
#568 = CYLINDRICAL_SURFACE ( 'NONE', #6988, 1.649999999999995248 ) ;
#569 = CARTESIAN_POINT ( 'NONE',  ( -32.89999999999998437, -31.91870648513825515, 4.448350868272160419 ) ) ;
#570 = ORIENTED_EDGE ( 'NONE', *, *, #1502, .T. ) ;
#571 = SURFACE_STYLE_USAGE ( .BOTH. , #1322 ) ;
#572 = DIRECTION ( 'NONE',  ( -8.807872715132056682E-16, -0.05130642338010681092, -0.9986829581603670070 ) ) ;
#573 = ORIENTED_EDGE ( 'NONE', *, *, #9631, .T. ) ;
#574 = ORIENTED_EDGE ( 'NONE', *, *, #2637, .T. ) ;
#575 = EDGE_CURVE ( 'NONE', #1062, #4694, #4884, .T. ) ;
#576 = ORIENTED_EDGE ( 'NONE', *, *, #1992, .F. ) ;
#577 = ADVANCED_FACE ( 'NONE', ( #4894 ), #9638, .T. ) ;
#578 = ADVANCED_FACE ( 'NONE', ( #7928 ), #7257, .F. ) ;
#579 = ADVANCED_FACE ( 'NONE', ( #3742 ), #3428, .F. ) ;
#580 = CARTESIAN_POINT ( 'NONE',  ( -25.19999999999997797, 9.931291899967220616E-13, -1.188719181843139689E-14 ) ) ;
#581 = VERTEX_POINT ( 'NONE', #7432 ) ;
#582 = EDGE_LOOP ( 'NONE', ( #6277, #3002, #7169, #5481, #1772 ) ) ;
#583 = SHAPE_DEFINITION_REPRESENTATION ( #3920, #9788 ) ;
#584 = DIRECTION ( 'NONE',  ( -1.000000000000000000, 4.440892098500626162E-16, 2.121142188857532135E-16 ) ) ;
#585 = LINE ( 'NONE', #5343, #9412 ) ;
#586 = CARTESIAN_POINT ( 'NONE',  ( -83.77726090546464377, 9.946990652005932957E-13, 33.29999999999999716 ) ) ;
#587 = EDGE_CURVE ( 'NONE', #95, #5269, #7633, .T. ) ;
#588 = AXIS2_PLACEMENT_3D ( 'NONE', #8916, #5833, #2117 ) ;
#589 = CARTESIAN_POINT ( 'NONE',  ( -33.39999999999998437, 9.947582915715884728E-13, -1.040834085586084257E-14 ) ) ;
#590 = LINE ( 'NONE', #8335, #9761 ) ;
#591 = DIRECTION ( 'NONE',  ( 0.000000000000000000, 0.000000000000000000, 1.000000000000000000 ) ) ;
#592 = LINE ( 'NONE', #6789, #5553 ) ;
#593 = AXIS2_PLACEMENT_3D ( 'NONE', #5182, #8207, #2114 ) ;
#594 = VECTOR ( 'NONE', #351, 1000.000000000000000 ) ;
#595 = CARTESIAN_POINT ( 'NONE',  ( -25.19999999999998863, -8.799999999999005951, -33.35880693310240730 ) ) ;
#596 = CARTESIAN_POINT ( 'NONE',  ( -32.89999999999997726, -4.964563008734817373, -32.47694811691514616 ) ) ;
#597 = ORIENTED_EDGE ( 'NONE', *, *, #3815, .F. ) ;
#598 = CIRCLE ( 'NONE', #9862, 33.30000000000001137 ) ;
#599 = ORIENTED_EDGE ( 'NONE', *, *, #2638, .F. ) ;
#600 = CARTESIAN_POINT ( 'NONE',  ( -23.49999999999997868, 15.00000000000088463, -15.00000000000006928 ) ) ;
#601 = VECTOR ( 'NONE', #3408, 1000.000000000000000 ) ;
#602 = ORIENTED_EDGE ( 'NONE', *, *, #8158, .T. ) ;
#603 = CARTESIAN_POINT ( 'NONE',  ( -33.32499999999999574, 30.44900076409683365, 2.448979565404542313 ) ) ;
#604 = DIRECTION ( 'NONE',  ( 1.000000000000000000, -0.000000000000000000, -0.000000000000000000 ) ) ;
#605 = DIRECTION ( 'NONE',  ( 0.000000000000000000, -1.000000000000000000, 0.000000000000000000 ) ) ;
#606 = AXIS2_PLACEMENT_3D ( 'NONE', #4213, #6458, #3563 ) ;
#607 = AXIS2_PLACEMENT_3D ( 'NONE', #5823, #8106, #8354 ) ;
#608 = CARTESIAN_POINT ( 'NONE',  ( -32.90275887879867156, -31.82673534686634653, -4.159638747121626068 ) ) ;
#609 = AXIS2_PLACEMENT_3D ( 'NONE', #9100, #3710, #3609 ) ;
#610 = DIRECTION ( 'NONE',  ( 9.251858538542975772E-16, 0.000000000000000000, 1.000000000000000000 ) ) ;
#611 = ORIENTED_EDGE ( 'NONE', *, *, #6931, .F. ) ;
#612 = VERTEX_POINT ( 'NONE', #7579 ) ;
#613 = CARTESIAN_POINT ( 'NONE',  ( -2.999999999999999112, 4.044244240893584208E-15, 9.571675158553656116E-16 ) ) ;
#614 = CIRCLE ( 'NONE', #4450, 2.550000000000005596 ) ;
#615 = CARTESIAN_POINT ( 'NONE',  ( -33.70000000000000995, -30.51966178910086569, -2.310652217682087617 ) ) ;
#616 = ORIENTED_EDGE ( 'NONE', *, *, #4543, .F. ) ;
#617 = CYLINDRICAL_SURFACE ( 'NONE', #2188, 3.749999999999998224 ) ;
#618 = CYLINDRICAL_SURFACE ( 'NONE', #7513, 1.500000000000000666 ) ;
#619 = EDGE_LOOP ( 'NONE', ( #303, #5842, #359, #1317 ) ) ;
#620 = CARTESIAN_POINT ( 'NONE',  ( -32.90279156301093622, 31.89830729196683379, 4.158283033683407126 ) ) ;
#621 = CARTESIAN_POINT ( 'NONE',  ( -29.29999999999999361, -14.99999999999900346, -14.99999999999995381 ) ) ;
#622 = EDGE_CURVE ( 'NONE', #3357, #9320, #2175, .T. ) ;
#623 = VERTEX_POINT ( 'NONE', #3789 ) ;
#624 = VECTOR ( 'NONE', #9501, 999.9999999999998863 ) ;
#625 = VERTEX_POINT ( 'NONE', #1528 ) ;
#626 = DIRECTION ( 'NONE',  ( 0.000000000000000000, 0.000000000000000000, 1.000000000000000000 ) ) ;
#628 = ORIENTED_EDGE ( 'NONE', *, *, #7654, .F. ) ;
#627 = AXIS2_PLACEMENT_3D ( 'NONE', #8984, #2183, #5256 ) ;
#629 = CARTESIAN_POINT ( 'NONE',  ( -30.89999999999999503, 19.23499999999994259, -19.23500000000004562 ) ) ;
#630 = ORIENTED_EDGE ( 'NONE', *, *, #833, .F. ) ;
#631 = CARTESIAN_POINT ( 'NONE',  ( -32.89999999952459575, -7.325430430883609567, 31.97173170640756723 ) ) ;
#632 = CIRCLE ( 'NONE', #2383, 2.000000000000005329 ) ;
#633 = ORIENTED_EDGE ( 'NONE', *, *, #1807, .T. ) ;
#634 = CARTESIAN_POINT ( 'NONE',  ( -30.89999999999998437, -15.00000000000004086, 14.99999999999996270 ) ) ;
#635 = VECTOR ( 'NONE', #1527, 1000.000000000000000 ) ;
#636 = ADVANCED_FACE ( 'NONE', ( #8280 ), #9680, .F. ) ;
#637 = ADVANCED_FACE ( 'NONE', ( #2281, #3847 ), #9782, .T. ) ;
#638 = CARTESIAN_POINT ( 'NONE',  ( -29.49999999999996803, 30.97598580441739813, 4.492026652257680830 ) ) ;
#639 = CYLINDRICAL_SURFACE ( 'NONE', #8849, 0.7999999999999917177 ) ;
#640 = DIRECTION ( 'NONE',  ( 0.000000000000000000, -1.000000000000000000, 0.000000000000000000 ) ) ;
#641 = FACE_OUTER_BOUND ( 'NONE', #6974, .T. ) ;
#642 = AXIS2_PLACEMENT_3D ( 'NONE', #4651, #7689, #1642 ) ;
#643 = CARTESIAN_POINT ( 'NONE',  ( -29.50000000000000355, -29.14999999999902869, -1.319084974185789859E-14 ) ) ;
#644 = DIRECTION ( 'NONE',  ( 0.000000000000000000, 0.000000000000000000, 1.000000000000000000 ) ) ;
#645 = EDGE_CURVE ( 'NONE', #745, #8240, #2130, .T. ) ;
#646 = EDGE_CURVE ( 'NONE', #2142, #175, #1334, .T. ) ;
#647 = FACE_OUTER_BOUND ( 'NONE', #5930, .T. ) ;
#648 = CARTESIAN_POINT ( 'NONE',  ( 70.33232511283222266, -34.50000000000009948, -1.821490751380218379E-14 ) ) ;
#649 = CARTESIAN_POINT ( 'NONE',  ( -32.89999997794912900, -26.68264827915963266, -19.07579688459325240 ) ) ;
#650 = VERTEX_POINT ( 'NONE', #9883 ) ;
#651 = ORIENTED_EDGE ( 'NONE', *, *, #4800, .T. ) ;
#652 = PLANE ( 'NONE',  #936 ) ;
#653 = ORIENTED_EDGE ( 'NONE', *, *, #9076, .T. ) ;
#654 = DIRECTION ( 'NONE',  ( -4.440892098493158114E-16, -1.000000000000000000, 0.000000000000000000 ) ) ;
#655 = DIRECTION ( 'NONE',  ( 1.000000000000000000, -1.348081413631192369E-15, -3.190558386184555325E-16 ) ) ;
#656 = CARTESIAN_POINT ( 'NONE',  ( -33.32500000000000995, -32.95099923590317559, 2.448979565404745262 ) ) ;
#657 = VECTOR ( 'NONE', #1003, 1000.000000000000000 ) ;
#658 = ADVANCED_FACE ( 'NONE', ( #2879 ), #1483, .F. ) ;
#659 = EDGE_CURVE ( 'NONE', #5319, #9673, #8374, .T. ) ;
#660 = ORIENTED_EDGE ( 'NONE', *, *, #564, .T. ) ;
#661 = CARTESIAN_POINT ( 'NONE',  ( -25.19999999999997087, 15.00000000000098588, 14.99999999999992717 ) ) ;
#662 = ORIENTED_EDGE ( 'NONE', *, *, #2838, .T. ) ;
#663 = ORIENTED_EDGE ( 'NONE', *, *, #5642, .F. ) ;
#664 = DIRECTION ( 'NONE',  ( 1.000000000000000000, -4.440892098500626162E-16, -2.121142188857532135E-16 ) ) ;
#665 = AXIS2_PLACEMENT_3D ( 'NONE', #691, #992, #1588 ) ;
#666 = CARTESIAN_POINT ( 'NONE',  ( -33.54466991411010213, -32.95099923590318980, 2.448979565404737713 ) ) ;
#667 = ORIENTED_EDGE ( 'NONE', *, *, #9001, .T. ) ;
#668 = DIRECTION ( 'NONE',  ( 5.802453940231067543E-16, 0.6707851240784054037, -0.7416517493508111292 ) ) ;
#669 = CARTESIAN_POINT ( 'NONE',  ( -32.39999999998895674, -32.35660431418611438, 1.285380919387597576 ) ) ;
#670 = ORIENTED_EDGE ( 'NONE', *, *, #8030, .F. ) ;
#671 = DIRECTION ( 'NONE',  ( -0.000000000000000000, 1.000000000000000000, 3.890984756615977524E-15 ) ) ;
#672 = APPLICATION_CONTEXT ( 'automotive_design' ) ;
#673 = CARTESIAN_POINT ( 'NONE',  ( -33.39999999999998437, -34.33129643109947438, 3.407651003243799437 ) ) ;
#674 = ORIENTED_EDGE ( 'NONE', *, *, #8377, .T. ) ;
#675 = EDGE_LOOP ( 'NONE', ( #6314, #7796, #5594, #1617 ) ) ;
#676 = DIRECTION ( 'NONE',  ( 0.000000000000000000, -1.000000000000000000, 0.000000000000000000 ) ) ;
#677 = VERTEX_POINT ( 'NONE', #8931 ) ;
#678 = DIRECTION ( 'NONE',  ( 0.000000000000000000, 0.000000000000000000, 1.000000000000000000 ) ) ;
#679 = ORIENTED_EDGE ( 'NONE', *, *, #5134, .F. ) ;
#680 = CARTESIAN_POINT ( 'NONE',  ( -32.89999988736123271, -1.956564004998831319, 32.74201651540122526 ) ) ;
#681 = ORIENTED_EDGE ( 'NONE', *, *, #4325, .F. ) ;
#682 = DIRECTION ( 'NONE',  ( 1.000000000000000000, -2.161476583036237957E-16, -5.473344771987708442E-16 ) ) ;
#683 = AXIS2_PLACEMENT_3D ( 'NONE', #2515, #7168, #1821 ) ;
#684 = DIRECTION ( 'NONE',  ( -1.000000000000000000, 4.440892098500626162E-16, 2.121142188857532135E-16 ) ) ;
#685 = CARTESIAN_POINT ( 'NONE',  ( -39.92017501842906313, -31.29423380247413888, 2.517509442474079151 ) ) ;
#686 = CARTESIAN_POINT ( 'NONE',  ( -29.29999999999997939, 19.23330444827511698, -19.23330444827406538 ) ) ;
#687 = CIRCLE ( 'NONE', #1331, 32.49999999999999289 ) ;
#688 = ADVANCED_FACE ( 'NONE', ( #2083 ), #639, .F. ) ;
#689 = EDGE_CURVE ( 'NONE', #4681, #5164, #2475, .T. ) ;
#690 = DIRECTION ( 'NONE',  ( 1.000000000000000000, -1.348081413631192369E-15, -3.190558386184555325E-16 ) ) ;
#691 = CARTESIAN_POINT ( 'NONE',  ( -32.39999999999192681, 31.69999999999998508, -1.464757135027916490E-13 ) ) ;
#692 = DIRECTION ( 'NONE',  ( 0.000000000000000000, 0.5437741451046712582, 0.8392316004034189314 ) ) ;
#693 = CARTESIAN_POINT ( 'NONE',  ( -29.49999999999997158, 31.70000000000096918, -9.215397183191785983E-15 ) ) ;
#694 = CIRCLE ( 'NONE', #2291, 33.30000000000000426 ) ;
#695 = LINE ( 'NONE', #9838, #6956 ) ;
#696 = CARTESIAN_POINT ( 'NONE',  ( -32.89999999526666841, -25.68341856993593808, -20.40130917828284751 ) ) ;
#697 = EDGE_LOOP ( 'NONE', ( #1735, #60, #5116, #8143 ) ) ;
#698 = ORIENTED_EDGE ( 'NONE', *, *, #3580, .T. ) ;
#699 = EDGE_CURVE ( 'NONE', #6898, #727, #9816, .T. ) ;
#700 = ADVANCED_FACE ( 'NONE', ( #2977 ), #1995, .F. ) ;
#701 = EDGE_CURVE ( 'NONE', #6023, #1966, #886, .T. ) ;
#702 = DIRECTION ( 'NONE',  ( 0.000000000000000000, 0.7416517493508177905, 0.6707851240783978541 ) ) ;
#703 = ORIENTED_EDGE ( 'NONE', *, *, #8705, .F. ) ;
#704 = DIRECTION ( 'NONE',  ( 1.348081413631192172E-15, 1.000000000000000000, 0.000000000000000000 ) ) ;
#705 = DIRECTION ( 'NONE',  ( 2.185478394931410575E-15, 1.000000000000000000, 0.000000000000000000 ) ) ;
#706 = CARTESIAN_POINT ( 'NONE',  ( -32.89997779355446283, 31.86760331434211579, 4.454217584174126721 ) ) ;
#707 = VERTEX_POINT ( 'NONE', #3695 ) ;
#708 = CARTESIAN_POINT ( 'NONE',  ( -32.66157607626418979, -1.199999999998877298, -33.22396341765642092 ) ) ;
#709 = EDGE_LOOP ( 'NONE', ( #111, #425, #8844, #8865 ) ) ;
#710 = ORIENTED_EDGE ( 'NONE', *, *, #6685, .F. ) ;
#711 = EDGE_CURVE ( 'NONE', #1929, #1400, #4541, .T. ) ;
#712 = CARTESIAN_POINT ( 'NONE',  ( -4.000000000000003553, 5.392325654524796299E-15, 1.276223354473827061E-15 ) ) ;
#713 = ORIENTED_EDGE ( 'NONE', *, *, #4090, .F. ) ;
#714 = CARTESIAN_POINT ( 'NONE',  ( -33.39999999999998437, 34.33129643110145679, -3.407651003243834964 ) ) ;
#715 = CARTESIAN_POINT ( 'NONE',  ( -83.77726090546464377, 34.33129643110145679, -3.407651003243834964 ) ) ;
#716 = ORIENTED_EDGE ( 'NONE', *, *, #6130, .T. ) ;
#717 = DIRECTION ( 'NONE',  ( 0.000000000000000000, -3.890984756615976735E-15, 1.000000000000000000 ) ) ;
#718 = AXIS2_PLACEMENT_3D ( 'NONE', #5246, #9132, #2828 ) ;
#719 = ORIENTED_EDGE ( 'NONE', *, *, #8434, .F. ) ;
#720 = ORIENTED_EDGE ( 'NONE', *, *, #7377, .T. ) ;
#721 = DIRECTION ( 'NONE',  ( -1.000000000000000000, -1.175656832681595541E-18, 2.479139147737537908E-18 ) ) ;
#722 = ORIENTED_EDGE ( 'NONE', *, *, #1574, .F. ) ;
#723 = AXIS2_PLACEMENT_3D ( 'NONE', #9832, #5943, #5991 ) ;
#724 = DIRECTION ( 'NONE',  ( 1.000000000000000000, -2.161476583036237957E-16, -5.473344771987708442E-16 ) ) ;
#725 = ORIENTED_EDGE ( 'NONE', *, *, #4311, .F. ) ;
#726 = CARTESIAN_POINT ( 'NONE',  ( -32.89999999995351487, -7.165306254063328772, 32.00784188720925982 ) ) ;
#727 = VERTEX_POINT ( 'NONE', #5451 ) ;
#728 = CARTESIAN_POINT ( 'NONE',  ( -29.29999999999999361, -13.28949793359917031, -16.89121196084442289 ) ) ;
#729 = PRODUCT_CONTEXT ( 'NONE', #672, 'mechanical' ) ;
#730 = LINE ( 'NONE', #9830, #4592 ) ;
#731 = DIRECTION ( 'NONE',  ( -2.342899477122753426E-14, 0.9996668420752110595, 0.02581094448824655316 ) ) ;
#732 = DIRECTION ( 'NONE',  ( -1.000000000000000000, 0.000000000000000000, 0.000000000000000000 ) ) ;
#733 = CARTESIAN_POINT ( 'NONE',  ( -30.89999999999998792, 1.007476390756466385E-14, 1.622779942970096890E-14 ) ) ;
#734 = CARTESIAN_POINT ( 'NONE',  ( -32.39999999999999858, -31.90149751653931531, 3.948461927080701095 ) ) ;
#735 = LINE ( 'NONE', #3795, #7057 ) ;
#736 = DIRECTION ( 'NONE',  ( 1.000000000000000000, -4.440892098500626162E-16, -2.121142188857532135E-16 ) ) ;
#737 = CARTESIAN_POINT ( 'NONE',  ( -22.99999999999996803, 30.73958990536376845, -0.8000702782374641275 ) ) ;
#738 = EDGE_CURVE ( 'NONE', #4923, #95, #9338, .T. ) ;
#739 = FACE_OUTER_BOUND ( 'NONE', #7708, .T. ) ;
#740 = ADVANCED_FACE ( 'NONE', ( #4169 ), #4077, .F. ) ;
#741 = CARTESIAN_POINT ( 'NONE',  ( -32.89999998466274178, -26.57028936752684700, -19.23208250525692975 ) ) ;
#742 = VERTEX_POINT ( 'NONE', #6367 ) ;
#743 = EDGE_LOOP ( 'NONE', ( #2370, #3470 ) ) ;
#744 = CARTESIAN_POINT ( 'NONE',  ( -33.89999999999998437, 15.00000000000087752, 15.00000000000004796 ) ) ;
#745 = VERTEX_POINT ( 'NONE', #9502 ) ;
#746 = CARTESIAN_POINT ( 'NONE',  ( -2.000000000000058176, -31.50000000000000000, -1.925929944387235853E-31 ) ) ;
#747 = DIRECTION ( 'NONE',  ( -1.000000000000000000, -1.175656832681595541E-18, 2.479139147737537908E-18 ) ) ;
#748 = VECTOR ( 'NONE', #2330, 1000.000000000000000 ) ;
#749 = CARTESIAN_POINT ( 'NONE',  ( -32.39999999999999858, 31.85891773588923570, 3.949561317706383079 ) ) ;
#750 = CIRCLE ( 'NONE', #5075, 33.30000000000000426 ) ;
#751 = EDGE_CURVE ( 'NONE', #9570, #801, #6932, .T. ) ;
#752 = AXIS2_PLACEMENT_3D ( 'NONE', #5973, #2263, #7608 ) ;
#753 = AXIS2_PLACEMENT_3D ( 'NONE', #1741, #3089, #3901 ) ;
#754 = ORIENTED_EDGE ( 'NONE', *, *, #1632, .F. ) ;
#755 = EDGE_CURVE ( 'NONE', #9583, #5379, #4693, .T. ) ;
#756 = EDGE_CURVE ( 'NONE', #3659, #7854, #1164, .T. ) ;
#757 = DIRECTION ( 'NONE',  ( -1.000000000000000000, -1.175656832681595541E-18, 2.479139147737537908E-18 ) ) ;
#758 = ORIENTED_EDGE ( 'NONE', *, *, #5120, .F. ) ;
#759 = AXIS2_PLACEMENT_3D ( 'NONE', #4568, #762, #816 ) ;
#760 = ORIENTED_EDGE ( 'NONE', *, *, #2975, .T. ) ;
#761 = LINE ( 'NONE', #9005, #7715 ) ;
#762 = DIRECTION ( 'NONE',  ( 1.000000000000000000, -1.349229370204183383E-15, -3.166558725989409619E-16 ) ) ;
#763 = ORIENTED_EDGE ( 'NONE', *, *, #932, .F. ) ;
#764 = DIRECTION ( 'NONE',  ( 0.000000000000000000, -1.000000000000000000, 0.000000000000000000 ) ) ;
#765 = AXIS2_PLACEMENT_3D ( 'NONE', #2298, #2944, #5316 ) ;
#766 = FACE_OUTER_BOUND ( 'NONE', #7604, .T. ) ;
#767 = ORIENTED_EDGE ( 'NONE', *, *, #8253, .F. ) ;
#768 = FACE_OUTER_BOUND ( 'NONE', #9144, .T. ) ;
#769 = CIRCLE ( 'NONE', #9225, 3.749999999999998224 ) ;
#770 = VECTOR ( 'NONE', #8638, 1000.000000000000114 ) ;
#771 = ADVANCED_FACE ( 'NONE', ( #6417 ), #7733, .T. ) ;
#772 = ADVANCED_FACE ( 'NONE', ( #8005 ), #2648, .F. ) ;
#773 = ORIENTED_EDGE ( 'NONE', *, *, #6751, .T. ) ;
#774 = AXIS2_PLACEMENT_3D ( 'NONE', #835, #9127, #2228 ) ;
#775 = ORIENTED_EDGE ( 'NONE', *, *, #2851, .F. ) ;
#776 = CARTESIAN_POINT ( 'NONE',  ( -29.29999999999997229, 28.12890625000001421, 4.584172027608801159 ) ) ;
#777 = CARTESIAN_POINT ( 'NONE',  ( -19.89732793106028552, -31.91870648513826225, 4.948350868272161307 ) ) ;
#778 = ORIENTED_EDGE ( 'NONE', *, *, #7723, .F. ) ;
#779 = CARTESIAN_POINT ( 'NONE',  ( -32.89999999999999147, -6.376897233579128965, 32.17943567153807294 ) ) ;
#780 = ORIENTED_EDGE ( 'NONE', *, *, #1793, .F. ) ;
#781 = PRESENTATION_STYLE_ASSIGNMENT (( #8371 ) ) ;
#782 = AXIS2_PLACEMENT_3D ( 'NONE', #1272, #8167, #527 ) ;
#783 = DIRECTION ( 'NONE',  ( 1.000000000000000000, 1.175656832681595541E-18, -2.479139147737537908E-18 ) ) ;
#784 = EDGE_CURVE ( 'NONE', #2663, #4572, #7585, .T. ) ;
#785 = CARTESIAN_POINT ( 'NONE',  ( -21.60000000000000142, 8.064590685340961693E-15, 1.113758879175237781E-14 ) ) ;
#786 = CIRCLE ( 'NONE', #8942, 33.30000000000001137 ) ;
#787 = DIRECTION ( 'NONE',  ( 0.000000000000000000, -0.7416517493508131276, -0.6707851240784030722 ) ) ;
#788 = AXIS2_PLACEMENT_3D ( 'NONE', #9767, #2914, #6814 ) ;
#789 = CARTESIAN_POINT ( 'NONE',  ( -32.39999999999998437, -31.91870648513826225, 4.948350868272161307 ) ) ;
#790 = DIRECTION ( 'NONE',  ( 1.000000000000000000, -4.440892098493159100E-16, -2.121142188919197885E-16 ) ) ;
#791 = VECTOR ( 'NONE', #2335, 1000.000000000000000 ) ;
#792 = CARTESIAN_POINT ( 'NONE',  ( -32.89999999999999858, -23.75309552693140347, 22.61925112298316876 ) ) ;
#793 = LINE ( 'NONE', #3852, #1379 ) ;
#794 = CARTESIAN_POINT ( 'NONE',  ( -32.89997779355446283, -31.82927440852758849, -4.454712319216709737 ) ) ;
#795 = VECTOR ( 'NONE', #6609, 1000.000000000000227 ) ;
#796 = CARTESIAN_POINT ( 'NONE',  ( -33.89999999999998437, -14.99999999999888978, -15.00000000000006928 ) ) ;
#797 = CARTESIAN_POINT ( 'NONE',  ( -29.29999999999998650, -28.77408854166666785, 3.820143356340680363 ) ) ;
#798 = CARTESIAN_POINT ( 'NONE',  ( -32.89999993779669296, -27.46996949414295841, -17.92365214416956221 ) ) ;
#799 = VERTEX_POINT ( 'NONE', #1815 ) ;
#800 = CIRCLE ( 'NONE', #2700, 2.249999999999998668 ) ;
#801 = VERTEX_POINT ( 'NONE', #7117 ) ;
#802 = AXIS2_PLACEMENT_3D ( 'NONE', #6743, #7586, #6051 ) ;
#803 = CARTESIAN_POINT ( 'NONE',  ( -32.39999999999326263, -32.35660431418611438, 1.285380919387597354 ) ) ;
#804 = ORIENTED_EDGE ( 'NONE', *, *, #6562, .F. ) ;
#805 = DIRECTION ( 'NONE',  ( 0.7071067811865359154, 0.000000000000000000, -0.7071067811865591191 ) ) ;
#806 = CARTESIAN_POINT ( 'NONE',  ( -29.29999999999999005, -20.03330444827313173, 19.23330444827405472 ) ) ;
#807 = EDGE_CURVE ( 'NONE', #920, #4233, #9454, .T. ) ;
#808 = CARTESIAN_POINT ( 'NONE',  ( -23.49999999999997158, 15.00000000000098410, 14.99999999999992717 ) ) ;
#809 = AXIS2_PLACEMENT_3D ( 'NONE', #3733, #2919, #1369 ) ;
#810 = ORIENTED_EDGE ( 'NONE', *, *, #3278, .T. ) ;
#811 = CYLINDRICAL_SURFACE ( 'NONE', #3166, 0.7999999999999917177 ) ;
#812 = ORIENTED_EDGE ( 'NONE', *, *, #6637, .F. ) ;
#813 = CIRCLE ( 'NONE', #333, 1.599999999999998979 ) ;
#814 = ORIENTED_EDGE ( 'NONE', *, *, #7565, .F. ) ;
#815 = CARTESIAN_POINT ( 'NONE',  ( -83.77726090546464377, -8.799999999998867395, -33.35880693310244283 ) ) ;
#816 = DIRECTION ( 'NONE',  ( -1.350006576062595882E-15, -1.000000000000000000, 0.000000000000000000 ) ) ;
#817 = ORIENTED_EDGE ( 'NONE', *, *, #8434, .T. ) ;
#818 = DIRECTION ( 'NONE',  ( -1.000000000000000000, -1.175656832681595541E-18, 2.479139147737537908E-18 ) ) ;
#819 = VECTOR ( 'NONE', #2157, 1000.000000000000000 ) ;
#820 = ADVANCED_FACE ( 'NONE', ( #261 ), #8859, .F. ) ;
#821 = CARTESIAN_POINT ( 'NONE',  ( -29.29999999999995808, 17.72403791909884418, 20.90202088431324867 ) ) ;
#822 = ORIENTED_EDGE ( 'NONE', *, *, #3948, .F. ) ;
#823 = EDGE_CURVE ( 'NONE', #2268, #9337, #6885, .T. ) ;
#824 = CARTESIAN_POINT ( 'NONE',  ( -29.29999999999997939, 19.23330444827511698, -19.23330444827406538 ) ) ;
#825 = ORIENTED_EDGE ( 'NONE', *, *, #4431, .T. ) ;
#826 = VERTEX_POINT ( 'NONE', #9174 ) ;
#827 = DIRECTION ( 'NONE',  ( -1.000000000000000000, -1.179389324206871456E-17, 8.825547355056098943E-16 ) ) ;
#828 = LINE ( 'NONE', #3884, #8816 ) ;
#829 = ORIENTED_EDGE ( 'NONE', *, *, #8145, .T. ) ;
#830 = CARTESIAN_POINT ( 'NONE',  ( -32.89999987456427277, -2.039829107258594121, 32.73690996738217507 ) ) ;
#831 = EDGE_CURVE ( 'NONE', #9410, #2108, #7906, .T. ) ;
#832 = ORIENTED_EDGE ( 'NONE', *, *, #1938, .F. ) ;
#833 = EDGE_CURVE ( 'NONE', #4557, #1927, #7683, .T. ) ;
#834 = EDGE_CURVE ( 'NONE', #8249, #1271, #5844, .T. ) ;
#835 = CARTESIAN_POINT ( 'NONE',  ( -29.29999999999997939, 19.23330444827511698, -19.23330444827406538 ) ) ;
#836 = AXIS2_PLACEMENT_3D ( 'NONE', #9137, #2285, #4446 ) ;
#837 = DIRECTION ( 'NONE',  ( 1.348081413631192369E-15, 1.000000000000000000, 0.000000000000000000 ) ) ;
#838 = DIRECTION ( 'NONE',  ( 0.000000000000000000, 0.000000000000000000, 1.000000000000000000 ) ) ;
#839 = DIRECTION ( 'NONE',  ( -1.000000000000000000, -1.175656832681595541E-18, 2.479139147737537908E-18 ) ) ;
#840 = CYLINDRICAL_SURFACE ( 'NONE', #3411, 1.249999999999987121 ) ;
#841 = EDGE_CURVE ( 'NONE', #1752, #3306, #7116, .T. ) ;
#842 = DIRECTION ( 'NONE',  ( 1.000000000000000000, -4.440892098500626162E-16, -2.121142188857532135E-16 ) ) ;
#843 = EDGE_CURVE ( 'NONE', #9603, #9164, #6186, .T. ) ;
#844 = CIRCLE ( 'NONE', #8343, 1.249999999969348519 ) ;
#845 = LINE ( 'NONE', #3087, #4503 ) ;
#846 = DIRECTION ( 'NONE',  ( 0.000000000000000000, -1.000000000000000000, 0.000000000000000000 ) ) ;
#847 = DIRECTION ( 'NONE',  ( 0.000000000000000000, 0.000000000000000000, 1.000000000000000000 ) ) ;
#848 = CARTESIAN_POINT ( 'NONE',  ( -33.39999999999996305, 33.87364542785749677, -2.949999999999877609 ) ) ;
#849 = CARTESIAN_POINT ( 'NONE',  ( -32.89999994584385945, -30.24893641099072639, -12.68509702441594378 ) ) ;
#850 = ORIENTED_EDGE ( 'NONE', *, *, #823, .T. ) ;
#851 = ORIENTED_EDGE ( 'NONE', *, *, #1384, .F. ) ;
#852 = CARTESIAN_POINT ( 'NONE',  ( -0.9999999999763531378, 1.348081413599313317E-15, 3.190558386109109655E-16 ) ) ;
#853 = ORIENTED_EDGE ( 'NONE', *, *, #6671, .F. ) ;
#854 = DIRECTION ( 'NONE',  ( -1.000000000000000000, 4.440892098500626162E-16, 2.121142188857532135E-16 ) ) ;
#855 = CARTESIAN_POINT ( 'NONE',  ( -30.89999999999998082, 28.12890625000001421, 4.584172027608801159 ) ) ;
#856 = CARTESIAN_POINT ( 'NONE',  ( -20.89999999999996660, 19.23500000000000654, 17.98500000000002075 ) ) ;
#857 = AXIS2_PLACEMENT_3D ( 'NONE', #7382, #7273, #1371 ) ;
#858 = DIRECTION ( 'NONE',  ( 0.000000000000000000, 0.000000000000000000, 1.000000000000000000 ) ) ;
#859 = ORIENTED_EDGE ( 'NONE', *, *, #8210, .T. ) ;
#860 = DIRECTION ( 'NONE',  ( -1.000000000000000000, 4.440892098500626162E-16, 2.121142188857532135E-16 ) ) ;
#861 = ORIENTED_EDGE ( 'NONE', *, *, #5045, .F. ) ;
#862 = VERTEX_POINT ( 'NONE', #8477 ) ;
#863 = CARTESIAN_POINT ( 'NONE',  ( -32.89999999999999147, -32.24699205545950775, -4.569021165610479329 ) ) ;
#864 = CYLINDRICAL_SURFACE ( 'NONE', #4762, 1.249999999999987121 ) ;
#865 = EDGE_LOOP ( 'NONE', ( #1474, #2269, #5208, #2202 ) ) ;
#866 = CARTESIAN_POINT ( 'NONE',  ( -30.69999999999998508, -34.33129643109944595, -3.407651003244099641 ) ) ;
#867 = CARTESIAN_POINT ( 'NONE',  ( -30.69999999999998508, -31.79094230992147985, -2.950000000000135181 ) ) ;
#868 = ORIENTED_EDGE ( 'NONE', *, *, #8282, .F. ) ;
#869 = CARTESIAN_POINT ( 'NONE',  ( -31.79999999999998650, -4.049999999998875388, -33.05279867121696924 ) ) ;
#870 = ORIENTED_EDGE ( 'NONE', *, *, #6288, .T. ) ;
#871 = EDGE_CURVE ( 'NONE', #3976, #908, #2791, .T. ) ;
#872 = ADVANCED_FACE ( 'NONE', ( #9757 ), #5774, .T. ) ;
#873 = ORIENTED_EDGE ( 'NONE', *, *, #4554, .T. ) ;
#874 = DIRECTION ( 'NONE',  ( -1.000000000000000000, 4.440892098500626162E-16, 2.121142188857532135E-16 ) ) ;
#875 = CARTESIAN_POINT ( 'NONE',  ( -30.69999999999998508, -31.69999999999900808, 1.599999999999862865 ) ) ;
#876 = ORIENTED_EDGE ( 'NONE', *, *, #4812, .T. ) ;
#877 = CARTESIAN_POINT ( 'NONE',  ( -32.89999998867115494, -0.9630164416630233593, 32.78727800629138756 ) ) ;
#878 = ORIENTED_EDGE ( 'NONE', *, *, #1793, .T. ) ;
#879 = VECTOR ( 'NONE', #2442, 1000.000000000000114 ) ;
#880 = SURFACE_SIDE_STYLE ('',( #2276 ) ) ;
#881 = CARTESIAN_POINT ( 'NONE',  ( 3.939212110764742254E-15, -4.433740612592987085E-14, 12.50000000000000000 ) ) ;
#882 = DIRECTION ( 'NONE',  ( -1.000000000000000000, 2.161476583036224152E-16, 5.473344771987640402E-16 ) ) ;
#883 = EDGE_CURVE ( 'NONE', #73, #2118, #4726, .T. ) ;
#884 = EDGE_CURVE ( 'NONE', #5540, #4658, #7267, .T. ) ;
#885 = EDGE_CURVE ( 'NONE', #6704, #3143, #3806, .T. ) ;
#886 = CIRCLE ( 'NONE', #4239, 3.950000000000002842 ) ;
#887 = EDGE_LOOP ( 'NONE', ( #1994, #3575 ) ) ;
#888 = FACE_BOUND ( 'NONE', #937, .T. ) ;
#889 = FACE_OUTER_BOUND ( 'NONE', #6810, .T. ) ;
#890 = CARTESIAN_POINT ( 'NONE',  ( -32.89999999999998437, -28.69342315293552659, 15.97760343888591450 ) ) ;
#891 = DIRECTION ( 'NONE',  ( -1.000000000000000000, 4.440892098500626162E-16, 2.121142188857532135E-16 ) ) ;
#892 = CARTESIAN_POINT ( 'NONE',  ( -29.29999999999999005, -18.43330444827314807, 19.23330444827405472 ) ) ;
#893 = CARTESIAN_POINT ( 'NONE',  ( -32.39999999999998437, 31.89289554065200605, -3.948684026196973562 ) ) ;
#894 = CARTESIAN_POINT ( 'NONE',  ( -33.32500000000000995, -32.78040843100728807, 2.115027806485926032 ) ) ;
#895 = EDGE_CURVE ( 'NONE', #7749, #9054, #6094, .T. ) ;
#896 = CARTESIAN_POINT ( 'NONE',  ( -32.89999999999738378, -31.10348773396383848, -10.41226639014597133 ) ) ;
#897 = ORIENTED_EDGE ( 'NONE', *, *, #699, .T. ) ;
#898 = EDGE_LOOP ( 'NONE', ( #6420, #7662, #1025, #5619 ) ) ;
#899 = FACE_OUTER_BOUND ( 'NONE', #7572, .T. ) ;
#900 = ORIENTED_EDGE ( 'NONE', *, *, #6394, .F. ) ;
#901 = CARTESIAN_POINT ( 'NONE',  ( -32.39999999999999147, 33.92634505945878942, 1.137272032639081720 ) ) ;
#902 = DIRECTION ( 'NONE',  ( 1.000000000000000000, -2.161476583036237957E-16, -5.473344771987708442E-16 ) ) ;
#903 = CARTESIAN_POINT ( 'NONE',  ( -29.49999999999999645, -32.95528202195001199, 4.779057109270946846 ) ) ;
#904 = CARTESIAN_POINT ( 'NONE',  ( -20.89999999999996660, 19.23500000000000654, 19.23500000000001009 ) ) ;
#905 = CARTESIAN_POINT ( 'NONE',  ( -32.39999999999998437, -31.91870648513826225, 4.948350868272161307 ) ) ;
#906 = AXIS2_PLACEMENT_3D ( 'NONE', #1284, #1377, #5988 ) ;
#907 = DIRECTION ( 'NONE',  ( -3.690901012716610650E-16, -1.000000000000000000, 0.000000000000000000 ) ) ;
#908 = VERTEX_POINT ( 'NONE', #8200 ) ;
#909 = ORIENTED_EDGE ( 'NONE', *, *, #4767, .F. ) ;
#910 = CARTESIAN_POINT ( 'NONE',  ( -32.89999999999997016, -32.37871703940889034, -4.750976394860427554 ) ) ;
#911 = DIRECTION ( 'NONE',  ( 1.000000000000000000, 0.000000000000000000, 3.642919299551291743E-14 ) ) ;
#912 = CIRCLE ( 'NONE', #9367, 2.750000000000002665 ) ;
#913 = ORIENTED_EDGE ( 'NONE', *, *, #622, .F. ) ;
#914 = DIRECTION ( 'NONE',  ( 0.000000000000000000, 0.4549088130556971921, -0.8905380237835196500 ) ) ;
#915 = AXIS2_PLACEMENT_3D ( 'NONE', #7058, #2544, #4861 ) ;
#916 = CARTESIAN_POINT ( 'NONE',  ( -33.89999999999998437, -34.49999999999901235, -3.449999999999899369 ) ) ;
#917 = CARTESIAN_POINT ( 'NONE',  ( -23.49999999999997158, 13.75000000000099298, 14.99999999999992717 ) ) ;
#918 = AXIS2_PLACEMENT_3D ( 'NONE', #2229, #540, #6634 ) ;
#919 = VECTOR ( 'NONE', #2359, 1000.000000000000000 ) ;
#920 = VERTEX_POINT ( 'NONE', #7365 ) ;
#921 = VERTEX_POINT ( 'NONE', #1354 ) ;
#922 = DIRECTION ( 'NONE',  ( 1.000000000000000000, -4.440892098493159100E-16, -2.121142188919197885E-16 ) ) ;
#923 = AXIS2_PLACEMENT_3D ( 'NONE', #371, #419, #2762 ) ;
#924 = CIRCLE ( 'NONE', #3482, 1.649999999999995248 ) ;
#925 = CARTESIAN_POINT ( 'NONE',  ( -33.89999999999997726, 33.82451034383462485, 3.449999999984249666 ) ) ;
#926 = ORIENTED_EDGE ( 'NONE', *, *, #5241, .T. ) ;
#927 = DIRECTION ( 'NONE',  ( 8.825547355056099929E-16, 0.000000000000000000, 1.000000000000000000 ) ) ;
#928 = VERTEX_POINT ( 'NONE', #3569 ) ;
#929 = CIRCLE ( 'NONE', #5412, 1.249999999999992450 ) ;
#930 =( NAMED_UNIT ( * ) SI_UNIT ( $, .STERADIAN. ) SOLID_ANGLE_UNIT ( ) );
#931 = PRODUCT_RELATED_PRODUCT_CATEGORY ( 'part', '', ( #8697 ) ) ;
#932 = EDGE_CURVE ( 'NONE', #7460, #8647, #3646, .T. ) ;
#933 = CARTESIAN_POINT ( 'NONE',  ( -32.89999999999999147, 32.35644998611481782, -4.696673805190532569 ) ) ;
#934 = CONICAL_SURFACE ( 'NONE', #8265, 1.249999999778696802, 1.047197550879676031 ) ;
#935 = DIRECTION ( 'NONE',  ( -1.080641182931989075E-14, 0.1531997172839835164, 0.9881952472179309499 ) ) ;
#936 = AXIS2_PLACEMENT_3D ( 'NONE', #1344, #9843, #553 ) ;
#937 = EDGE_LOOP ( 'NONE', ( #5288, #9874 ) ) ;
#938 = CYLINDRICAL_SURFACE ( 'NONE', #9466, 33.00000000000000000 ) ;
#939 = AXIS2_PLACEMENT_3D ( 'NONE', #200, #5560, #1753 ) ;
#940 = EDGE_CURVE ( 'NONE', #4264, #3393, #5964, .T. ) ;
#941 = CARTESIAN_POINT ( 'NONE',  ( -32.89999999999999858, -30.89344087968826003, 11.50915662193506250 ) ) ;
#942 = EDGE_CURVE ( 'NONE', #7366, #9478, #2366, .T. ) ;
#943 = DIRECTION ( 'NONE',  ( -1.000000000000000000, 4.440892098500626162E-16, 2.121142188857532135E-16 ) ) ;
#944 = DIRECTION ( 'NONE',  ( -1.000000000000000000, 1.348081413631192369E-15, 3.190558386184555325E-16 ) ) ;
#945 = CARTESIAN_POINT ( 'NONE',  ( -29.29999999999997939, 21.48330444827511698, -19.23330444827406538 ) ) ;
#946 = CIRCLE ( 'NONE', #4620, 0.7999999999999917177 ) ;
#947 = DIRECTION ( 'NONE',  ( 0.000000000000000000, 0.000000000000000000, 1.000000000000000000 ) ) ;
#948 = ORIENTED_EDGE ( 'NONE', *, *, #8225, .T. ) ;
#949 = CIRCLE ( 'NONE', #9243, 1.249999999999994227 ) ;
#950 = ORIENTED_EDGE ( 'NONE', *, *, #7892, .T. ) ;
#951 = CIRCLE ( 'NONE', #2218, 3.950000000000002842 ) ;
#952 = DIRECTION ( 'NONE',  ( -3.909790168050306255E-16, -0.8905380237835229806, -0.4549088130556910303 ) ) ;
#953 = VERTEX_POINT ( 'NONE', #6711 ) ;
#954 = CARTESIAN_POINT ( 'NONE',  ( -32.39999999982501322, -31.70000000000001350, 6.613633252161577047E-14 ) ) ;
#955 = CIRCLE ( 'NONE', #2541, 1.249999999999992450 ) ;
#956 = ADVANCED_FACE ( 'NONE', ( #6564 ), #5070, .T. ) ;
#957 = DIRECTION ( 'NONE',  ( 0.000000000000000000, 0.000000000000000000, 1.000000000000000000 ) ) ;
#958 = EDGE_CURVE ( 'NONE', #4688, #2706, #9382, .T. ) ;
#959 = CARTESIAN_POINT ( 'NONE',  ( -33.70000000000000284, -34.84964718196445688, -4.275844668500345058 ) ) ;
#960 = DIRECTION ( 'NONE',  ( -5.880418562633243017E-16, 0.000000000000000000, -1.000000000000000000 ) ) ;
#961 = AXIS2_PLACEMENT_3D ( 'NONE', #8525, #8476, #33 ) ;
#962 = ORIENTED_EDGE ( 'NONE', *, *, #3211, .T. ) ;
#963 = CARTESIAN_POINT ( 'NONE',  ( -22.79999999999999361, 31.69999999999998508, -1.499999999999047651 ) ) ;
#964 = ORIENTED_EDGE ( 'NONE', *, *, #1490, .T. ) ;
#965 = VERTEX_POINT ( 'NONE', #5175 ) ;
#966 = DIRECTION ( 'NONE',  ( -1.000000000000000000, -1.175656832681595541E-18, 2.479139147737537908E-18 ) ) ;
#967 = CARTESIAN_POINT ( 'NONE',  ( -20.89999999999999503, -19.23499999999999233, -19.23499999999998877 ) ) ;
#968 = VERTEX_POINT ( 'NONE', #6611 ) ;
#969 = LINE ( 'NONE', #3874, #6664 ) ;
#970 = CARTESIAN_POINT ( 'NONE',  ( -25.19999999999997442, 9.912274041282212708E-13, 33.29999999999996874 ) ) ;
#971 = CIRCLE ( 'NONE', #2875, 2.550000000000000266 ) ;
#972 = ADVANCED_FACE ( 'NONE', ( #3524 ), #5866, .F. ) ;
#973 = DIRECTION ( 'NONE',  ( 1.000000000000000000, -4.440892098500626162E-16, -2.121142188857532135E-16 ) ) ;
#974 = EDGE_CURVE ( 'NONE', #9650, #1498, #769, .T. ) ;
#975 =( BOUNDED_CURVE ( )  B_SPLINE_CURVE ( 3, ( #9802, #6800, #1350, #5961 ),
 .UNSPECIFIED., .F., .T. ) 
 B_SPLINE_CURVE_WITH_KNOTS ( ( 4, 4 ),
 ( 0.000000000000000000, 1.000000000000000000 ),
 .UNSPECIFIED. ) 
 CURVE ( )  GEOMETRIC_REPRESENTATION_ITEM ( )  RATIONAL_B_SPLINE_CURVE ( ( 1.000000000000000000, 0.3333333333333317050, 0.3333333333333317050, 1.000000000000000000 ) ) 
 REPRESENTATION_ITEM ( '' )  );
#976 = ORIENTED_EDGE ( 'NONE', *, *, #8807, .F. ) ;
#977 = ORIENTED_EDGE ( 'NONE', *, *, #1835, .F. ) ;
#978 = CARTESIAN_POINT ( 'NONE',  ( -33.70000000000000995, -32.78040843101915414, 2.115027806509128805 ) ) ;
#979 = AXIS2_PLACEMENT_3D ( 'NONE', #5769, #8800, #1258 ) ;
#980 = CARTESIAN_POINT ( 'NONE',  ( -30.89999999999999858, -14.99999999999998934, -14.99999999999998401 ) ) ;
#981 = VERTEX_POINT ( 'NONE', #4263 ) ;
#982 = CARTESIAN_POINT ( 'NONE',  ( -32.89999999999999147, -6.731588752650496548E-08, 32.79999999999892424 ) ) ;
#983 = ORIENTED_EDGE ( 'NONE', *, *, #207, .F. ) ;
#984 = CARTESIAN_POINT ( 'NONE',  ( -30.99999999999998579, -6.549999999998876277, -33.87251835928358190 ) ) ;
#985 = CARTESIAN_POINT ( 'NONE',  ( -33.32499999999999574, 31.69999999999998508, -1.456416044084281645E-13 ) ) ;
#986 = AXIS2_PLACEMENT_3D ( 'NONE', #3811, #604, #9041 ) ;
#987 = CARTESIAN_POINT ( 'NONE',  ( -30.69999999999998508, -31.79094230992147985, -2.950000000000135181 ) ) ;
#988 = ORIENTED_EDGE ( 'NONE', *, *, #9850, .F. ) ;
#989 = ORIENTED_EDGE ( 'NONE', *, *, #5837, .F. ) ;
#990 = PLANE ( 'NONE',  #8194 ) ;
#991 = VECTOR ( 'NONE', #4955, 1000.000000000000000 ) ;
#992 = DIRECTION ( 'NONE',  ( 1.000000000000000000, 0.000000000000000000, -0.000000000000000000 ) ) ;
#993 = CARTESIAN_POINT ( 'NONE',  ( -19.89732793106028552, -31.79094230992149406, -1.348017965037069699E-13 ) ) ;
#994 = CARTESIAN_POINT ( 'NONE',  ( -32.39999999999324132, 30.91512962736362979, -1.211326476013527387 ) ) ;
#995 = DIRECTION ( 'NONE',  ( 0.000000000000000000, 0.7071067811865505703, 0.7071067811865444641 ) ) ;
#996 = DIRECTION ( 'NONE',  ( 0.000000000000000000, -3.890984756615976735E-15, 1.000000000000000000 ) ) ;
#997 = ORIENTED_EDGE ( 'NONE', *, *, #2604, .T. ) ;
#998 = ADVANCED_FACE ( 'NONE', ( #5021 ), #8905, .F. ) ;
#999 = VERTEX_POINT ( 'NONE', #465 ) ;
#1000 = DIRECTION ( 'NONE',  ( 1.000000000000000000, -2.161476583036237957E-16, -5.473344771987708442E-16 ) ) ;
#1001 = VERTEX_POINT ( 'NONE', #5217 ) ;
#1002 = CARTESIAN_POINT ( 'NONE',  ( -22.40000000000001990, 1.036590798349710009E-14, -34.49999999999998579 ) ) ;
#1003 = DIRECTION ( 'NONE',  ( -1.000000000000000000, 3.053436136289727014E-16, 3.376023365338970638E-16 ) ) ;
#1004 = CARTESIAN_POINT ( 'NONE',  ( -33.89999999999997726, 9.947582915715884728E-13, -1.040834085586084257E-14 ) ) ;
#1005 = CARTESIAN_POINT ( 'NONE',  ( -29.29999999999997939, 28.12890625000001421, -4.584172027608765632 ) ) ;
#1006 = CIRCLE ( 'NONE', #363, 33.30000000000003268 ) ;
#1007 = CARTESIAN_POINT ( 'NONE',  ( -22.39999999999998082, 8.237508811983860769E-15, 34.00000000000000711 ) ) ;
#1008 = LINE ( 'NONE', #3208, #443 ) ;
#1009 = ORIENTED_EDGE ( 'NONE', *, *, #5945, .F. ) ;
#1010 = EDGE_CURVE ( 'NONE', #8867, #8276, #7468, .T. ) ;
#1011 = ADVANCED_FACE ( 'NONE', ( #7600 ), #811, .F. ) ;
#1012 = EDGE_CURVE ( 'NONE', #1570, #6202, #2304, .T. ) ;
#1013 = VERTEX_POINT ( 'NONE', #5367 ) ;
#1014 = CARTESIAN_POINT ( 'NONE',  ( -33.32500000000000995, -28.95000000000001350, 6.641061700974770858E-14 ) ) ;
#1015 = LINE ( 'NONE', #9306, #7462 ) ;
#1016 = ORIENTED_EDGE ( 'NONE', *, *, #5733, .T. ) ;
#1017 = DIRECTION ( 'NONE',  ( 5.102127870520021968E-16, 0.000000000000000000, 1.000000000000000000 ) ) ;
#1018 = VECTOR ( 'NONE', #6762, 1000.000000000000000 ) ;
#1019 = CARTESIAN_POINT ( 'NONE',  ( -32.90275887879867867, 31.79094230992349424, -4.159638747121379154 ) ) ;
#1020 = FACE_OUTER_BOUND ( 'NONE', #8298, .T. ) ;
#1021 = CARTESIAN_POINT ( 'NONE',  ( -29.29999999999996163, 19.23330444827523777, 19.23330444827390906 ) ) ;
#1022 = ORIENTED_EDGE ( 'NONE', *, *, #9260, .T. ) ;
#1023 = VECTOR ( 'NONE', #1783, 1000.000000000000000 ) ;
#1024 = ADVANCED_FACE ( 'NONE', ( #8396, #9804 ), #6217, .T. ) ;
#1025 = ORIENTED_EDGE ( 'NONE', *, *, #2771, .T. ) ;
#1026 = FACE_OUTER_BOUND ( 'NONE', #8071, .T. ) ;
#1027 = DIRECTION ( 'NONE',  ( -1.000000000000000000, 4.440892098500626162E-16, 2.121142188857532135E-16 ) ) ;
#1028 = ORIENTED_EDGE ( 'NONE', *, *, #3278, .F. ) ;
#1029 = FACE_OUTER_BOUND ( 'NONE', #6983, .T. ) ;
#1030 = ORIENTED_EDGE ( 'NONE', *, *, #1872, .T. ) ;
#1031 = CARTESIAN_POINT ( 'NONE',  ( -29.29999999999997939, -15.00000000000004086, 14.99999999999996270 ) ) ;
#1032 = SURFACE_STYLE_USAGE ( .BOTH. , #1174 ) ;
#1033 = DIRECTION ( 'NONE',  ( -1.000000000000000000, 4.440892098500626162E-16, 2.121142188857532135E-16 ) ) ;
#1034 = ORIENTED_EDGE ( 'NONE', *, *, #5797, .F. ) ;
#1035 = CARTESIAN_POINT ( 'NONE',  ( -31.67831216327954280, -31.69999999992895923, -1.136208339865433556E-10 ) ) ;
#1036 = DIRECTION ( 'NONE',  ( -1.000000000000000000, 4.440892098493158114E-16, 2.121142188919196899E-16 ) ) ;
#1037 = CARTESIAN_POINT ( 'NONE',  ( -23.49999999999999645, -30.73958990536178248, 0.8000702782374111699 ) ) ;
#1038 = CIRCLE ( 'NONE', #7105, 2.550000000000000266 ) ;
#1039 = FACE_OUTER_BOUND ( 'NONE', #2571, .T. ) ;
#1040 = DIRECTION ( 'NONE',  ( 3.038316693786252215E-32, 1.000000000000000000, 5.551115123125803656E-17 ) ) ;
#1041 = ORIENTED_EDGE ( 'NONE', *, *, #8329, .T. ) ;
#1042 = ORIENTED_EDGE ( 'NONE', *, *, #7789, .F. ) ;
#1043 = LINE ( 'NONE', #6442, #2200 ) ;
#1044 = CARTESIAN_POINT ( 'NONE',  ( -29.49999999999998934, 31.70000000000099050, 1.122642985676348249E-13 ) ) ;
#1045 = PLANE ( 'NONE',  #6724 ) ;
#1046 = CARTESIAN_POINT ( 'NONE',  ( -83.77726090546464377, -31.91870648513821962, -4.948350868272433978 ) ) ;
#1047 = EDGE_CURVE ( 'NONE', #234, #4525, #4604, .T. ) ;
#1048 = CARTESIAN_POINT ( 'NONE',  ( -25.19999999999998508, -19.23330444827314523, 19.23330444827405472 ) ) ;
#1049 = DIRECTION ( 'NONE',  ( 0.000000000000000000, 0.000000000000000000, 1.000000000000000000 ) ) ;
#1050 = EDGE_LOOP ( 'NONE', ( #355, #7897 ) ) ;
#1051 = ORIENTED_EDGE ( 'NONE', *, *, #2267, .F. ) ;
#1052 = DIRECTION ( 'NONE',  ( -1.000000000000000000, 4.440892098500626162E-16, 2.121142188857532135E-16 ) ) ;
#1053 = CARTESIAN_POINT ( 'NONE',  ( -29.29999999999996874, 20.90202088431462357, 17.72403791909756876 ) ) ;
#1054 = ORIENTED_EDGE ( 'NONE', *, *, #6099, .T. ) ;
#1055 = DIRECTION ( 'NONE',  ( -3.414809992081600568E-16, 5.551115123125798726E-17, -1.000000000000000000 ) ) ;
#1056 = CARTESIAN_POINT ( 'NONE',  ( -32.89997779355446283, 31.82927440852960643, -4.454712319216461935 ) ) ;
#1057 = FACE_BOUND ( 'NONE', #5709, .T. ) ;
#1058 = EDGE_CURVE ( 'NONE', #8365, #2690, #1882, .T. ) ;
#1059 = EDGE_CURVE ( 'NONE', #456, #5570, #2832, .T. ) ;
#1060 = EDGE_CURVE ( 'NONE', #1001, #3783, #9048, .T. ) ;
#1061 = DIRECTION ( 'NONE',  ( 1.944904549891648060E-15, 1.000000000000000000, 1.944904549891584163E-15 ) ) ;
#1062 = VERTEX_POINT ( 'NONE', #1554 ) ;
#1063 = EDGE_LOOP ( 'NONE', ( #8458, #6720, #4680, #7124 ) ) ;
#1064 = DIRECTION ( 'NONE',  ( 1.000000000000000000, -1.348081413631192369E-15, -3.190558386184555325E-16 ) ) ;
#1065 = CARTESIAN_POINT ( 'NONE',  ( -30.69999999999995666, 34.33129643110145679, -3.407651003243834964 ) ) ;
#1066 = EDGE_LOOP ( 'NONE', ( #5096, #1804 ) ) ;
#1067 = CARTESIAN_POINT ( 'NONE',  ( -32.90000000000001279, -0.07165061888936580248, 32.79993421495335326 ) ) ;
#1068 = LINE ( 'NONE', #1965, #2348 ) ;
#1069 = ORIENTED_EDGE ( 'NONE', *, *, #6586, .T. ) ;
#1070 = CYLINDRICAL_SURFACE ( 'NONE', #5426, 32.49999999999999289 ) ;
#1071 = EDGE_CURVE ( 'NONE', #6166, #9589, #6566, .T. ) ;
#1072 = EDGE_CURVE ( 'NONE', #7921, #30, #5410, .T. ) ;
#1073 = CIRCLE ( 'NONE', #9210, 0.7999999999999917177 ) ;
#1074 = DIRECTION ( 'NONE',  ( -2.479139147737537908E-18, -0.000000000000000000, -1.000000000000000000 ) ) ;
#1075 = VECTOR ( 'NONE', #9093, 1000.000000000000000 ) ;
#1076 = DIRECTION ( 'NONE',  ( -1.000000000000000000, 2.161476583036224152E-16, 5.473344771987640402E-16 ) ) ;
#1077 = VECTOR ( 'NONE', #5429, 1000.000000000000114 ) ;
#1078 = AXIS2_PLACEMENT_3D ( 'NONE', #8484, #3286, #42 ) ;
#1079 = ORIENTED_EDGE ( 'NONE', *, *, #8198, .T. ) ;
#1080 = ORIENTED_EDGE ( 'NONE', *, *, #7233, .T. ) ;
#1081 = TOROIDAL_SURFACE ( 'NONE', #7145, 0.4999999999999813483, 0.5000000000000004441 ) ;
#1082 = DIRECTION ( 'NONE',  ( -1.000000000000000000, 2.161476583036237957E-16, 5.473344771987708442E-16 ) ) ;
#1083 = CIRCLE ( 'NONE', #606, 2.750000000000002665 ) ;
#1084 = EDGE_CURVE ( 'NONE', #7460, #4453, #9152, .T. ) ;
#1085 = LINE ( 'NONE', #7336, #3787 ) ;
#1086 = FACE_OUTER_BOUND ( 'NONE', #2707, .T. ) ;
#1087 = AXIS2_PLACEMENT_3D ( 'NONE', #518, #2854, #2902 ) ;
#1088 = CARTESIAN_POINT ( 'NONE',  ( -32.39999999999998437, 31.79094230992346581, 4.450000000000115641 ) ) ;
#1089 = AXIS2_PLACEMENT_3D ( 'NONE', #198, #2488, #2344 ) ;
#1090 = CARTESIAN_POINT ( 'NONE',  ( -25.19999999999997797, 9.931291899967220616E-13, -1.188719181843139689E-14 ) ) ;
#1091 = AXIS2_PLACEMENT_3D ( 'NONE', #1889, #4954, #1940 ) ;
#1092 = ORIENTED_EDGE ( 'NONE', *, *, #5531, .T. ) ;
#1093 = CARTESIAN_POINT ( 'NONE',  ( -32.39999999999998437, 31.91870648514021624, 4.448350868272403780 ) ) ;
#1094 = CARTESIAN_POINT ( 'NONE',  ( -25.19999999999998508, -16.89121196084347787, 13.28949793360010467 ) ) ;
#1095 = DIRECTION ( 'NONE',  ( -5.473344771987708442E-16, 5.551115123125803656E-17, -1.000000000000000000 ) ) ;
#1096 = FACE_OUTER_BOUND ( 'NONE', #174, .T. ) ;
#1097 = AXIS2_PLACEMENT_3D ( 'NONE', #272, #3328, #5635 ) ;
#1098 = DIRECTION ( 'NONE',  ( -1.000000000000000000, 4.440892098500626162E-16, 2.121142188857532135E-16 ) ) ;
#1099 = VECTOR ( 'NONE', #9397, 1000.000000000000000 ) ;
#1100 = CYLINDRICAL_SURFACE ( 'NONE', #9490, 1.599999999999997202 ) ;
#1101 = CARTESIAN_POINT ( 'NONE',  ( -25.19999999999998153, 8.800000000000991918, -33.35880693310240730 ) ) ;
#1102 = ORIENTED_EDGE ( 'NONE', *, *, #3122, .F. ) ;
#1103 = CIRCLE ( 'NONE', #5593, 2.949999999998318856 ) ;
#1104 = VERTEX_POINT ( 'NONE', #6759 ) ;
#1105 = DIRECTION ( 'NONE',  ( -1.000000000000000000, -1.175656832681595541E-18, 2.479139147737537908E-18 ) ) ;
#1106 = ADVANCED_FACE ( 'NONE', ( #9854 ), #6958, .F. ) ;
#1107 = DIRECTION ( 'NONE',  ( -1.000000000000000000, 4.440892098500626162E-16, 2.121142188857532135E-16 ) ) ;
#1108 = VERTEX_POINT ( 'NONE', #3004 ) ;
#1109 = CARTESIAN_POINT ( 'NONE',  ( 3.939212110764742254E-15, -4.433740612592987085E-14, 12.50000000000000000 ) ) ;
#1110 = DIRECTION ( 'NONE',  ( 0.000000000000000000, 0.000000000000000000, 1.000000000000000000 ) ) ;
#1111 = CARTESIAN_POINT ( 'NONE',  ( 1.457769746593255021E-14, 10.85000000000000497, 1.454303829832330066E-15 ) ) ;
#1112 = VECTOR ( 'NONE', #3204, 1000.000000000000000 ) ;
#1113 = DIRECTION ( 'NONE',  ( 0.000000000000000000, 0.4549088130557006893, -0.8905380237835179846 ) ) ;
#1114 = ORIENTED_EDGE ( 'NONE', *, *, #5252, .F. ) ;
#1115 = ORIENTED_EDGE ( 'NONE', *, *, #1253, .T. ) ;
#1116 = CYLINDRICAL_SURFACE ( 'NONE', #4691, 1.000000000000000000 ) ;
#1117 = AXIS2_PLACEMENT_3D ( 'NONE', #7469, #2869, #6084 ) ;
#1118 = EDGE_CURVE ( 'NONE', #7871, #4580, #6675, .T. ) ;
#1119 = EDGE_CURVE ( 'NONE', #2722, #2659, #7656, .T. ) ;
#1120 = DIRECTION ( 'NONE',  ( 1.000000000000000000, -1.348081413631192369E-15, -3.190558386184555325E-16 ) ) ;
#1121 = ORIENTED_EDGE ( 'NONE', *, *, #3653, .F. ) ;
#1122 = CARTESIAN_POINT ( 'NONE',  ( -30.69999999999999929, 31.69999999999998508, -1.479583105891304081E-13 ) ) ;
#1123 = AXIS2_PLACEMENT_3D ( 'NONE', #4050, #9235, #1534 ) ;
#1124 = CARTESIAN_POINT ( 'NONE',  ( -32.39999999998894253, 33.14147468682243414, -0.07405444337430056034 ) ) ;
#1125 = ORIENTED_EDGE ( 'NONE', *, *, #6142, .T. ) ;
#1126 = CARTESIAN_POINT ( 'NONE',  ( -33.89999999999998437, -14.99999999999879563, 15.00000000000015099 ) ) ;
#1127 = DIRECTION ( 'NONE',  ( 0.000000000000000000, 1.000000000000000000, 0.000000000000000000 ) ) ;
#1128 = LINE ( 'NONE', #7269, #4641 ) ;
#1129 = ORIENTED_EDGE ( 'NONE', *, *, #2702, .F. ) ;
#1130 = AXIS2_PLACEMENT_3D ( 'NONE', #8361, #4571, #7609 ) ;
#1131 = EDGE_LOOP ( 'NONE', ( #2316, #4707, #5162, #2111, #719 ) ) ;
#1132 = ADVANCED_FACE ( 'NONE', ( #3916 ), #9198, .T. ) ;
#1133 = EDGE_CURVE ( 'NONE', #7568, #7648, #9886, .T. ) ;
#1134 = EDGE_CURVE ( 'NONE', #1223, #7119, #8284, .T. ) ;
#1135 = DIRECTION ( 'NONE',  ( 0.000000000000000000, 0.000000000000000000, 1.000000000000000000 ) ) ;
#1136 = UNCERTAINTY_MEASURE_WITH_UNIT (LENGTH_MEASURE( 1.000000000000000082E-05 ), #2925, 'distance_accuracy_value', 'NONE');
#1137 = VECTOR ( 'NONE', #9342, 1000.000000000000114 ) ;
#1138 = CARTESIAN_POINT ( 'NONE',  ( -29.29999999999999716, 9.500000000000014211, -28.98275349237886545 ) ) ;
#1139 = DIRECTION ( 'NONE',  ( 0.000000000000000000, 1.000000000000000000, 0.000000000000000000 ) ) ;
#1140 = CARTESIAN_POINT ( 'NONE',  ( -29.30000000000001137, -20.03330444827311752, -19.23330444827405472 ) ) ;
#1141 = DIRECTION ( 'NONE',  ( 0.7071067811865591191, -2.750510391977863348E-15, 0.7071067811865359154 ) ) ;
#1142 = AXIS2_PLACEMENT_3D ( 'NONE', #5005, #7347, #8137 ) ;
#1143 = EDGE_CURVE ( 'NONE', #7645, #2747, #1008, .T. ) ;
#1145 = ORIENTED_EDGE ( 'NONE', *, *, #2220, .F. ) ;
#1144 = EDGE_CURVE ( 'NONE', #2265, #9158, #7807, .T. ) ;
#1146 = DIRECTION ( 'NONE',  ( 0.000000000000000000, 0.000000000000000000, -1.000000000000000000 ) ) ;
#1147 = DIRECTION ( 'NONE',  ( 1.000000000000000000, 1.175656832681595541E-18, -2.479139147737537908E-18 ) ) ;
#1148 = PLANE ( 'NONE',  #9280 ) ;
#1149 = DIRECTION ( 'NONE',  ( -1.000000000000000000, -1.179389324206871456E-17, 8.825547355056098943E-16 ) ) ;
#1150 = CONICAL_SURFACE ( 'NONE', #6737, 18.00000000000000711, 0.7853981633974596033 ) ;
#1151 = DIRECTION ( 'NONE',  ( 1.000000000000000000, -4.440892098493159100E-16, -2.121142188919197885E-16 ) ) ;
#1152 = CARTESIAN_POINT ( 'NONE',  ( -33.63881712674210434, -34.11246249110354967, -3.188817126742251595 ) ) ;
#1153 = CARTESIAN_POINT ( 'NONE',  ( -32.89999999999998437, 15.00000000000087752, 12.40000000000004832 ) ) ;
#1154 = VERTEX_POINT ( 'NONE', #1101 ) ;
#1155 = ORIENTED_EDGE ( 'NONE', *, *, #8378, .F. ) ;
#1156 = DIRECTION ( 'NONE',  ( 0.000000000000000000, 0.000000000000000000, 1.000000000000000000 ) ) ;
#1157 = CARTESIAN_POINT ( 'NONE',  ( -30.69999999999998508, -31.79094230992150827, 2.949999999999865619 ) ) ;
#1158 = VERTEX_POINT ( 'NONE', #963 ) ;
#1159 = DIRECTION ( 'NONE',  ( -1.000000000000000000, 2.159774862535080103E-16, -1.399410757327319882E-16 ) ) ;
#1160 = LINE ( 'NONE', #4165, #5303 ) ;
#1161 = CARTESIAN_POINT ( 'NONE',  ( -33.89999999999999858, -14.99999999999900169, -14.99999999999995204 ) ) ;
#1162 = VECTOR ( 'NONE', #3933, 1000.000000000000000 ) ;
#1163 = CARTESIAN_POINT ( 'NONE',  ( -32.89999999999997726, -32.13898064856650194, -6.791404325730105995 ) ) ;
#1164 = LINE ( 'NONE', #3314, #9019 ) ;
#1165 = ORIENTED_EDGE ( 'NONE', *, *, #2826, .F. ) ;
#1166 = ORIENTED_EDGE ( 'NONE', *, *, #3432, .T. ) ;
#1167 = DIRECTION ( 'NONE',  ( 1.000000000000000000, 1.175656832681595541E-18, -2.479139147737537908E-18 ) ) ;
#1168 = CIRCLE ( 'NONE', #5962, 3.950000000000002842 ) ;
#1169 = DIRECTION ( 'NONE',  ( 5.473344771987708442E-16, 0.000000000000000000, 1.000000000000000000 ) ) ;
#1170 = VERTEX_POINT ( 'NONE', #3403 ) ;
#1171 = FACE_OUTER_BOUND ( 'NONE', #9150, .T. ) ;
#1172 = LINE ( 'NONE', #4225, #1606 ) ;
#1173 = EDGE_LOOP ( 'NONE', ( #4103, #519, #2815, #9365, #570 ) ) ;
#1174 = SURFACE_SIDE_STYLE ('',( #6475 ) ) ;
#1175 = CIRCLE ( 'NONE', #2766, 15.20000000000001883 ) ;
#1176 = EDGE_CURVE ( 'NONE', #4282, #623, #5569, .T. ) ;
#1177 = EDGE_CURVE ( 'NONE', #4041, #6488, #302, .T. ) ;
#1178 = CARTESIAN_POINT ( 'NONE',  ( -29.29999999999995808, 19.23330444827523777, 19.23330444827390906 ) ) ;
#1179 = VERTEX_POINT ( 'NONE', #2593 ) ;
#1180 = ORIENTED_EDGE ( 'NONE', *, *, #3284, .T. ) ;
#1181 = CARTESIAN_POINT ( 'NONE',  ( -30.89999999999999503, 19.23499999999994259, -20.48500000000003851 ) ) ;
#1182 = VERTEX_POINT ( 'NONE', #4157 ) ;
#1183 = ORIENTED_EDGE ( 'NONE', *, *, #784, .T. ) ;
#1184 = DIRECTION ( 'NONE',  ( 1.000000000000000000, -4.440892098500626162E-16, -2.121142188857532135E-16 ) ) ;
#1185 = EDGE_CURVE ( 'NONE', #6960, #7518, #2191, .T. ) ;
#1186 = EDGE_CURVE ( 'NONE', #7623, #3220, #3971, .T. ) ;
#1187 = ADVANCED_FACE ( 'NONE', ( #8646 ), #7943, .T. ) ;
#1188 = CYLINDRICAL_SURFACE ( 'NONE', #3835, 1.000000000000000000 ) ;
#1189 = CARTESIAN_POINT ( 'NONE',  ( -29.29999999999997939, 18.43330444827512693, -19.23330444827406538 ) ) ;
#1190 = ORIENTED_EDGE ( 'NONE', *, *, #2893, .F. ) ;
#1191 = CARTESIAN_POINT ( 'NONE',  ( -22.99999999999999645, -31.69999999999902585, -1.411354659401092833E-14 ) ) ;
#1192 = DIRECTION ( 'NONE',  ( -0.5000000003204259080, 1.060575238498349761E-16, -0.8660254035994406907 ) ) ;
#1193 = CARTESIAN_POINT ( 'NONE',  ( -19.99999999999998579, 14.70000000000098872, -1.069148654750918465E-14 ) ) ;
#1194 = CARTESIAN_POINT ( 'NONE',  ( -3.000000000000017764, 1.009575190030354467E-14, -33.00000000000000000 ) ) ;
#1195 = ADVANCED_FACE ( 'NONE', ( #6356 ), #2634, .T. ) ;
#1196 = CARTESIAN_POINT ( 'NONE',  ( -22.19999999999996732, 32.48544952681486109, -0.9724037437341380707 ) ) ;
#1197 = CARTESIAN_POINT ( 'NONE',  ( -30.69999999999999929, 31.69999999999998508, 1.499999999999852784 ) ) ;
#1198 = CARTESIAN_POINT ( 'NONE',  ( -33.40000000000063807, -33.87364542785579857, -2.950000000000675637 ) ) ;
#1199 = EDGE_LOOP ( 'NONE', ( #3634, #6056, #5796, #6672, #2258 ) ) ;
#1200 = AXIS2_PLACEMENT_3D ( 'NONE', #7211, #5718, #8658 ) ;
#1201 = ORIENTED_EDGE ( 'NONE', *, *, #5785, .F. ) ;
#1202 = FACE_OUTER_BOUND ( 'NONE', #2642, .T. ) ;
#1203 = CARTESIAN_POINT ( 'NONE',  ( -29.29999999999999361, -29.11588541666666430, -4.745020168928393289 ) ) ;
#1204 = ORIENTED_EDGE ( 'NONE', *, *, #9387, .T. ) ;
#1205 = CARTESIAN_POINT ( 'NONE',  ( -29.30000000000001137, -20.90202088431252392, -17.72403791909772508 ) ) ;
#1206 = FACE_OUTER_BOUND ( 'NONE', #4067, .T. ) ;
#1207 = DIRECTION ( 'NONE',  ( 0.000000000000000000, 1.000000000000000000, 0.000000000000000000 ) ) ;
#1208 = EDGE_CURVE ( 'NONE', #4055, #8548, #162, .T. ) ;
#1209 = CARTESIAN_POINT ( 'NONE',  ( -33.89999999999999858, -17.54999999999900240, -14.99999999999995204 ) ) ;
#1210 = DIRECTION ( 'NONE',  ( 8.825547355056099929E-16, 0.000000000000000000, 1.000000000000000000 ) ) ;
#1211 = ORIENTED_EDGE ( 'NONE', *, *, #1557, .T. ) ;
#1212 = ORIENTED_EDGE ( 'NONE', *, *, #1572, .F. ) ;
#1213 = DIRECTION ( 'NONE',  ( 0.000000000000000000, 0.000000000000000000, 1.000000000000000000 ) ) ;
#1214 = DIRECTION ( 'NONE',  ( -1.000000000000000000, 2.161476583036237957E-16, 5.473344771987708442E-16 ) ) ;
#1215 = VERTEX_POINT ( 'NONE', #1802 ) ;
#1216 = DIRECTION ( 'NONE',  ( 1.000000000000000000, -2.161476583036237957E-16, -5.473344771987708442E-16 ) ) ;
#1217 = FACE_OUTER_BOUND ( 'NONE', #1131, .T. ) ;
#1218 = ORIENTED_EDGE ( 'NONE', *, *, #5693, .T. ) ;
#1219 = CYLINDRICAL_SURFACE ( 'NONE', #5388, 2.249999999999998668 ) ;
#1220 = DIRECTION ( 'NONE',  ( 5.531002387172428574E-16, 0.000000000000000000, 1.000000000000000000 ) ) ;
#1221 = ORIENTED_EDGE ( 'NONE', *, *, #2095, .F. ) ;
#1222 = CIRCLE ( 'NONE', #2807, 1.249999999999997558 ) ;
#1223 = VERTEX_POINT ( 'NONE', #4905 ) ;
#1224 = VERTEX_POINT ( 'NONE', #7895 ) ;
#1225 = DIRECTION ( 'NONE',  ( 3.909790168050304776E-16, 0.8905380237835228696, 0.4549088130556908638 ) ) ;
#1226 = VERTEX_POINT ( 'NONE', #5660 ) ;
#1227 = VERTEX_POINT ( 'NONE', #7201 ) ;
#1228 = ADVANCED_FACE ( 'NONE', ( #7103 ), #8599, .F. ) ;
#1229 = CONICAL_SURFACE ( 'NONE', #4265, 34.50000000000000000, 0.7853981633974621568 ) ;
#1230 = CIRCLE ( 'NONE', #2504, 1.249999999969352071 ) ;
#1231 = DIRECTION ( 'NONE',  ( 0.000000000000000000, -0.5437741451046699259, -0.8392316004034198196 ) ) ;
#1232 = CARTESIAN_POINT ( 'NONE',  ( -30.99999999999998579, -6.549999999998881606, -1.107619950837005845E-14 ) ) ;
#1233 = DIRECTION ( 'NONE',  ( -1.000000000000000000, 2.161476583036237957E-16, 5.473344771987708442E-16 ) ) ;
#1234 = DIRECTION ( 'NONE',  ( 1.000000000000000000, -0.000000000000000000, -0.000000000000000000 ) ) ;
#1235 = AXIS2_PLACEMENT_3D ( 'NONE', #8550, #7067, #168 ) ;
#1236 = ORIENTED_EDGE ( 'NONE', *, *, #565, .T. ) ;
#1237 = EDGE_CURVE ( 'NONE', #8044, #3908, #4461, .T. ) ;
#1238 = VECTOR ( 'NONE', #668, 1000.000000000000000 ) ;
#1239 = VECTOR ( 'NONE', #783, 1000.000000000000000 ) ;
#1240 = EDGE_CURVE ( 'NONE', #3220, #6898, #9346, .T. ) ;
#1241 = DIRECTION ( 'NONE',  ( -1.000000000000000000, 4.440892098500626162E-16, 2.121142188857532135E-16 ) ) ;
#1242 = VECTOR ( 'NONE', #8802, 1000.000000000000000 ) ;
#1243 = LINE ( 'NONE', #7345, #1738 ) ;
#1244 = DIRECTION ( 'NONE',  ( -1.000000000000000000, -1.175656832681595541E-18, 2.479139147737537908E-18 ) ) ;
#1245 = AXIS2_PLACEMENT_3D ( 'NONE', #744, #9798, #6848 ) ;
#1246 = CARTESIAN_POINT ( 'NONE',  ( -2.999999999999999556, 4.044244240893584208E-15, 9.571675158553660060E-16 ) ) ;
#1247 = AXIS2_PLACEMENT_3D ( 'NONE', #6902, #8541, #7800 ) ;
#1248 = CARTESIAN_POINT ( 'NONE',  ( -30.89999999999998082, -19.23499999999978627, 19.23500000000021615 ) ) ;
#1249 = DIRECTION ( 'NONE',  ( -1.000000000000000000, 4.440892098500626162E-16, 2.121142188857532135E-16 ) ) ;
#1250 = ORIENTED_EDGE ( 'NONE', *, *, #6740, .F. ) ;
#1251 = ORIENTED_EDGE ( 'NONE', *, *, #9507, .F. ) ;
#1252 = EDGE_CURVE ( 'NONE', #4572, #2663, #8263, .T. ) ;
#1253 = EDGE_CURVE ( 'NONE', #4709, #3323, #5743, .T. ) ;
#1254 = DIRECTION ( 'NONE',  ( 1.000000000000000000, -2.161476583036237957E-16, -5.473344771987708442E-16 ) ) ;
#1255 = EDGE_LOOP ( 'NONE', ( #6320, #233, #9414, #1866 ) ) ;
#1256 = DIRECTION ( 'NONE',  ( 2.479139147737537908E-18, 0.000000000000000000, 1.000000000000000000 ) ) ;
#1257 = AXIS2_PLACEMENT_3D ( 'NONE', #4581, #76, #4537 ) ;
#1258 = DIRECTION ( 'NONE',  ( -4.720335989052536868E-16, -1.000000000000000000, -5.551115123125791330E-17 ) ) ;
#1259 = DIRECTION ( 'NONE',  ( -1.000000000000000000, 4.440892098500626162E-16, 2.121142188857532135E-16 ) ) ;
#1260 = DIRECTION ( 'NONE',  ( 0.000000000000000000, 0.000000000000000000, -1.000000000000000000 ) ) ;
#1261 = ORIENTED_EDGE ( 'NONE', *, *, #7857, .T. ) ;
#1262 = ORIENTED_EDGE ( 'NONE', *, *, #3145, .T. ) ;
#1263 = CARTESIAN_POINT ( 'NONE',  ( -1.000000000000000888, 1.348081413631192764E-15, 3.190558386184552367E-16 ) ) ;
#1264 = ADVANCED_FACE ( 'NONE', ( #2496 ), #4769, .T. ) ;
#1265 = LINE ( 'NONE', #8708, #4367 ) ;
#1266 = ORIENTED_EDGE ( 'NONE', *, *, #1991, .F. ) ;
#1267 = ADVANCED_FACE ( 'NONE', ( #9745 ), #1993, .F. ) ;
#1268 = DIRECTION ( 'NONE',  ( 1.348081413631192369E-15, 1.000000000000000000, 0.000000000000000000 ) ) ;
#1269 = CIRCLE ( 'NONE', #3664, 2.000000000000008882 ) ;
#1270 = FACE_OUTER_BOUND ( 'NONE', #3023, .T. ) ;
#1271 = VERTEX_POINT ( 'NONE', #1153 ) ;
#1272 = CARTESIAN_POINT ( 'NONE',  ( -28.99999999999998934, -14.99999999999888978, -15.00000000000006928 ) ) ;
#1273 = AXIS2_PLACEMENT_3D ( 'NONE', #8511, #7816, #6967 ) ;
#1274 = CARTESIAN_POINT ( 'NONE',  ( -25.19999999999996732, 32.97598580441739813, -4.492026652257700370 ) ) ;
#1275 = CARTESIAN_POINT ( 'NONE',  ( -30.89999999999997016, 15.00000000000001243, 15.00000000000001599 ) ) ;
#1276 = ORIENTED_EDGE ( 'NONE', *, *, #9229, .T. ) ;
#1277 = AXIS2_PLACEMENT_3D ( 'NONE', #8768, #4986, #8017 ) ;
#1278 = ORIENTED_EDGE ( 'NONE', *, *, #5118, .T. ) ;
#1279 = ORIENTED_EDGE ( 'NONE', *, *, #6562, .T. ) ;
#1280 = VECTOR ( 'NONE', #4448, 1000.000000000000000 ) ;
#1281 = CARTESIAN_POINT ( 'NONE',  ( -30.89999999999999147, -29.11588541666666785, 4.745020168928427040 ) ) ;
#1282 = VERTEX_POINT ( 'NONE', #1198 ) ;
#1283 = ORIENTED_EDGE ( 'NONE', *, *, #755, .F. ) ;
#1284 = CARTESIAN_POINT ( 'NONE',  ( 0.000000000000000000, 0.000000000000000000, 0.000000000000000000 ) ) ;
#1285 = CARTESIAN_POINT ( 'NONE',  ( -21.60000000000000142, 8.064590685340961693E-15, 1.113758879175237781E-14 ) ) ;
#1286 = LINE ( 'NONE', #5942, #2852 ) ;
#1287 = AXIS2_PLACEMENT_3D ( 'NONE', #5854, #7395, #2841 ) ;
#1288 = DIRECTION ( 'NONE',  ( 1.000000000000000000, -4.440892098500626162E-16, -2.121142188857532135E-16 ) ) ;
#1289 = ORIENTED_EDGE ( 'NONE', *, *, #4642, .F. ) ;
#1290 = VECTOR ( 'NONE', #6226, 1000.000000000000114 ) ;
#1291 = DIRECTION ( 'NONE',  ( -0.000000000000000000, -0.5437741451046758101, -0.8392316004034160448 ) ) ;
#1292 = SURFACE_SIDE_STYLE ('',( #3121 ) ) ;
#1293 = CARTESIAN_POINT ( 'NONE',  ( -30.99999999999998579, -1.199999999998877076, -1.107619950837005845E-14 ) ) ;
#1294 = CARTESIAN_POINT ( 'NONE',  ( -19.89732793106028552, 31.89289554065200605, -3.948684026196973562 ) ) ;
#1295 = DIRECTION ( 'NONE',  ( 0.000000000000000000, 0.000000000000000000, 1.000000000000000000 ) ) ;
#1296 = VECTOR ( 'NONE', #1402, 1000.000000000000000 ) ;
#1297 = ADVANCED_FACE ( 'NONE', ( #5907 ), #4251, .F. ) ;
#1298 = DIRECTION ( 'NONE',  ( 0.000000000000000000, 0.000000000000000000, 1.000000000000000000 ) ) ;
#1299 = ADVANCED_FACE ( 'NONE', ( #5113 ), #7994, .F. ) ;
#1300 = DIRECTION ( 'NONE',  ( 1.000000000000000000, 1.175656832681595541E-18, -2.479139147737537908E-18 ) ) ;
#1301 = ORIENTED_EDGE ( 'NONE', *, *, #7763, .T. ) ;
#1302 = ORIENTED_EDGE ( 'NONE', *, *, #7892, .F. ) ;
#1303 = FACE_OUTER_BOUND ( 'NONE', #5190, .T. ) ;
#1304 = ORIENTED_EDGE ( 'NONE', *, *, #4901, .F. ) ;
#1305 = PLANE ( 'NONE',  #7629 ) ;
#1306 = CIRCLE ( 'NONE', #5788, 7.349999999973988452 ) ;
#1307 = DIRECTION ( 'NONE',  ( -1.000000000000000000, 4.440892098500626162E-16, 2.121142188857532135E-16 ) ) ;
#1308 = DIRECTION ( 'NONE',  ( 1.000000000000000000, 1.175656832681585912E-18, 4.574462814975471632E-33 ) ) ;
#1309 = EDGE_CURVE ( 'NONE', #5383, #1001, #6044, .T. ) ;
#1310 = CARTESIAN_POINT ( 'NONE',  ( -33.89999999999998437, -14.99999999999879563, 15.00000000000015099 ) ) ;
#1311 = EDGE_CURVE ( 'NONE', #1863, #3917, #4959, .T. ) ;
#1312 = DIRECTION ( 'NONE',  ( 0.000000000000000000, 0.000000000000000000, 1.000000000000000000 ) ) ;
#1313 = ORIENTED_EDGE ( 'NONE', *, *, #958, .T. ) ;
#1314 = EDGE_LOOP ( 'NONE', ( #5985, #3837, #5023, #5952 ) ) ;
#1315 = CARTESIAN_POINT ( 'NONE',  ( -32.39999999999998437, 31.79094230992348002, 1.127570259384924611E-13 ) ) ;
#1316 = LINE ( 'NONE', #2063, #6748 ) ;
#1317 = ORIENTED_EDGE ( 'NONE', *, *, #2771, .F. ) ;
#1318 = CARTESIAN_POINT ( 'NONE',  ( -25.19999999999998153, 9.930759254642223180E-13, -1.188719181843139373E-14 ) ) ;
#1319 = AXIS2_PLACEMENT_3D ( 'NONE', #3529, #2760, #2008 ) ;
#1320 = DIRECTION ( 'NONE',  ( -1.000000000000000000, -1.179389324206871456E-17, 8.825547355056098943E-16 ) ) ;
#1321 = ORIENTED_EDGE ( 'NONE', *, *, #3471, .T. ) ;
#1322 = SURFACE_SIDE_STYLE ('',( #5030 ) ) ;
#1323 = CARTESIAN_POINT ( 'NONE',  ( -25.19999999999997797, 19.23330444827511343, -19.23330444827406538 ) ) ;
#1324 = EDGE_CURVE ( 'NONE', #4979, #4770, #3558, .T. ) ;
#1325 = VERTEX_POINT ( 'NONE', #9693 ) ;
#1326 = ORIENTED_EDGE ( 'NONE', *, *, #1237, .F. ) ;
#1327 = ORIENTED_EDGE ( 'NONE', *, *, #2434, .F. ) ;
#1328 = DIRECTION ( 'NONE',  ( -1.000000000000000000, -1.175656832681595541E-18, 2.479139147737537908E-18 ) ) ;
#1329 = ORIENTED_EDGE ( 'NONE', *, *, #3939, .F. ) ;
#1330 = ORIENTED_EDGE ( 'NONE', *, *, #1445, .F. ) ;
#1331 = AXIS2_PLACEMENT_3D ( 'NONE', #9447, #2693, #8649 ) ;
#1332 = LINE ( 'NONE', #3637, #6824 ) ;
#1333 = CARTESIAN_POINT ( 'NONE',  ( -3.988197982730517353E-15, 1.316244395970083057E-13, -12.50000000000000000 ) ) ;
#1334 = LINE ( 'NONE', #5199, #4398 ) ;
#1335 = VECTOR ( 'NONE', #7685, 1000.000000000000000 ) ;
#1336 = DIRECTION ( 'NONE',  ( -1.000000000000000000, 2.161476583036224152E-16, 5.473344771987640402E-16 ) ) ;
#1337 = CARTESIAN_POINT ( 'NONE',  ( 70.33232511283226529, -9.481370026207550088E-14, -2.243993897086055271E-14 ) ) ;
#1338 = CARTESIAN_POINT ( 'NONE',  ( -33.89999999999998437, -12.44999999999879492, 15.00000000000015099 ) ) ;
#1339 = DIRECTION ( 'NONE',  ( 1.000000000000000000, -1.348081413631192369E-15, -3.190558386184555325E-16 ) ) ;
#1340 = CARTESIAN_POINT ( 'NONE',  ( -33.63881709647570517, -34.11246252433121384, 3.188817096475566437 ) ) ;
#1341 = DIRECTION ( 'NONE',  ( -1.000000000000000000, -1.175656832681595541E-18, 2.479139147737537908E-18 ) ) ;
#1342 = VERTEX_POINT ( 'NONE', #450 ) ;
#1343 = VERTEX_POINT ( 'NONE', #8888 ) ;
#1344 = CARTESIAN_POINT ( 'NONE',  ( -32.40000000000000568, -32.35660431418611438, 1.285380919387597576 ) ) ;
#1345 = ORIENTED_EDGE ( 'NONE', *, *, #2963, .F. ) ;
#1346 = B_SPLINE_CURVE_WITH_KNOTS ( 'NONE', 3,
 ( #6194, #5456, #941, #890, #9234, #7835, #6147, #140, #4001, #9329, #9179, #3945, #7041, #5503, #190, #3188, #792, #6989, #2481, #9285, #5397, #6247, #2438, #8530, #6294, #5545, #8577, #4799, #3851, #6891, #5238, #9022, #8222, #3119, #74, #9168, #2169, #6091, #4579, #9125, #3782, #6877, #1373, #2225, #2970, #9828, #7474, #6037, #5986, #1578, #7573, #3737, #9073, #1430, #6730, #2274, #7676, #2321, #8324, #631, #726, #5195, #5293, #8275, #2923, #1475, #5337, #8369, #779, #4487, #3688, #3838, #3026, #3075, #4636, #9776, #6827, #29, #1523, #5384, #9877, #7624, #8417, #6137, #4434, #7525, #4535, #830, #680, #3886, #6925, #6182, #9218, #6779, #877, #3273, #9321, #6975, #4686, #1067, #7769, #6236, #6324, #1776, #9364, #982 ),
 .UNSPECIFIED., .F., .F.,
 ( 4, 2, 2, 2, 1, 1, 1, 1, 1, 1, 2, 2, 2, 2, 2, 1, 1, 1, 1, 2, 2, 2, 1, 1, 1, 1, 1, 1, 1, 2, 2, 2, 2, 2, 1, 1, 2, 2, 2, 2, 1, 1, 1, 1, 2, 2, 2, 1, 1, 1, 1, 1, 1, 1, 2, 2, 2, 2, 2, 1, 1, 2, 2, 2, 2, 1, 1, 1, 1, 2, 4 ),
 ( 0.000000000000000000, 0.1250000000000426326, 0.1875000000000639766, 0.2187500000000746625, 0.2343750000000799916, 0.2421875000000826561, 0.2460937500000839329, 0.2480468750000845712, 0.2490234375000849043, 0.2495117187500850153, 0.2497558593750850708, 0.2500000000000850986, 0.3125000000000845990, 0.3437500000000843769, 0.3593750000000843214, 0.3671875000000842659, 0.3710937500000842659, 0.3730468750000842104, 0.3740234375000842104, 0.3745117187500842104, 0.3750000000000842104, 0.3906250000000858202, 0.3984375000000866529, 0.4023437500000870970, 0.4042968750000873190, 0.4052734375000874301, 0.4057617187500874856, 0.4060058593750874856, 0.4061279296875874856, 0.4061889648438374856, 0.4062500000000874301, 0.4140625000000796585, 0.4179687500000757727, 0.4199218750000738298, 0.4208984375000728861, 0.4213867187500724421, 0.4216308593750722200, 0.4218750000000720535, 0.4296875000000640044, 0.4335937500000600076, 0.4355468750000580647, 0.4365234375000570655, 0.4370117187500565659, 0.4372558593750562883, 0.4373779296875561218, 0.4375000000000559552, 0.4531250000000363598, 0.4609375000000265898, 0.4648437500000217049, 0.4667968750000192624, 0.4677734375000180411, 0.4682617187500174305, 0.4685058593750170974, 0.4686279296875169864, 0.4686889648437669309, 0.4687500000000168199, 0.4765625000000125455, 0.4804687500000104361, 0.4824218750000093814, 0.4833984375000088263, 0.4838867187500085487, 0.4841308593750083822, 0.4843750000000082712, 0.4921875000000041633, 0.4960937500000021094, 0.4980468750000010547, 0.4990234375000005551, 0.4995117187500002776, 0.4997558593750001110, 0.4998779296875000555, 0.5000000000000000000 ),
 .UNSPECIFIED. ) ;
#1347 = FACE_OUTER_BOUND ( 'NONE', #4196, .T. ) ;
#1348 = CYLINDRICAL_SURFACE ( 'NONE', #2880, 6.349999999999999645 ) ;
#1349 = EDGE_CURVE ( 'NONE', #1599, #4987, #8581, .T. ) ;
#1350 = CARTESIAN_POINT ( 'NONE',  ( -33.69999999999999574, 28.55035281792033786, -4.275844668656935355 ) ) ;
#1351 = CLOSED_SHELL ( 'NONE', ( #437, #3039, #6447, #8294, #8522, #6265, #637, #6460, #6073, #8073, #8100, #8863, #7736, #8388, #5855, #5700, #2206, #3691, #8872, #8874, #8212, #7433, #1132, #956, #8082 ) ) ;
#1352 = DIRECTION ( 'NONE',  ( 0.000000000000000000, 0.000000000000000000, 1.000000000000000000 ) ) ;
#1353 = CIRCLE ( 'NONE', #8375, 0.3749999999999983347 ) ;
#1354 = CARTESIAN_POINT ( 'NONE',  ( -32.39999999999998437, 31.89289554065197763, 3.948684026197198271 ) ) ;
#1355 = VERTEX_POINT ( 'NONE', #1945 ) ;
#1356 = ORIENTED_EDGE ( 'NONE', *, *, #8556, .F. ) ;
#1357 = CARTESIAN_POINT ( 'NONE',  ( -32.89999998945074111, 30.39116754232363604, 12.48895940778738378 ) ) ;
#1358 = CARTESIAN_POINT ( 'NONE',  ( -33.70000000000000995, -30.61959156899273182, -2.115027806485793249 ) ) ;
#1359 = VERTEX_POINT ( 'NONE', #506 ) ;
#1360 = DIRECTION ( 'NONE',  ( 1.000000000000000000, -2.161476583036237957E-16, -5.473344771987708442E-16 ) ) ;
#1361 = ADVANCED_FACE ( 'NONE', ( #2842 ), #8142, .T. ) ;
#1362 = CARTESIAN_POINT ( 'NONE',  ( -32.89999999999998437, -32.04126938565315186, 4.459727288582318927 ) ) ;
#1363 = ORIENTED_EDGE ( 'NONE', *, *, #1309, .F. ) ;
#1364 = EDGE_CURVE ( 'NONE', #4385, #5913, #3179, .T. ) ;
#1365 = CARTESIAN_POINT ( 'NONE',  ( -32.89999999999998437, 31.79094230992348358, -4.449999999999890044 ) ) ;
#1366 = DIRECTION ( 'NONE',  ( -1.000000000000000000, 4.440892098500626162E-16, 2.121142188857532135E-16 ) ) ;
#1367 = EDGE_LOOP ( 'NONE', ( #8517, #7699, #1705, #3169 ) ) ;
#1368 = EDGE_LOOP ( 'NONE', ( #1114, #3207 ) ) ;
#1369 = DIRECTION ( 'NONE',  ( 1.460819769243626933E-15, 1.000000000000000000, 0.000000000000000000 ) ) ;
#1370 = VERTEX_POINT ( 'NONE', #4359 ) ;
#1371 = DIRECTION ( 'NONE',  ( -1.000000000000000000, 0.000000000000000000, 1.734723475976805517E-14 ) ) ;
#1372 = ORIENTED_EDGE ( 'NONE', *, *, #2547, .F. ) ;
#1373 = CARTESIAN_POINT ( 'NONE',  ( -32.89999976396685355, -10.25223109547836842, 31.15707998822795943 ) ) ;
#1374 = EDGE_CURVE ( 'NONE', #6166, #1824, #7873, .T. ) ;
#1375 = EDGE_LOOP ( 'NONE', ( #4618, #2152, #1218, #8411 ) ) ;
#1376 = EDGE_CURVE ( 'NONE', #7518, #9456, #5919, .T. ) ;
#1377 = DIRECTION ( 'NONE',  ( 0.000000000000000000, 0.000000000000000000, 1.000000000000000000 ) ) ;
#1378 = CARTESIAN_POINT ( 'NONE',  ( -32.40000000000000568, -32.48487037263636523, -1.211326476013321107 ) ) ;
#1379 = VECTOR ( 'NONE', #6892, 1000.000000000000000 ) ;
#1380 = DIRECTION ( 'NONE',  ( 1.000000000000000000, -4.440892098500626162E-16, -2.121142188857532135E-16 ) ) ;
#1381 = DIRECTION ( 'NONE',  ( -1.000000000000000000, -1.175656832681595541E-18, 2.479139147737537908E-18 ) ) ;
#1382 = LINE ( 'NONE', #5620, #8026 ) ;
#1383 = AXIS2_PLACEMENT_3D ( 'NONE', #6577, #1366, #7517 ) ;
#1384 = EDGE_CURVE ( 'NONE', #1847, #6625, #9867, .T. ) ;
#1385 = DIRECTION ( 'NONE',  ( 5.256737805990324050E-16, 0.000000000000000000, 1.000000000000000000 ) ) ;
#1386 = CARTESIAN_POINT ( 'NONE',  ( -32.39999999998895674, -33.14147468682246256, 0.07405444337421009104 ) ) ;
#1387 = AXIS2_PLACEMENT_3D ( 'NONE', #142, #944, #6940 ) ;
#1388 = LINE ( 'NONE', #2836, #1 ) ;
#1389 = DIRECTION ( 'NONE',  ( -1.000000000000000000, 2.161476583036237957E-16, 5.473344771987708442E-16 ) ) ;
#1390 = VECTOR ( 'NONE', #7459, 1000.000000000000000 ) ;
#1391 = CARTESIAN_POINT ( 'NONE',  ( -29.49999999999998934, -33.99999999999901945, -1.433733999420349225E-13 ) ) ;
#1392 = CARTESIAN_POINT ( 'NONE',  ( -32.89999999628793148, -28.76648945902456589, -15.75940358541570774 ) ) ;
#1393 = ORIENTED_EDGE ( 'NONE', *, *, #4037, .F. ) ;
#1394 = AXIS2_PLACEMENT_3D ( 'NONE', #8810, #5874, #2010 ) ;
#1395 = CIRCLE ( 'NONE', #3796, 2.600000000000001421 ) ;
#1396 = ORIENTED_EDGE ( 'NONE', *, *, #9422, .F. ) ;
#1397 = AXIS2_PLACEMENT_3D ( 'NONE', #7012, #5517, #907 ) ;
#1398 = LINE ( 'NONE', #6648, #7002 ) ;
#1399 = VECTOR ( 'NONE', #213, 1000.000000000000000 ) ;
#1400 = VERTEX_POINT ( 'NONE', #9656 ) ;
#1401 = CARTESIAN_POINT ( 'NONE',  ( -33.32500000000000284, 28.05304010509376056, -4.950978037211160476 ) ) ;
#1402 = DIRECTION ( 'NONE',  ( -1.000000000000000000, -1.175656832681595541E-18, 2.479139147737537908E-18 ) ) ;
#1403 = DIRECTION ( 'NONE',  ( -1.000000000000000000, 4.440892098500626162E-16, 2.121142188857532135E-16 ) ) ;
#1404 = CIRCLE ( 'NONE', #6999, 7.349999999973988452 ) ;
#1405 = ORIENTED_EDGE ( 'NONE', *, *, #8527, .F. ) ;
#1406 = AXIS2_PLACEMENT_3D ( 'NONE', #5411, #1000, #2446 ) ;
#1407 = CARTESIAN_POINT ( 'NONE',  ( -1.699999999999982858, 18.00000000000001066, -3.461177810754488099E-32 ) ) ;
#1408 = EDGE_LOOP ( 'NONE', ( #9771, #7666, #8969, #2275, #4046 ) ) ;
#1409 = ADVANCED_FACE ( 'NONE', ( #1955, #6563 ), #6512, .T. ) ;
#1410 = EDGE_LOOP ( 'NONE', ( #5192, #3621 ) ) ;
#1411 = CARTESIAN_POINT ( 'NONE',  ( -32.89999999999998437, 32.11615538839613748, 6.938649222169614994 ) ) ;
#1412 = AXIS2_PLACEMENT_3D ( 'NONE', #7054, #8592, #4661 ) ;
#1413 = CARTESIAN_POINT ( 'NONE',  ( -33.89999999999999858, -14.99999999999900169, -14.99999999999995204 ) ) ;
#1414 = ORIENTED_EDGE ( 'NONE', *, *, #4741, .F. ) ;
#1415 = LINE ( 'NONE', #9812, #5079 ) ;
#1416 = FACE_BOUND ( 'NONE', #743, .T. ) ;
#1417 = ORIENTED_EDGE ( 'NONE', *, *, #9729, .T. ) ;
#1418 = CARTESIAN_POINT ( 'NONE',  ( -33.89999999999997016, 15.00000000000098943, 14.99999999999992895 ) ) ;
#1419 =( NAMED_UNIT ( * ) SI_UNIT ( $, .STERADIAN. ) SOLID_ANGLE_UNIT ( ) );
#1420 = CIRCLE ( 'NONE', #2848, 1.249999999999994227 ) ;
#1421 = VERTEX_POINT ( 'NONE', #2704 ) ;
#1422 = EDGE_CURVE ( 'NONE', #5026, #466, #949, .T. ) ;
#1423 = AXIS2_PLACEMENT_3D ( 'NONE', #7294, #6551, #4207 ) ;
#1424 = EDGE_CURVE ( 'NONE', #3542, #8356, #5773, .T. ) ;
#1425 = ORIENTED_EDGE ( 'NONE', *, *, #1446, .T. ) ;
#1426 = DIRECTION ( 'NONE',  ( 1.000000000000000000, -2.161476583036237957E-16, -5.473344771987708442E-16 ) ) ;
#1428 = VERTEX_POINT ( 'NONE', #8848 ) ;
#1427 = AXIS2_PLACEMENT_3D ( 'NONE', #5549, #6590, #7339 ) ;
#1429 = ORIENTED_EDGE ( 'NONE', *, *, #8622, .F. ) ;
#1430 = CARTESIAN_POINT ( 'NONE',  ( -32.89999992361030223, -8.668115690476083657, 31.63419219084834211 ) ) ;
#1431 = CIRCLE ( 'NONE', #3995, 31.50000000000000000 ) ;
#1432 = ORIENTED_EDGE ( 'NONE', *, *, #7918, .T. ) ;
#1433 = DIRECTION ( 'NONE',  ( 5.028183988338571431E-16, 0.000000000000000000, 1.000000000000000000 ) ) ;
#1434 = AXIS2_PLACEMENT_3D ( 'NONE', #3845, #9281, #2433 ) ;
#1435 = DIRECTION ( 'NONE',  ( -4.513101726118522915E-16, -1.000000000000000000, 0.000000000000000000 ) ) ;
#1436 = EDGE_CURVE ( 'NONE', #2216, #3669, #7448, .T. ) ;
#1437 = DIRECTION ( 'NONE',  ( -1.000000000000000000, 4.440892098493159100E-16, 2.121142188919197885E-16 ) ) ;
#1438 = EDGE_CURVE ( 'NONE', #2754, #7455, #4943, .T. ) ;
#1439 = CARTESIAN_POINT ( 'NONE',  ( -29.29999999999999716, -20.90202088431252392, -17.72403791909772508 ) ) ;
#1440 = FACE_OUTER_BOUND ( 'NONE', #2808, .T. ) ;
#1441 = DIRECTION ( 'NONE',  ( 0.000000000000000000, -3.890984756615977524E-15, 1.000000000000000000 ) ) ;
#1442 = DIRECTION ( 'NONE',  ( 6.938893903907226405E-16, 0.000000000000000000, 1.000000000000000000 ) ) ;
#1443 = CARTESIAN_POINT ( 'NONE',  ( -29.49999999999997158, 31.70000000000096918, -9.215397183191785983E-15 ) ) ;
#1444 = DIRECTION ( 'NONE',  ( 9.251858538542971828E-16, 0.000000000000000000, 1.000000000000000000 ) ) ;
#1445 = EDGE_CURVE ( 'NONE', #5867, #3627, #557, .T. ) ;
#1446 = EDGE_CURVE ( 'NONE', #1559, #8150, #5020, .T. ) ;
#1447 = CARTESIAN_POINT ( 'NONE',  ( -32.89999993820215707, -27.39758902624404158, -18.03422942042950794 ) ) ;
#1448 = ORIENTED_EDGE ( 'NONE', *, *, #659, .F. ) ;
#1449 = VECTOR ( 'NONE', #6021, 1000.000000000000114 ) ;
#1450 = VERTEX_POINT ( 'NONE', #8903 ) ;
#1451 = LINE ( 'NONE', #5314, #132 ) ;
#1452 = ORIENTED_EDGE ( 'NONE', *, *, #2054, .T. ) ;
#1453 = CARTESIAN_POINT ( 'NONE',  ( -3.500000000000000888, -1.650000000000034994, 12.50000000000000000 ) ) ;
#1454 = DIRECTION ( 'NONE',  ( 1.000000000000000000, -1.348081413631192369E-15, -3.190558386184555325E-16 ) ) ;
#1455 = CARTESIAN_POINT ( 'NONE',  ( -32.39999999999999858, 31.82493143843373673, 3.950000000000114753 ) ) ;
#1456 = ORIENTED_EDGE ( 'NONE', *, *, #7916, .T. ) ;
#1457 = DIRECTION ( 'NONE',  ( -5.421010862427526114E-16, -1.000000000000000000, 0.000000000000000000 ) ) ;
#1458 = VERTEX_POINT ( 'NONE', #8052 ) ;
#1459 = ORIENTED_EDGE ( 'NONE', *, *, #6816, .F. ) ;
#1460 = DIRECTION ( 'NONE',  ( 1.946080206724329464E-15, -1.000000000000000000, -1.946080206724265566E-15 ) ) ;
#1461 = AXIS2_PLACEMENT_3D ( 'NONE', #4899, #445, #1986 ) ;
#1462 = CARTESIAN_POINT ( 'NONE',  ( -33.70000000000000995, -26.38953595602099256, 0.04578905552877826635 ) ) ;
#1463 = ORIENTED_EDGE ( 'NONE', *, *, #4933, .T. ) ;
#1464 = DIRECTION ( 'NONE',  ( 1.000000000000000000, 0.000000000000000000, -0.000000000000000000 ) ) ;
#1465 = DIRECTION ( 'NONE',  ( 1.000000000000000000, -2.161476583036224152E-16, -5.473344771987640402E-16 ) ) ;
#1466 = VERTEX_POINT ( 'NONE', #5715 ) ;
#1467 = LINE ( 'NONE', #1365, #7163 ) ;
#1468 = CARTESIAN_POINT ( 'NONE',  ( -22.19999999999999574, -32.48544952681287867, -0.9724037437341386259 ) ) ;
#1469 = VERTEX_POINT ( 'NONE', #5128 ) ;
#1470 = VERTEX_POINT ( 'NONE', #2752 ) ;
#1471 = CARTESIAN_POINT ( 'NONE',  ( -30.89999999999998437, 29.11588541666668917, -4.745020168928370197 ) ) ;
#1472 = EDGE_LOOP ( 'NONE', ( #2125, #4564 ) ) ;
#1473 = DIRECTION ( 'NONE',  ( -1.000000000000000000, 4.440892098493159100E-16, 2.121142188919197885E-16 ) ) ;
#1474 = ORIENTED_EDGE ( 'NONE', *, *, #4740, .F. ) ;
#1475 = CARTESIAN_POINT ( 'NONE',  ( -32.89999999999996305, -6.956375776422274448, 32.05384273050908206 ) ) ;
#1476 = ORIENTED_EDGE ( 'NONE', *, *, #7235, .F. ) ;
#1477 = DIRECTION ( 'NONE',  ( -1.000000000000000000, 9.429464901789176563E-17, -1.042566224088868083E-16 ) ) ;
#1478 = EDGE_CURVE ( 'NONE', #8068, #1062, #8756, .T. ) ;
#1479 = EDGE_CURVE ( 'NONE', #7334, #9640, #8104, .T. ) ;
#1480 = CARTESIAN_POINT ( 'NONE',  ( -33.89999999999997016, 15.00000000000098943, 14.99999999999992895 ) ) ;
#1481 = CIRCLE ( 'NONE', #7076, 31.50000000000000000 ) ;
#1482 = CARTESIAN_POINT ( 'NONE',  ( -32.40000000000000568, -30.25852531317756444, -0.07405444337407830757 ) ) ;
#1483 = CYLINDRICAL_SURFACE ( 'NONE', #718, 1.599999999999998979 ) ;
#1484 = DIRECTION ( 'NONE',  ( 1.000000000000000000, -1.348081413631192369E-15, -3.190558386184555325E-16 ) ) ;
#1485 = VECTOR ( 'NONE', #664, 1000.000000000000000 ) ;
#1486 = CARTESIAN_POINT ( 'NONE',  ( -32.39999999999998437, -31.91870648513825515, 3.948350868272160419 ) ) ;
#1487 = ADVANCED_FACE ( 'NONE', ( #3614 ), #2943, .F. ) ;
#1488 = CARTESIAN_POINT ( 'NONE',  ( -30.70000000000001350, -31.70000000000001350, 6.579543922768655202E-14 ) ) ;
#1489 = EDGE_CURVE ( 'NONE', #4233, #227, #7814, .T. ) ;
#1490 = EDGE_CURVE ( 'NONE', #390, #6478, #6249, .T. ) ;
#1491 = DIRECTION ( 'NONE',  ( 1.000000000000000000, -1.349229370204182792E-15, -3.192373063429540231E-16 ) ) ;
#1492 = CYLINDRICAL_SURFACE ( 'NONE', #6660, 1.249999999999997558 ) ;
#1493 = CARTESIAN_POINT ( 'NONE',  ( -33.39999999999998437, -34.33129643109947438, 3.407651003243799437 ) ) ;
#1494 = CARTESIAN_POINT ( 'NONE',  ( -32.89999999761452187, -26.22238494272429321, -19.70432986251759289 ) ) ;
#1495 = ORIENTED_EDGE ( 'NONE', *, *, #8030, .T. ) ;
#1496 = VERTEX_POINT ( 'NONE', #237 ) ;
#1497 = DIRECTION ( 'NONE',  ( -1.000000000000000000, -1.175656832681595541E-18, 2.479139147737537908E-18 ) ) ;
#1498 = VERTEX_POINT ( 'NONE', #3853 ) ;
#1499 = CARTESIAN_POINT ( 'NONE',  ( -33.69999999999999574, 30.61959156899271761, 2.115027806485723527 ) ) ;
#1500 = ADVANCED_FACE ( 'NONE', ( #5505 ), #8532, .F. ) ;
#1501 = CARTESIAN_POINT ( 'NONE',  ( -30.90000000000000213, -19.23499999999998877, -19.23499999999998167 ) ) ;
#1502 = EDGE_CURVE ( 'NONE', #7770, #1215, #472, .T. ) ;
#1503 = CARTESIAN_POINT ( 'NONE',  ( -32.90275887879867867, 31.79094230992345871, 4.159638747121604752 ) ) ;
#1504 = ORIENTED_EDGE ( 'NONE', *, *, #7427, .F. ) ;
#1505 = DIRECTION ( 'NONE',  ( 0.000000000000000000, -1.000000000000000000, 0.000000000000000000 ) ) ;
#1506 = ORIENTED_EDGE ( 'NONE', *, *, #5613, .F. ) ;
#1507 = ORIENTED_EDGE ( 'NONE', *, *, #2934, .F. ) ;
#1508 = FACE_OUTER_BOUND ( 'NONE', #3480, .T. ) ;
#1509 = CARTESIAN_POINT ( 'NONE',  ( 3.988197982730637260E-15, -4.433740612592987085E-14, 12.50000000000000000 ) ) ;
#1510 = ORIENTED_EDGE ( 'NONE', *, *, #6384, .T. ) ;
#1511 = CARTESIAN_POINT ( 'NONE',  ( -32.39999999999192681, 31.69999999999998508, -1.464757135027916490E-13 ) ) ;
#1512 = CARTESIAN_POINT ( 'NONE',  ( -33.89999999999998437, -14.99999999999888978, -17.60000000000006537 ) ) ;
#1513 = ORIENTED_EDGE ( 'NONE', *, *, #24, .T. ) ;
#1514 = EDGE_CURVE ( 'NONE', #4532, #3373, #4802, .T. ) ;
#1515 = DIRECTION ( 'NONE',  ( -4.513101726118522915E-16, -1.000000000000000000, 0.000000000000000000 ) ) ;
#1516 = AXIS2_PLACEMENT_3D ( 'NONE', #5153, #7532, #3036 ) ;
#1517 = ORIENTED_EDGE ( 'NONE', *, *, #5487, .T. ) ;
#1518 = ORIENTED_EDGE ( 'NONE', *, *, #2588, .F. ) ;
#1519 = CARTESIAN_POINT ( 'NONE',  ( -32.39999999999043467, 32.74903950049139212, -0.6797176813726590883 ) ) ;
#1520 = AXIS2_PLACEMENT_3D ( 'NONE', #5390, #839, #4120 ) ;
#1521 = CARTESIAN_POINT ( 'NONE',  ( -32.39999999999630376, 32.48487037263634392, 1.211326476013236508 ) ) ;
#1522 = EDGE_LOOP ( 'NONE', ( #8416, #8192 ) ) ;
#1523 = CARTESIAN_POINT ( 'NONE',  ( -32.89999971824272507, -3.502752632085064377, 32.61296598756210585 ) ) ;
#1524 = VERTEX_POINT ( 'NONE', #7044 ) ;
#1525 = FACE_OUTER_BOUND ( 'NONE', #6918, .T. ) ;
#1526 = DIRECTION ( 'NONE',  ( -1.000000000000000000, 4.440892098500626162E-16, 2.121142188857532135E-16 ) ) ;
#1527 = DIRECTION ( 'NONE',  ( -1.000000000000000000, -9.646292633376703921E-33, 2.479139147737542530E-18 ) ) ;
#1528 = CARTESIAN_POINT ( 'NONE',  ( -32.89999999999998437, -31.79094230992150116, -4.450000000000137845 ) ) ;
#1529 = EDGE_CURVE ( 'NONE', #5176, #1543, #4652, .T. ) ;
#1530 = DIRECTION ( 'NONE',  ( -1.000000000000000000, 2.161476583036237957E-16, 5.473344771987708442E-16 ) ) ;
#1531 = DIRECTION ( 'NONE',  ( 1.000000000000000000, 0.000000000000000000, 0.000000000000000000 ) ) ;
#1532 = DIRECTION ( 'NONE',  ( 1.000000000000000000, -4.440892098500626162E-16, -2.121142188857532135E-16 ) ) ;
#1533 = AXIS2_PLACEMENT_3D ( 'NONE', #3338, #2729, #3386 ) ;
#1534 = DIRECTION ( 'NONE',  ( 0.000000000000000000, 0.000000000000000000, 1.000000000000000000 ) ) ;
#1535 = PLANE ( 'NONE',  #1387 ) ;
#1536 = DIRECTION ( 'NONE',  ( 0.000000000000000000, 0.000000000000000000, 1.000000000000000000 ) ) ;
#1537 = FACE_OUTER_BOUND ( 'NONE', #1607, .T. ) ;
#1538 = CARTESIAN_POINT ( 'NONE',  ( -32.89999999863111668, -28.85262746470890605, -15.60038542063918143 ) ) ;
#1539 = EDGE_LOOP ( 'NONE', ( #5972, #2096, #4795, #8809, #4772, #4223 ) ) ;
#1540 = AXIS2_PLACEMENT_3D ( 'NONE', #985, #4181, #3279 ) ;
#1541 = ADVANCED_FACE ( 'NONE', ( #1689, #6993, #9287, #8580, #5352, #2389 ), #1535, .F. ) ;
#1542 = EDGE_CURVE ( 'NONE', #1469, #3439, #3240, .T. ) ;
#1543 = VERTEX_POINT ( 'NONE', #5548 ) ;
#1544 = PLANE ( 'NONE',  #1884 ) ;
#1545 = ORIENTED_EDGE ( 'NONE', *, *, #3284, .F. ) ;
#1546 = DIRECTION ( 'NONE',  ( -1.000000000000000000, 4.440892098493159100E-16, 2.121142188919197885E-16 ) ) ;
#1547 = DIRECTION ( 'NONE',  ( -1.000000000000000000, -1.175656832681595541E-18, 2.479139147737537908E-18 ) ) ;
#1548 = CIRCLE ( 'NONE', #2176, 33.30000000000000426 ) ;
#1549 = DIRECTION ( 'NONE',  ( 0.000000000000000000, -1.000000000000000000, 0.000000000000000000 ) ) ;
#1550 = CIRCLE ( 'NONE', #7137, 2.599999999999998312 ) ;
#1551 = CIRCLE ( 'NONE', #7140, 1.249999999969347186 ) ;
#1552 = AXIS2_PLACEMENT_3D ( 'NONE', #1285, #3594, #2777 ) ;
#1553 = ORIENTED_EDGE ( 'NONE', *, *, #4356, .F. ) ;
#1554 = CARTESIAN_POINT ( 'NONE',  ( -33.32499999999999574, 31.69999999999998508, 2.749999999999855227 ) ) ;
#1555 = VERTEX_POINT ( 'NONE', #6893 ) ;
#1556 = EDGE_CURVE ( 'NONE', #3018, #707, #3152, .T. ) ;
#1557 = EDGE_CURVE ( 'NONE', #1760, #9399, #7621, .T. ) ;
#1558 = CIRCLE ( 'NONE', #281, 2.249999999999998668 ) ;
#1559 = VERTEX_POINT ( 'NONE', #994 ) ;
#1560 = CARTESIAN_POINT ( 'NONE',  ( -32.89999999999999147, -32.10234052705331464, -4.483124869336725382 ) ) ;
#1561 = CARTESIAN_POINT ( 'NONE',  ( -30.69999999999998508, 33.87364542785747545, 2.950000000000120970 ) ) ;
#1562 = ORIENTED_EDGE ( 'NONE', *, *, #8765, .F. ) ;
#1563 = DIRECTION ( 'NONE',  ( 3.909790168050306255E-16, 0.8905380237835229806, 0.4549088130556910303 ) ) ;
#1564 = VECTOR ( 'NONE', #805, 1000.000000000000000 ) ;
#1565 = DIRECTION ( 'NONE',  ( -1.000000000000000000, 1.203748661061742313E-17, 2.343104809322966906E-16 ) ) ;
#1566 = ORIENTED_EDGE ( 'NONE', *, *, #6384, .F. ) ;
#1567 = DIRECTION ( 'NONE',  ( -1.000000000000000000, 4.440892098500626162E-16, 2.121142188857532135E-16 ) ) ;
#1568 = AXIS2_PLACEMENT_3D ( 'NONE', #6514, #5920, #1210 ) ;
#1569 = AXIS2_PLACEMENT_3D ( 'NONE', #3658, #2192, #9697 ) ;
#1570 = VERTEX_POINT ( 'NONE', #4051 ) ;
#1571 = AXIS2_PLACEMENT_3D ( 'NONE', #3937, #6328, #3231 ) ;
#1572 = EDGE_CURVE ( 'NONE', #4821, #3431, #433, .T. ) ;
#1573 = ORIENTED_EDGE ( 'NONE', *, *, #484, .T. ) ;
#1574 = EDGE_CURVE ( 'NONE', #197, #8597, #5875, .T. ) ;
#1575 = DIRECTION ( 'NONE',  ( 0.000000000000000000, -1.000000000000000000, 0.000000000000000000 ) ) ;
#1576 = CARTESIAN_POINT ( 'NONE',  ( -22.70000000000001350, -30.20000000000002061, 6.428222249642331005E-14 ) ) ;
#1577 = VERTEX_POINT ( 'NONE', #892 ) ;
#1578 = CARTESIAN_POINT ( 'NONE',  ( -32.89999987396329573, -9.038738845933078636, 31.53055449148947531 ) ) ;
#1579 = ORIENTED_EDGE ( 'NONE', *, *, #5967, .T. ) ;
#1580 = CARTESIAN_POINT ( 'NONE',  ( -20.89999999999997371, -15.00000000000004263, 14.99999999999995737 ) ) ;
#1581 = AXIS2_PLACEMENT_3D ( 'NONE', #9116, #1567, #8314 ) ;
#1582 = CARTESIAN_POINT ( 'NONE',  ( -30.89999999999997016, 7.500000000000007105, 28.53068523537423928 ) ) ;
#1583 = CARTESIAN_POINT ( 'NONE',  ( -25.19999999999997797, 17.72403791909879445, -20.90202088431346183 ) ) ;
#1584 = AXIS2_PLACEMENT_3D ( 'NONE', #8363, #6917, #4526 ) ;
#1585 = DIRECTION ( 'NONE',  ( -1.000000000000000000, 2.161476583036237957E-16, 5.473344771987708442E-16 ) ) ;
#1586 = DIRECTION ( 'NONE',  ( 1.261617073437677062E-15, 0.000000000000000000, 1.000000000000000000 ) ) ;
#1587 = VECTOR ( 'NONE', #8423, 1000.000000000000114 ) ;
#1588 = DIRECTION ( 'NONE',  ( 0.000000000000000000, 0.000000000000000000, 1.000000000000000000 ) ) ;
#1589 = FACE_OUTER_BOUND ( 'NONE', #6070, .T. ) ;
#1590 = DIRECTION ( 'NONE',  ( 1.000000000000000000, -4.440892098493159100E-16, -2.121142188919197885E-16 ) ) ;
#1591 = CIRCLE ( 'NONE', #8450, 16.19999999999997087 ) ;
#1592 = DIRECTION ( 'NONE',  ( 0.000000000000000000, 1.000000000000000000, 0.000000000000000000 ) ) ;
#1593 = LINE ( 'NONE', #145, #879 ) ;
#1594 = CARTESIAN_POINT ( 'NONE',  ( -32.89999996511037494, -30.13466658589175040, -12.95205160847110548 ) ) ;
#1595 = ORIENTED_EDGE ( 'NONE', *, *, #6627, .T. ) ;
#1596 = ORIENTED_EDGE ( 'NONE', *, *, #1059, .F. ) ;
#1597 = CIRCLE ( 'NONE', #4159, 1.649999999999995248 ) ;
#1598 = CARTESIAN_POINT ( 'NONE',  ( -33.32500000000000995, -31.70000000000001350, 6.635223905227784706E-14 ) ) ;
#1599 = VERTEX_POINT ( 'NONE', #4594 ) ;
#1600 = CARTESIAN_POINT ( 'NONE',  ( -29.29999999999997939, 19.23330444827511698, -19.23330444827406538 ) ) ;
#1601 = CARTESIAN_POINT ( 'NONE',  ( -22.80000000001791705, 31.69999999999998508, -1.500000000016969537 ) ) ;
#1602 = DIRECTION ( 'NONE',  ( 1.000000000000000000, 1.175656832681595541E-18, -2.479139147737537908E-18 ) ) ;
#1603 = EDGE_CURVE ( 'NONE', #1999, #8266, #3947, .T. ) ;
#1604 = CIRCLE ( 'NONE', #7191, 1.400000000043711168 ) ;
#1605 = EDGE_CURVE ( 'NONE', #8009, #390, #6149, .T. ) ;
#1606 = VECTOR ( 'NONE', #2763, 1000.000000000000000 ) ;
#1607 = EDGE_LOOP ( 'NONE', ( #214, #9266, #3368, #3816 ) ) ;
#1608 = CARTESIAN_POINT ( 'NONE',  ( -29.29999999999998295, 9.728927654278865694E-15, 1.535206426618293050E-14 ) ) ;
#1609 = EDGE_LOOP ( 'NONE', ( #8991, #8946, #7259, #633 ) ) ;
#1610 = ORIENTED_EDGE ( 'NONE', *, *, #689, .F. ) ;
#1611 = DIRECTION ( 'NONE',  ( 2.479139147737537908E-18, -0.000000000000000000, 1.000000000000000000 ) ) ;
#1612 = DIRECTION ( 'NONE',  ( 5.802453940231086279E-16, 0.6707851240783705427, 0.7416517493508426595 ) ) ;
#1613 = ORIENTED_EDGE ( 'NONE', *, *, #4500, .T. ) ;
#1614 = DIRECTION ( 'NONE',  ( 0.000000000000000000, 1.000000000000000000, 0.000000000000000000 ) ) ;
#1615 = AXIS2_PLACEMENT_3D ( 'NONE', #6706, #2299, #9752 ) ;
#1616 = FACE_BOUND ( 'NONE', #5331, .T. ) ;
#1617 = ORIENTED_EDGE ( 'NONE', *, *, #3133, .F. ) ;
#1618 = DIRECTION ( 'NONE',  ( 8.825547355056099929E-16, 0.000000000000000000, 1.000000000000000000 ) ) ;
#1619 = EDGE_CURVE ( 'NONE', #1271, #8249, #1395, .T. ) ;
#1620 = EDGE_CURVE ( 'NONE', #242, #1108, #6438, .T. ) ;
#1621 = EDGE_CURVE ( 'NONE', #225, #8365, #9586, .T. ) ;
#1622 = ORIENTED_EDGE ( 'NONE', *, *, #8806, .T. ) ;
#1623 = VECTOR ( 'NONE', #7031, 1000.000000000000000 ) ;
#1624 = ORIENTED_EDGE ( 'NONE', *, *, #4492, .F. ) ;
#1625 = DIRECTION ( 'NONE',  ( -1.000000000000000000, -0.000000000000000000, 0.000000000000000000 ) ) ;
#1626 = CARTESIAN_POINT ( 'NONE',  ( -33.81307906584665801, 33.92074792276473971, 3.363079065846812821 ) ) ;
#1627 = ORIENTED_EDGE ( 'NONE', *, *, #7377, .F. ) ;
#1628 = FACE_OUTER_BOUND ( 'NONE', #4993, .T. ) ;
#1629 = ORIENTED_EDGE ( 'NONE', *, *, #7427, .T. ) ;
#1630 = PRESENTATION_STYLE_ASSIGNMENT (( #7627 ) ) ;
#1631 = CIRCLE ( 'NONE', #8480, 29.50000000000000711 ) ;
#1632 = EDGE_CURVE ( 'NONE', #5552, #8597, #6034, .T. ) ;
#1633 = CARTESIAN_POINT ( 'NONE',  ( -33.70000000000000995, -30.91512962736366887, 1.211326476013453446 ) ) ;
#1634 = CIRCLE ( 'NONE', #5141, 1.649999999999995248 ) ;
#1635 = CARTESIAN_POINT ( 'NONE',  ( -33.39999999999998437, 9.947582915715884728E-13, -1.040834085586084257E-14 ) ) ;
#1636 = CARTESIAN_POINT ( 'NONE',  ( -25.19999999999998153, 9.930759254642223180E-13, -1.188719181843139373E-14 ) ) ;
#1637 = ORIENTED_EDGE ( 'NONE', *, *, #4767, .T. ) ;
#1638 = CARTESIAN_POINT ( 'NONE',  ( -29.29999999999999716, 8.500000000000012434, -33.49999999999998579 ) ) ;
#1639 = LINE ( 'NONE', #8711, #1709 ) ;
#1640 = VECTOR ( 'NONE', #4329, 1000.000000000000000 ) ;
#1641 = DIRECTION ( 'NONE',  ( -1.000000000000000000, 0.000000000000000000, 0.000000000000000000 ) ) ;
#1642 = DIRECTION ( 'NONE',  ( 0.000000000000000000, 1.000000000000000000, 0.000000000000000000 ) ) ;
#1643 = DIRECTION ( 'NONE',  ( -1.000000000000000000, 4.440892098500626162E-16, 2.121142188857532135E-16 ) ) ;
#1644 = CARTESIAN_POINT ( 'NONE',  ( -33.89999999999998437, 15.00000000000088995, -15.00000000000006750 ) ) ;
#1645 = CARTESIAN_POINT ( 'NONE',  ( -29.29999999999999005, -14.99999999999998934, -11.24999999999998401 ) ) ;
#1646 = CARTESIAN_POINT ( 'NONE',  ( -32.89999999983674428, -31.02655638500673874, -10.63990278951334822 ) ) ;
#1647 = ORIENTED_EDGE ( 'NONE', *, *, #1574, .T. ) ;
#1648 = CIRCLE ( 'NONE', #7231, 3.750000000000000000 ) ;
#1649 = EDGE_LOOP ( 'NONE', ( #4230, #9766, #9257, #2519 ) ) ;
#1650 = DIRECTION ( 'NONE',  ( 9.251858538542975772E-16, 0.000000000000000000, 1.000000000000000000 ) ) ;
#1651 = EDGE_LOOP ( 'NONE', ( #2139, #1417, #3588, #2606 ) ) ;
#1652 = CARTESIAN_POINT ( 'NONE',  ( -29.50000000000000355, -32.94999999999902229, -1.273480417125352938E-14 ) ) ;
#1653 = LINE ( 'NONE', #99, #657 ) ;
#1654 = CARTESIAN_POINT ( 'NONE',  ( -32.39999999999998437, -31.79094230992149406, -1.347708006399295428E-13 ) ) ;
#1655 = VECTOR ( 'NONE', #7087, 1000.000000000000000 ) ;
#1656 = CARTESIAN_POINT ( 'NONE',  ( -25.19999999999999218, -32.95528202195001199, 4.779057109270945958 ) ) ;
#1657 = CARTESIAN_POINT ( 'NONE',  ( -29.29999999999995808, 20.03330444827523138, 19.23330444827390906 ) ) ;
#1658 = DIRECTION ( 'NONE',  ( 1.000000000000000000, -4.440892098500626162E-16, -2.121142188857532135E-16 ) ) ;
#1659 = ORIENTED_EDGE ( 'NONE', *, *, #5846, .F. ) ;
#1660 = ORIENTED_EDGE ( 'NONE', *, *, #5785, .T. ) ;
#1661 = DIRECTION ( 'NONE',  ( 1.000000000000000000, 1.175656832681595541E-18, -2.479139147737537908E-18 ) ) ;
#1662 = EDGE_CURVE ( 'NONE', #6676, #7871, #9695, .T. ) ;
#1663 = DIRECTION ( 'NONE',  ( -1.000000000000000000, 4.440892098500626162E-16, 2.121142188857532135E-16 ) ) ;
#1664 = ORIENTED_EDGE ( 'NONE', *, *, #1905, .T. ) ;
#1665 = DIRECTION ( 'NONE',  ( 0.000000000000000000, -1.000000000000000000, -3.890984756615977524E-15 ) ) ;
#1666 = LINE ( 'NONE', #916, #7681 ) ;
#1667 = ORIENTED_EDGE ( 'NONE', *, *, #5068, .T. ) ;
#1668 = DIRECTION ( 'NONE',  ( -1.000000000000000000, -1.175656832681585912E-18, -4.574462814975471632E-33 ) ) ;
#1669 = ORIENTED_EDGE ( 'NONE', *, *, #1603, .T. ) ;
#1670 = ORIENTED_EDGE ( 'NONE', *, *, #5916, .F. ) ;
#1671 = DIRECTION ( 'NONE',  ( 0.000000000000000000, 0.000000000000000000, -1.000000000000000000 ) ) ;
#1672 = EDGE_CURVE ( 'NONE', #8823, #8044, #7187, .T. ) ;
#1673 = EDGE_CURVE ( 'NONE', #5979, #5720, #7778, .T. ) ;
#1674 = DIRECTION ( 'NONE',  ( 0.000000000000000000, 0.000000000000000000, -1.000000000000000000 ) ) ;
#1675 = ORIENTED_EDGE ( 'NONE', *, *, #4514, .F. ) ;
#1676 = LINE ( 'NONE', #7170, #6419 ) ;
#1677 = ORIENTED_EDGE ( 'NONE', *, *, #2728, .F. ) ;
#1678 = AXIS2_PLACEMENT_3D ( 'NONE', #7341, #389, #3438 ) ;
#1679 = LINE ( 'NONE', #6285, #4135 ) ;
#1680 = CARTESIAN_POINT ( 'NONE',  ( -32.89999999999998437, 32.40404633760289244, -4.826874628771506970 ) ) ;
#1681 = DIRECTION ( 'NONE',  ( -0.7071067811865563435, 0.7071067811865388020, 3.105051204408058910E-16 ) ) ;
#1682 = AXIS2_PLACEMENT_3D ( 'NONE', #4322, #8055, #1312 ) ;
#1683 = ADVANCED_FACE ( 'NONE', ( #1831, #7926 ), #493, .F. ) ;
#1684 = EDGE_CURVE ( 'NONE', #2216, #8509, #7278, .T. ) ;
#1685 = DIRECTION ( 'NONE',  ( -4.440892098500626162E-16, -1.000000000000000000, 0.000000000000000000 ) ) ;
#1686 = DIRECTION ( 'NONE',  ( -1.000000000000000000, 4.440892098500626162E-16, 2.121142188857532135E-16 ) ) ;
#1687 = DIRECTION ( 'NONE',  ( -4.716426019871923235E-16, -0.7416517493508107961, -0.6707851240784056257 ) ) ;
#1688 = LINE ( 'NONE', #86, #6179 ) ;
#1689 = FACE_OUTER_BOUND ( 'NONE', #1996, .T. ) ;
#1690 = DIRECTION ( 'NONE',  ( -4.440892098500626162E-16, -1.000000000000000000, 0.000000000000000000 ) ) ;
#1691 = DIRECTION ( 'NONE',  ( 0.000000000000000000, 1.000000000000000000, 0.000000000000000000 ) ) ;
#1692 = ORIENTED_EDGE ( 'NONE', *, *, #5955, .F. ) ;
#1693 = EDGE_CURVE ( 'NONE', #6806, #2989, #9852, .T. ) ;
#1695 = ORIENTED_EDGE ( 'NONE', *, *, #9271, .F. ) ;
#1694 = ADVANCED_FACE ( 'NONE', ( #1086 ), #8028, .F. ) ;
#1696 = CARTESIAN_POINT ( 'NONE',  ( -29.49999999999998934, 31.70000000000099050, -1.599999999999886624 ) ) ;
#1697 = VERTEX_POINT ( 'NONE', #9525 ) ;
#1698 = DIRECTION ( 'NONE',  ( 1.000000000000000000, -0.000000000000000000, -0.000000000000000000 ) ) ;
#1699 = CARTESIAN_POINT ( 'NONE',  ( -6.261518187187871367E-15, -1.649999999999863798, -12.50000000000000000 ) ) ;
#1700 = CARTESIAN_POINT ( 'NONE',  ( -29.29999999999996874, 19.23500000000001009, 19.23500000000001364 ) ) ;
#1701 = DIRECTION ( 'NONE',  ( 1.000000000000000000, 1.175656832681595541E-18, -2.479139147737537908E-18 ) ) ;
#1702 = ORIENTED_EDGE ( 'NONE', *, *, #8211, .T. ) ;
#1703 = CIRCLE ( 'NONE', #9036, 3.750000000000000000 ) ;
#1704 = DIRECTION ( 'NONE',  ( 0.000000000000000000, -1.000000000000000000, 0.000000000000000000 ) ) ;
#1705 = ORIENTED_EDGE ( 'NONE', *, *, #940, .F. ) ;
#1706 = ORIENTED_EDGE ( 'NONE', *, *, #5693, .F. ) ;
#1707 = CARTESIAN_POINT ( 'NONE',  ( -32.89999999999998437, -32.10911555066444834, -4.485869284797413314 ) ) ;
#1708 = LINE ( 'NONE', #1053, #9220 ) ;
#1709 = VECTOR ( 'NONE', #842, 1000.000000000000000 ) ;
#1710 = ORIENTED_EDGE ( 'NONE', *, *, #2147, .F. ) ;
#1711 = CARTESIAN_POINT ( 'NONE',  ( -33.63881709647570517, -34.11246252433119253, -3.188817096475851987 ) ) ;
#1712 = CIRCLE ( 'NONE', #8404, 2.550000000000000266 ) ;
#1713 = CARTESIAN_POINT ( 'NONE',  ( -32.39999999999998437, 31.79094230992349068, -4.449999999999879385 ) ) ;
#1714 = DIRECTION ( 'NONE',  ( -8.825547355056099929E-16, 0.000000000000000000, -1.000000000000000000 ) ) ;
#1715 = VECTOR ( 'NONE', #6337, 1000.000000000000000 ) ;
#1716 = VECTOR ( 'NONE', #4108, 1000.000000000000000 ) ;
#1717 = ORIENTED_EDGE ( 'NONE', *, *, #6671, .T. ) ;
#1718 = ORIENTED_EDGE ( 'NONE', *, *, #2585, .F. ) ;
#1719 = DIRECTION ( 'NONE',  ( 6.938893903907226405E-16, 0.000000000000000000, 1.000000000000000000 ) ) ;
#1720 = CIRCLE ( 'NONE', #4765, 1.500000000000000666 ) ;
#1721 = AXIS2_PLACEMENT_3D ( 'NONE', #7082, #9514, #7874 ) ;
#1722 = CARTESIAN_POINT ( 'NONE',  ( -29.29999999999996874, 15.00000000000001243, 18.75000000000001776 ) ) ;
#1723 = ORIENTED_EDGE ( 'NONE', *, *, #7905, .T. ) ;
#1724 = VECTOR ( 'NONE', #8792, 1000.000000000000000 ) ;
#1725 = CARTESIAN_POINT ( 'NONE',  ( -25.19999999999998863, 8.800000000000988365, -48.80433501989505629 ) ) ;
#1726 = VERTEX_POINT ( 'NONE', #4143 ) ;
#1727 = CIRCLE ( 'NONE', #7311, 1.249999999999990674 ) ;
#1728 = CARTESIAN_POINT ( 'NONE',  ( -33.89999999999998437, -13.28949793359895537, 16.89121196084480658 ) ) ;
#1729 = CARTESIAN_POINT ( 'NONE',  ( -23.49999999999997868, 9.923209738074772923E-13, -1.224778599053717888E-14 ) ) ;
#1730 = EDGE_CURVE ( 'NONE', #9327, #801, #8570, .T. ) ;
#1731 = AXIS2_PLACEMENT_3D ( 'NONE', #1109, #7207, #6754 ) ;
#1732 = EDGE_CURVE ( 'NONE', #3734, #6300, #7337, .T. ) ;
#1733 = DIRECTION ( 'NONE',  ( -1.000000000000000000, -1.179389324206871456E-17, 8.825547355056098943E-16 ) ) ;
#1734 = AXIS2_PLACEMENT_3D ( 'NONE', #391, #8080, #7344 ) ;
#1735 = ORIENTED_EDGE ( 'NONE', *, *, #1794, .F. ) ;
#1736 = ORIENTED_EDGE ( 'NONE', *, *, #6740, .T. ) ;
#1737 = CARTESIAN_POINT ( 'NONE',  ( -32.39999999999998437, 32.90690173235819316, -5.101550585556141826 ) ) ;
#1738 = VECTOR ( 'NONE', #8036, 1000.000000000000000 ) ;
#1739 = DIRECTION ( 'NONE',  ( 0.000000000000000000, 1.000000000000000000, 0.000000000000000000 ) ) ;
#1740 = FACE_OUTER_BOUND ( 'NONE', #3176, .T. ) ;
#1741 = CARTESIAN_POINT ( 'NONE',  ( -23.49999999999998224, 9.923209738074770903E-13, -1.224778599053717415E-14 ) ) ;
#1742 = EDGE_CURVE ( 'NONE', #9320, #1697, #5042, .T. ) ;
#1743 = ADVANCED_FACE ( 'NONE', ( #9475 ), #5690, .F. ) ;
#1744 = DIRECTION ( 'NONE',  ( 0.000000000000000000, -1.000000000000000000, 0.000000000000000000 ) ) ;
#1745 = VECTOR ( 'NONE', #9716, 1000.000000000000000 ) ;
#1746 = LINE ( 'NONE', #3242, #2785 ) ;
#1747 = EDGE_LOOP ( 'NONE', ( #4082, #573, #7719, #146 ) ) ;
#1748 = AXIS2_PLACEMENT_3D ( 'NONE', #9256, #2409, #9444 ) ;
#1749 = ORIENTED_EDGE ( 'NONE', *, *, #393, .F. ) ;
#1750 = AXIS2_PLACEMENT_3D ( 'NONE', #3595, #4394, #6635 ) ;
#1751 = CARTESIAN_POINT ( 'NONE',  ( -29.49999999999997158, 32.95528202195200151, -4.779057109270967274 ) ) ;
#1752 = VERTEX_POINT ( 'NONE', #1881 ) ;
#1753 = DIRECTION ( 'NONE',  ( 0.000000000000000000, -1.000000000000000000, 0.000000000000000000 ) ) ;
#1754 = CIRCLE ( 'NONE', #8130, 2.550000000000000266 ) ;
#1755 = FACE_OUTER_BOUND ( 'NONE', #6699, .T. ) ;
#1756 = CARTESIAN_POINT ( 'NONE',  ( -33.32499999999999574, 31.69999999999998508, -1.456416044084281645E-13 ) ) ;
#1757 = ADVANCED_FACE ( 'NONE', ( #6391 ), #4291, .F. ) ;
#1758 = FACE_OUTER_BOUND ( 'NONE', #2922, .T. ) ;
#1759 = VECTOR ( 'NONE', #4643, 1000.000000000000000 ) ;
#1760 = VERTEX_POINT ( 'NONE', #1037 ) ;
#1761 = DIRECTION ( 'NONE',  ( 0.000000000000000000, -1.000000000000000000, 0.000000000000000000 ) ) ;
#1762 = VERTEX_POINT ( 'NONE', #4094 ) ;
#1763 = CIRCLE ( 'NONE', #3678, 3.950000000000002842 ) ;
#1764 = VERTEX_POINT ( 'NONE', #8871 ) ;
#1765 = LINE ( 'NONE', #166, #5499 ) ;
#1766 = CARTESIAN_POINT ( 'NONE',  ( -20.89999999999998792, 19.23499999999993904, -20.48500000000004562 ) ) ;
#1767 = ORIENTED_EDGE ( 'NONE', *, *, #7115, .T. ) ;
#1768 = CARTESIAN_POINT ( 'NONE',  ( -23.49999999999996803, 30.73958990536376845, -0.8000702782374562450 ) ) ;
#1769 = CARTESIAN_POINT ( 'NONE',  ( -20.89999999999997726, 28.77408854166667851, -3.820143356340639063 ) ) ;
#1770 = DIRECTION ( 'NONE',  ( 0.000000000000000000, 0.000000000000000000, 1.000000000000000000 ) ) ;
#1771 = EDGE_LOOP ( 'NONE', ( #9799, #763 ) ) ;
#1772 = ORIENTED_EDGE ( 'NONE', *, *, #6290, .T. ) ;
#1773 = CARTESIAN_POINT ( 'NONE',  ( -3.999999999999982681, 9.836612342154012732E-13, -1.638401325880936471E-14 ) ) ;
#1774 = CARTESIAN_POINT ( 'NONE',  ( -23.49999999999995737, 18.43330444827524417, 19.23330444827390906 ) ) ;
#1775 = ORIENTED_EDGE ( 'NONE', *, *, #9178, .T. ) ;
#1776 = CARTESIAN_POINT ( 'NONE',  ( -32.89999999999998437, -0.004867228648244654489, 32.79999965903971315 ) ) ;
#1777 = ORIENTED_EDGE ( 'NONE', *, *, #3871, .T. ) ;
#1778 = DIRECTION ( 'NONE',  ( 9.251858538542975772E-16, 0.000000000000000000, 1.000000000000000000 ) ) ;
#1779 = CARTESIAN_POINT ( 'NONE',  ( -2.999999999999999112, 4.044244240893584208E-15, 9.571675158553656116E-16 ) ) ;
#1780 = AXIS2_PLACEMENT_3D ( 'NONE', #6062, #2899, #6799 ) ;
#1781 = DIRECTION ( 'NONE',  ( 1.000000000000000000, -4.440892098500626162E-16, -2.121142188857532135E-16 ) ) ;
#1782 = VERTEX_POINT ( 'NONE', #4489 ) ;
#1783 = DIRECTION ( 'NONE',  ( 2.161476583036237957E-16, 1.000000000000000000, -1.183050655553524806E-31 ) ) ;
#1784 = AXIS2_PLACEMENT_3D ( 'NONE', #8428, #1641, #4049 ) ;
#1785 = EDGE_CURVE ( 'NONE', #9337, #745, #6195, .T. ) ;
#1786 = FACE_OUTER_BOUND ( 'NONE', #9188, .T. ) ;
#1787 = DIRECTION ( 'NONE',  ( -4.513101726118522915E-16, -1.000000000000000000, 0.000000000000000000 ) ) ;
#1788 = DIRECTION ( 'NONE',  ( 1.000000000000000000, -4.440892098500626162E-16, -2.121142188857532135E-16 ) ) ;
#1789 = FACE_OUTER_BOUND ( 'NONE', #163, .T. ) ;
#1790 = ORIENTED_EDGE ( 'NONE', *, *, #3183, .T. ) ;
#1791 = EDGE_LOOP ( 'NONE', ( #5704, #5776, #4341, #5936 ) ) ;
#1792 = EDGE_CURVE ( 'NONE', #451, #8256, #4918, .T. ) ;
#1793 = EDGE_CURVE ( 'NONE', #2743, #799, #730, .T. ) ;
#1794 = EDGE_CURVE ( 'NONE', #9840, #968, #1332, .T. ) ;
#1795 = DIRECTION ( 'NONE',  ( 0.000000000000000000, -1.000000000000000000, 0.000000000000000000 ) ) ;
#1796 = FACE_BOUND ( 'NONE', #7524, .T. ) ;
#1797 = DIRECTION ( 'NONE',  ( 1.000000000000000000, 1.175656832681595541E-18, -2.479139147737537908E-18 ) ) ;
#1798 = DIRECTION ( 'NONE',  ( -5.880418562633243017E-16, 0.000000000000000000, -1.000000000000000000 ) ) ;
#1799 = LINE ( 'NONE', #3965, #9359 ) ;
#1800 = AXIS2_PLACEMENT_3D ( 'NONE', #4081, #7121, #3322 ) ;
#1801 = EDGE_LOOP ( 'NONE', ( #9435, #3120 ) ) ;
#1802 = CARTESIAN_POINT ( 'NONE',  ( -30.70000000000001350, -30.20000000000001350, 6.514128508293558769E-14 ) ) ;
#1803 = ORIENTED_EDGE ( 'NONE', *, *, #3345, .T. ) ;
#1804 = ORIENTED_EDGE ( 'NONE', *, *, #4185, .T. ) ;
#1805 = DIRECTION ( 'NONE',  ( -1.000000000000000000, -1.175656832681595541E-18, 2.479139147737537908E-18 ) ) ;
#1806 = EDGE_CURVE ( 'NONE', #169, #8971, #8278, .T. ) ;
#1807 = EDGE_CURVE ( 'NONE', #3592, #6003, #2028, .T. ) ;
#1808 = CARTESIAN_POINT ( 'NONE',  ( -33.89999999999999858, -14.99999999999900169, -14.99999999999995204 ) ) ;
#1809 = VERTEX_POINT ( 'NONE', #2026 ) ;
#1810 = DIRECTION ( 'NONE',  ( -4.167503846190528046E-16, -1.000000000000000000, 0.000000000000000000 ) ) ;
#1811 = CONICAL_SURFACE ( 'NONE', #5332, 7.349999999973988452, 0.7853981633974481680 ) ;
#1812 = PLANE ( 'NONE',  #177 ) ;
#1813 = CARTESIAN_POINT ( 'NONE',  ( -32.39999999999998437, 31.91870648514022335, 3.948350868272410441 ) ) ;
#1814 = AXIS2_PLACEMENT_3D ( 'NONE', #7350, #3506, #352 ) ;
#1815 = CARTESIAN_POINT ( 'NONE',  ( -33.89999999999998437, -14.99999999999901235, 12.39999999999992575 ) ) ;
#1816 = ORIENTED_EDGE ( 'NONE', *, *, #1479, .F. ) ;
#1817 = CIRCLE ( 'NONE', #3250, 1.249999999999992450 ) ;
#1818 = ORIENTED_EDGE ( 'NONE', *, *, #3630, .F. ) ;
#1819 = DIRECTION ( 'NONE',  ( 0.000000000000000000, 0.000000000000000000, 1.000000000000000000 ) ) ;
#1820 = ADVANCED_FACE ( 'NONE', ( #5099 ), #5893, .T. ) ;
#1821 = DIRECTION ( 'NONE',  ( 0.000000000000000000, 0.000000000000000000, -1.000000000000000000 ) ) ;
#1822 = ORIENTED_EDGE ( 'NONE', *, *, #6615, .F. ) ;
#1823 = DIRECTION ( 'NONE',  ( -1.000000000000000000, 3.497945608321693961E-16, 3.163708412946408969E-16 ) ) ;
#1824 = VERTEX_POINT ( 'NONE', #3740 ) ;
#1825 = CARTESIAN_POINT ( 'NONE',  ( -29.49999999999997158, 31.29423380247609643, -2.517509442474100023 ) ) ;
#1826 = CARTESIAN_POINT ( 'NONE',  ( -21.60000000000001918, 1.222838980244196146E-14, -33.99999999999997868 ) ) ;
#1827 = DIRECTION ( 'NONE',  ( 0.000000000000000000, -9.436895709544790134E-14, 1.000000000000000000 ) ) ;
#1828 = ORIENTED_EDGE ( 'NONE', *, *, #5438, .F. ) ;
#1829 = DIRECTION ( 'NONE',  ( 0.000000000000000000, 0.000000000000000000, 1.000000000000000000 ) ) ;
#1830 = DIRECTION ( 'NONE',  ( 1.000000000000000000, -2.161476583036237957E-16, -5.473344771987708442E-16 ) ) ;
#1831 = FACE_BOUND ( 'NONE', #9035, .T. ) ;
#1832 = AXIS2_PLACEMENT_3D ( 'NONE', #905, #5659, #4064 ) ;
#1833 = DIRECTION ( 'NONE',  ( -0.000000000000000000, -1.000000000000000000, 0.000000000000000000 ) ) ;
#1834 = DIRECTION ( 'NONE',  ( 0.000000000000000000, -0.7071067811865501263, -0.7071067811865450192 ) ) ;
#1835 = EDGE_CURVE ( 'NONE', #3243, #9579, #7933, .T. ) ;
#1836 = ORIENTED_EDGE ( 'NONE', *, *, #2949, .T. ) ;
#1837 = CYLINDRICAL_SURFACE ( 'NONE', #3003, 1.249999999999994227 ) ;
#1838 = CARTESIAN_POINT ( 'NONE',  ( -32.39999999982501322, -31.70000000000001350, -1.249999999702209763 ) ) ;
#1839 = DIRECTION ( 'NONE',  ( -0.000000000000000000, 0.4549088130556971921, -0.8905380237835196500 ) ) ;
#1840 = DIRECTION ( 'NONE',  ( 0.000000000000000000, -1.000000000000000000, 0.000000000000000000 ) ) ;
#1841 = DIRECTION ( 'NONE',  ( 1.000000000000000000, -1.348081413631192369E-15, -3.190558386184555325E-16 ) ) ;
#1842 = EDGE_CURVE ( 'NONE', #968, #6856, #1875, .T. ) ;
#1843 = ORIENTED_EDGE ( 'NONE', *, *, #5054, .T. ) ;
#1844 = ADVANCED_FACE ( 'NONE', ( #6781 ), #7478, .T. ) ;
#1845 = CARTESIAN_POINT ( 'NONE',  ( -28.99999999999998934, 15.00000000000087752, 15.00000000000004796 ) ) ;
#1846 = EDGE_LOOP ( 'NONE', ( #8832, #6092, #3954, #8771 ) ) ;
#1847 = VERTEX_POINT ( 'NONE', #2972 ) ;
#1848 = DIRECTION ( 'NONE',  ( 9.251858538542971828E-16, 0.000000000000000000, 1.000000000000000000 ) ) ;
#1849 = LINE ( 'NONE', #8843, #4920 ) ;
#1850 = ORIENTED_EDGE ( 'NONE', *, *, #1684, .T. ) ;
#1851 = CARTESIAN_POINT ( 'NONE',  ( -22.40000000000001634, 1.231484886576341889E-14, -33.99999999999997868 ) ) ;
#1852 = FACE_OUTER_BOUND ( 'NONE', #6617, .T. ) ;
#1853 = CYLINDRICAL_SURFACE ( 'NONE', #4794, 29.50000000000000711 ) ;
#1854 = EDGE_CURVE ( 'NONE', #6713, #4307, #7458, .T. ) ;
#1855 = EDGE_CURVE ( 'NONE', #5686, #8391, #6982, .T. ) ;
#1856 = B_SPLINE_CURVE_WITH_KNOTS ( 'NONE', 3,
 ( #5003, #6399, #3551, #7240 ),
 .UNSPECIFIED., .F., .F.,
 ( 4, 4 ),
 ( 0.000000000000000000, 0.09280962470340138604 ),
 .UNSPECIFIED. ) ;
#1857 = CARTESIAN_POINT ( 'NONE',  ( -20.89999999999997371, -15.00000000000004263, 14.99999999999995737 ) ) ;
#1858 = ORIENTED_EDGE ( 'NONE', *, *, #4491, .T. ) ;
#1859 = EDGE_LOOP ( 'NONE', ( #5627, #7118, #2627, #6908 ) ) ;
#1860 = FACE_OUTER_BOUND ( 'NONE', #6909, .T. ) ;
#1861 = AXIS2_PLACEMENT_3D ( 'NONE', #5085, #7326, #5142 ) ;
#1862 = CARTESIAN_POINT ( 'NONE',  ( -29.29999999999997229, 16.89121196084584398, 13.28949793359988085 ) ) ;
#1863 = VERTEX_POINT ( 'NONE', #9730 ) ;
#1864 = CARTESIAN_POINT ( 'NONE',  ( -32.39999999999998437, 32.90690173235813631, 5.101550585556383410 ) ) ;
#1865 = CARTESIAN_POINT ( 'NONE',  ( -32.89999999999997726, 6.600000000001118750, -32.12911452250125421 ) ) ;
#1866 = ORIENTED_EDGE ( 'NONE', *, *, #6576, .T. ) ;
#1867 = CARTESIAN_POINT ( 'NONE',  ( -25.19999999999997087, 4.256000000000993211, 26.25731258145052394 ) ) ;
#1868 = VECTOR ( 'NONE', #7738, 1000.000000000000114 ) ;
#1869 = LINE ( 'NONE', #1826, #9532 ) ;
#1870 = EDGE_CURVE ( 'NONE', #4923, #7556, #2876, .T. ) ;
#1871 = DIRECTION ( 'NONE',  ( -1.349229370204183383E-15, -1.000000000000000000, 0.000000000000000000 ) ) ;
#1872 = EDGE_CURVE ( 'NONE', #7334, #9051, #8246, .T. ) ;
#1873 = VERTEX_POINT ( 'NONE', #5296 ) ;
#1874 = AXIS2_PLACEMENT_3D ( 'NONE', #6272, #3307, #1810 ) ;
#1875 = CIRCLE ( 'NONE', #278, 1.249999999999990674 ) ;
#1876 = ORIENTED_EDGE ( 'NONE', *, *, #6010, .F. ) ;
#1877 = AXIS2_PLACEMENT_3D ( 'NONE', #1413, #7510, #2261 ) ;
#1878 = CARTESIAN_POINT ( 'NONE',  ( -32.89999999999998437, -14.99999999999888978, -17.60000000000006537 ) ) ;
#1879 = AXIS2_PLACEMENT_3D ( 'NONE', #7158, #8798, #9604 ) ;
#1880 = FACE_OUTER_BOUND ( 'NONE', #4106, .T. ) ;
#1881 = CARTESIAN_POINT ( 'NONE',  ( -32.89999999999998437, 31.79094230992348358, 4.450000000000115641 ) ) ;
#1882 = CIRCLE ( 'NONE', #8736, 2.549999999999998490 ) ;
#1883 = LINE ( 'NONE', #1979, #7487 ) ;
#1884 = AXIS2_PLACEMENT_3D ( 'NONE', #7546, #4508, #7594 ) ;
#1885 = DIRECTION ( 'NONE',  ( 0.5773502691896149619, -0.5773502691896317263, -0.5773502691896306160 ) ) ;
#1886 = AXIS2_PLACEMENT_3D ( 'NONE', #7750, #7935, #5051 ) ;
#1887 = ORIENTED_EDGE ( 'NONE', *, *, #6165, .T. ) ;
#1888 = DIRECTION ( 'NONE',  ( -1.000000000000000000, 4.440892098500626162E-16, 2.121142188857532135E-16 ) ) ;
#1889 = CARTESIAN_POINT ( 'NONE',  ( -30.70000000000001350, -31.70000000000001350, 6.579543922768655202E-14 ) ) ;
#1890 = DIRECTION ( 'NONE',  ( -1.000000000000000000, 4.440892098500626162E-16, 2.121142188857532135E-16 ) ) ;
#1891 = CARTESIAN_POINT ( 'NONE',  ( -83.77726090546464377, -34.33129643109947438, 3.407651003243813648 ) ) ;
#1892 = CARTESIAN_POINT ( 'NONE',  ( -29.49999999999997868, 9.949855090665776680E-13, -1.097510067722265531E-14 ) ) ;
#1893 = DIRECTION ( 'NONE',  ( 5.473344771987708442E-16, 0.000000000000000000, 1.000000000000000000 ) ) ;
#1894 = DIRECTION ( 'NONE',  ( 0.000000000000000000, 0.000000000000000000, 1.000000000000000000 ) ) ;
#1895 = ORIENTED_EDGE ( 'NONE', *, *, #1010, .F. ) ;
#1896 = VECTOR ( 'NONE', #4005, 1000.000000000000000 ) ;
#1897 = ORIENTED_EDGE ( 'NONE', *, *, #3471, .F. ) ;
#1898 = DIRECTION ( 'NONE',  ( 1.000000000000000000, -1.348081413631192369E-15, -3.190558386184554832E-16 ) ) ;
#1899 = CIRCLE ( 'NONE', #1273, 18.00000000000000711 ) ;
#1900 = DIRECTION ( 'NONE',  ( 1.321694076934710205E-15, 1.000000000000000000, 0.000000000000000000 ) ) ;
#1901 = ORIENTED_EDGE ( 'NONE', *, *, #6445, .T. ) ;
#1902 = DIRECTION ( 'NONE',  ( 0.000000000000000000, 0.000000000000000000, 1.000000000000000000 ) ) ;
#1903 = ADVANCED_FACE ( 'NONE', ( #8977, #2128 ), #8328, .T. ) ;
#1904 = DIRECTION ( 'NONE',  ( 1.000000000000000000, -2.161476583036237957E-16, -5.473344771987708442E-16 ) ) ;
#1905 = EDGE_CURVE ( 'NONE', #2844, #390, #2821, .T. ) ;
#1906 = LINE ( 'NONE', #8898, #8289 ) ;
#1907 = CIRCLE ( 'NONE', #7496, 1.249999999999990674 ) ;
#1908 = AXIS2_PLACEMENT_3D ( 'NONE', #1004, #2543, #5563 ) ;
#1909 = DIRECTION ( 'NONE',  ( 0.000000000000000000, 0.000000000000000000, 1.000000000000000000 ) ) ;
#1910 = CARTESIAN_POINT ( 'NONE',  ( -29.30000000000001137, -19.23330444827312746, -19.23330444827405472 ) ) ;
#1911 = ORIENTED_EDGE ( 'NONE', *, *, #2289, .F. ) ;
#1912 = ORIENTED_EDGE ( 'NONE', *, *, #9796, .T. ) ;
#1913 = CARTESIAN_POINT ( 'NONE',  ( -32.39999999999999147, 31.04339568581389841, 1.285380919387389964 ) ) ;
#1914 = CARTESIAN_POINT ( 'NONE',  ( -25.19999999999996376, 32.95528202195200151, 4.779057109270951287 ) ) ;
#1915 = ORIENTED_EDGE ( 'NONE', *, *, #5032, .T. ) ;
#1916 = CARTESIAN_POINT ( 'NONE',  ( -1.685101767038990580E-14, -12.50000000000000000, -6.938893903907175130E-16 ) ) ;
#1917 = AXIS2_PLACEMENT_3D ( 'NONE', #6788, #8939, #591 ) ;
#1918 = EDGE_CURVE ( 'NONE', #6166, #5164, #6734, .T. ) ;
#1919 = CARTESIAN_POINT ( 'NONE',  ( -32.89999999999998437, -32.40747893654722844, 4.841377339526609092 ) ) ;
#1920 = ORIENTED_EDGE ( 'NONE', *, *, #4193, .F. ) ;
#1921 = EDGE_CURVE ( 'NONE', #2989, #2320, #8578, .T. ) ;
#1922 = EDGE_CURVE ( 'NONE', #3917, #8688, #6353, .T. ) ;
#1923 = DIRECTION ( 'NONE',  ( 1.000000000000000000, -4.440892098500626162E-16, -2.121142188857532135E-16 ) ) ;
#1924 = DIRECTION ( 'NONE',  ( -1.000000000000000000, 1.349229370204183383E-15, 3.166558725989409619E-16 ) ) ;
#1925 = ORIENTED_EDGE ( 'NONE', *, *, #469, .F. ) ;
#1926 = CIRCLE ( 'NONE', #5297, 1.249999999999990674 ) ;
#1927 = VERTEX_POINT ( 'NONE', #128 ) ;
#1928 = CYLINDRICAL_SURFACE ( 'NONE', #8186, 1.000000000000000888 ) ;
#1929 = VERTEX_POINT ( 'NONE', #1633 ) ;
#1930 = ORIENTED_EDGE ( 'NONE', *, *, #9618, .T. ) ;
#1931 = ADVANCED_FACE ( 'NONE', ( #6882, #2277 ), #32, .F. ) ;
#1932 = CIRCLE ( 'NONE', #5940, 0.7999999999999917177 ) ;
#1933 = DIRECTION ( 'NONE',  ( 0.000000000000000000, 0.000000000000000000, 1.000000000000000000 ) ) ;
#1934 = CARTESIAN_POINT ( 'NONE',  ( -42.91599376778210484, 33.30000000000099192, -4.051303797432727409E-15 ) ) ;
#1935 = CARTESIAN_POINT ( 'NONE',  ( -32.39999999999998437, -31.79094230992149406, 4.449999999999869615 ) ) ;
#1936 = AXIS2_PLACEMENT_3D ( 'NONE', #6104, #9030, #2982 ) ;
#1937 = VERTEX_POINT ( 'NONE', #8420 ) ;
#1938 = EDGE_CURVE ( 'NONE', #742, #7568, #5447, .T. ) ;
#1939 = CARTESIAN_POINT ( 'NONE',  ( -25.19999999999998863, -15.19999999999902762, -1.188719181843139689E-14 ) ) ;
#1940 = DIRECTION ( 'NONE',  ( 0.000000000000000000, -1.000000000000000000, 0.000000000000000000 ) ) ;
#1941 = CYLINDRICAL_SURFACE ( 'NONE', #1461, 1.249999999999994227 ) ;
#1942 = CARTESIAN_POINT ( 'NONE',  ( -33.47972285298281747, 34.25841579677287996, -3.334770368915255023 ) ) ;
#1943 = FACE_OUTER_BOUND ( 'NONE', #4673, .T. ) ;
#1944 = DIRECTION ( 'NONE',  ( 1.000000000000000000, -2.161476583036237957E-16, -5.473344771987708442E-16 ) ) ;
#1945 = CARTESIAN_POINT ( 'NONE',  ( -30.89999999999997726, 29.11588541666668206, 4.745020168928407500 ) ) ;
#1946 = ORIENTED_EDGE ( 'NONE', *, *, #2701, .F. ) ;
#1947 = ORIENTED_EDGE ( 'NONE', *, *, #1060, .T. ) ;
#1948 = DIRECTION ( 'NONE',  ( 0.000000000000000000, 0.000000000000000000, 1.000000000000000000 ) ) ;
#1949 = CYLINDRICAL_SURFACE ( 'NONE', #9856, 31.50000000000000000 ) ;
#1950 = ORIENTED_EDGE ( 'NONE', *, *, #395, .F. ) ;
#1951 = CARTESIAN_POINT ( 'NONE',  ( -32.40000000000000568, -33.14147468682207887, 0.07405444337480523997 ) ) ;
#1952 = CARTESIAN_POINT ( 'NONE',  ( -33.63881709647570517, -34.11246252433121384, 3.188817096475566437 ) ) ;
#1953 = DIRECTION ( 'NONE',  ( 1.000000000000000000, -4.440892098500626162E-16, -2.121142188857532135E-16 ) ) ;
#1954 = AXIS2_PLACEMENT_3D ( 'NONE', #224, #3985, #8561 ) ;
#1955 = FACE_BOUND ( 'NONE', #5431, .T. ) ;
#1956 = DIRECTION ( 'NONE',  ( 0.000000000000000000, -1.000000000000000000, 0.000000000000000000 ) ) ;
#1957 = ORIENTED_EDGE ( 'NONE', *, *, #1572, .T. ) ;
#1958 = EDGE_CURVE ( 'NONE', #799, #1104, #2189, .T. ) ;
#1959 = VERTEX_POINT ( 'NONE', #4690 ) ;
#1960 = CARTESIAN_POINT ( 'NONE',  ( -28.99999999999998934, -14.99999999999888978, -15.00000000000006928 ) ) ;
#1961 = VECTOR ( 'NONE', #9709, 1000.000000000000000 ) ;
#1962 = DIRECTION ( 'NONE',  ( 1.000000000000000000, -2.161476583036238204E-16, -0.000000000000000000 ) ) ;
#1963 = EDGE_LOOP ( 'NONE', ( #7260, #7570, #5616, #9153, #9566 ) ) ;
#1964 = CARTESIAN_POINT ( 'NONE',  ( -32.39999999999996305, -32.41280410874716722, -5.024950726914417132 ) ) ;
#1965 = CARTESIAN_POINT ( 'NONE',  ( -19.89732793106028552, -31.89289554064999521, -3.948684026197222252 ) ) ;
#1966 = VERTEX_POINT ( 'NONE', #3078 ) ;
#1967 = CYLINDRICAL_SURFACE ( 'NONE', #782, 2.599999999999998312 ) ;
#1968 = CARTESIAN_POINT ( 'NONE',  ( -32.39999999999998437, -31.79094230992150116, 3.949999999999868727 ) ) ;
#1969 = ORIENTED_EDGE ( 'NONE', *, *, #9557, .F. ) ;
#1970 = ADVANCED_FACE ( 'NONE', ( #6140 ), #2378, .T. ) ;
#1971 = EDGE_CURVE ( 'NONE', #280, #8512, #5566, .T. ) ;
#1972 = ORIENTED_EDGE ( 'NONE', *, *, #3752, .T. ) ;
#1973 = ORIENTED_EDGE ( 'NONE', *, *, #3871, .F. ) ;
#1974 = CARTESIAN_POINT ( 'NONE',  ( -33.63881712674210434, -34.11246249110354967, -3.188817126742251595 ) ) ;
#1975 = ORIENTED_EDGE ( 'NONE', *, *, #7114, .T. ) ;
#1976 = EDGE_LOOP ( 'NONE', ( #3488, #4176 ) ) ;
#1977 = FACE_OUTER_BOUND ( 'NONE', #3515, .T. ) ;
#1978 = DIRECTION ( 'NONE',  ( 0.000000000000000000, 1.000000000000000000, 0.000000000000000000 ) ) ;
#1979 = CARTESIAN_POINT ( 'NONE',  ( -20.89999999999998792, 19.23499999999993904, -17.98500000000006338 ) ) ;
#1980 = EDGE_CURVE ( 'NONE', #8120, #4810, #924, .T. ) ;
#1981 = LINE ( 'NONE', #4998, #3602 ) ;
#1982 = EDGE_CURVE ( 'NONE', #9211, #7645, #3090, .T. ) ;
#1983 = ORIENTED_EDGE ( 'NONE', *, *, #2585, .T. ) ;
#1984 = FACE_OUTER_BOUND ( 'NONE', #5284, .T. ) ;
#1985 = PLANE ( 'NONE',  #5257 ) ;
#1986 = DIRECTION ( 'NONE',  ( 0.000000000000000000, -1.000000000000000000, 0.000000000000000000 ) ) ;
#1987 = AXIS2_PLACEMENT_3D ( 'NONE', #9290, #1691, #947 ) ;
#1988 = FACE_OUTER_BOUND ( 'NONE', #619, .T. ) ;
#1989 = CARTESIAN_POINT ( 'NONE',  ( -41.47991357707551430, -1.199999999998877076, -33.27837135437974325 ) ) ;
#1990 = CARTESIAN_POINT ( 'NONE',  ( -33.32500000000000995, -34.45000000000001705, 6.607383913998219323E-14 ) ) ;
#1991 = EDGE_CURVE ( 'NONE', #5164, #7819, #3232, .T. ) ;
#1992 = EDGE_CURVE ( 'NONE', #2696, #1359, #9325, .T. ) ;
#1993 = CYLINDRICAL_SURFACE ( 'NONE', #6835, 32.49999999999999289 ) ;
#1994 = ORIENTED_EDGE ( 'NONE', *, *, #6501, .F. ) ;
#1995 = TOROIDAL_SURFACE ( 'NONE', #5046, 32.79999999999988347, 0.4999999999999908962 ) ;
#1996 = EDGE_LOOP ( 'NONE', ( #5575, #5130 ) ) ;
#1997 = PLANE ( 'NONE',  #7394 ) ;
#1998 = DIRECTION ( 'NONE',  ( 1.946080206724329858E-15, -1.000000000000000000, -1.946080206724276216E-15 ) ) ;
#1999 = VERTEX_POINT ( 'NONE', #9881 ) ;
#2000 = CARTESIAN_POINT ( 'NONE',  ( -22.80000000000000782, -31.70000000000002061, 1.499999999986104893 ) ) ;
#2001 = DIRECTION ( 'NONE',  ( -1.000000000000000000, -1.175656832681595541E-18, 2.479139147737537908E-18 ) ) ;
#2002 = DIRECTION ( 'NONE',  ( -1.000000000000000000, -1.175656832681595541E-18, 2.479139147737537908E-18 ) ) ;
#2003 = DIRECTION ( 'NONE',  ( 1.000000000000000000, 1.179389324206871456E-17, -8.825547355056098943E-16 ) ) ;
#2004 = CARTESIAN_POINT ( 'NONE',  ( -23.49999999999997868, 15.00000000000088463, -15.00000000000006928 ) ) ;
#2005 = ORIENTED_EDGE ( 'NONE', *, *, #3702, .T. ) ;
#2006 = ORIENTED_EDGE ( 'NONE', *, *, #6150, .F. ) ;
#2007 = CARTESIAN_POINT ( 'NONE',  ( -32.39999999999192681, 31.69999999999998508, -1.464757135027916490E-13 ) ) ;
#2008 = DIRECTION ( 'NONE',  ( 1.340468140527532791E-15, 1.000000000000000000, 0.000000000000000000 ) ) ;
#2009 = ORIENTED_EDGE ( 'NONE', *, *, #2267, .T. ) ;
#2010 = DIRECTION ( 'NONE',  ( -4.720335989052536868E-16, -1.000000000000000000, 0.000000000000000000 ) ) ;
#2011 = DIRECTION ( 'NONE',  ( 1.000000000000000000, -4.440892098500626162E-16, -2.121142188857532135E-16 ) ) ;
#2012 = VERTEX_POINT ( 'NONE', #8473 ) ;
#2013 = CYLINDRICAL_SURFACE ( 'NONE', #1861, 1.599999999999997202 ) ;
#2014 = LINE ( 'NONE', #4336, #2230 ) ;
#2015 = ORIENTED_EDGE ( 'NONE', *, *, #6072, .F. ) ;
#2016 =( GEOMETRIC_REPRESENTATION_CONTEXT ( 3 ) GLOBAL_UNCERTAINTY_ASSIGNED_CONTEXT ( ( #5154 ) ) GLOBAL_UNIT_ASSIGNED_CONTEXT ( ( #8967, #3729, #1419 ) ) REPRESENTATION_CONTEXT ( 'NONE', 'WORKASPACE' ) );
#2017 = ORIENTED_EDGE ( 'NONE', *, *, #3699, .F. ) ;
#2018 = VERTEX_POINT ( 'NONE', #3032 ) ;
#2019 = CARTESIAN_POINT ( 'NONE',  ( -21.60000000000001208, 1.009575190030354625E-14, -32.99999999999998579 ) ) ;
#2020 = ORIENTED_EDGE ( 'NONE', *, *, #1185, .T. ) ;
#2021 = ORIENTED_EDGE ( 'NONE', *, *, #7414, .F. ) ;
#2022 = AXIS2_PLACEMENT_3D ( 'NONE', #6889, #2613, #4697 ) ;
#2023 = AXIS2_PLACEMENT_3D ( 'NONE', #693, #7540, #7641 ) ;
#2024 = EDGE_CURVE ( 'NONE', #8056, #3530, #6990, .T. ) ;
#2025 = ADVANCED_FACE ( 'NONE', ( #3843, #3329 ), #5636, .T. ) ;
#2026 = CARTESIAN_POINT ( 'NONE',  ( -29.29999999999996518, -7.499999999999992006, 28.53068523537423573 ) ) ;
#2027 = CIRCLE ( 'NONE', #6193, 2.599999999999998312 ) ;
#2028 = CIRCLE ( 'NONE', #3957, 9.500000000000000000 ) ;
#2029 = CARTESIAN_POINT ( 'NONE',  ( -32.39999999999326263, -32.48487037263636523, -1.211326476013321329 ) ) ;
#2030 = CARTESIAN_POINT ( 'NONE',  ( -33.63881709647569096, 34.11246252433318915, 3.188817096475842661 ) ) ;
#2031 = AXIS2_PLACEMENT_3D ( 'NONE', #4162, #3361, #6456 ) ;
#2032 = ORIENTED_EDGE ( 'NONE', *, *, #5347, .F. ) ;
#2033 = VECTOR ( 'NONE', #5123, 1000.000000000000000 ) ;
#2034 = AXIS2_PLACEMENT_3D ( 'NONE', #2431, #9129, #5498 ) ;
#2035 = CARTESIAN_POINT ( 'NONE',  ( -33.39999999999998437, 9.947582915715884728E-13, -1.107024957441548922E-14 ) ) ;
#2036 =( LENGTH_UNIT ( ) NAMED_UNIT ( * ) SI_UNIT ( .MILLI., .METRE. ) );
#2037 = EDGE_CURVE ( 'NONE', #3243, #7921, #1869, .T. ) ;
#2038 = FACE_OUTER_BOUND ( 'NONE', #3068, .T. ) ;
#2039 = EDGE_CURVE ( 'NONE', #4534, #6169, #8714, .T. ) ;
#2040 = CIRCLE ( 'NONE', #1245, 2.600000000000001421 ) ;
#2041 = DIRECTION ( 'NONE',  ( 0.000000000000000000, 0.6707851240783689883, 0.7416517493508441028 ) ) ;
#2042 = DIRECTION ( 'NONE',  ( -1.000000000000000000, -1.175656832681585527E-18, -4.717112820666135595E-33 ) ) ;
#2043 = AXIS2_PLACEMENT_3D ( 'NONE', #3077, #4352, #2833 ) ;
#2044 = PLANE ( 'NONE',  #3899 ) ;
#2045 = MANIFOLD_SOLID_BREP ( 'M3¡Á8 SHB-1-solid1', #6947 ) ;
#2046 = DIRECTION ( 'NONE',  ( 0.000000000000000000, 0.000000000000000000, 1.000000000000000000 ) ) ;
#2047 = VERTEX_POINT ( 'NONE', #4984 ) ;
#2048 = ORIENTED_EDGE ( 'NONE', *, *, #102, .T. ) ;
#2049 = DIRECTION ( 'NONE',  ( -1.000000000000000000, -1.175656832681595541E-18, 2.479139147737537908E-18 ) ) ;
#2050 = ORIENTED_EDGE ( 'NONE', *, *, #6502, .F. ) ;
#2051 = CARTESIAN_POINT ( 'NONE',  ( -30.90000000000000213, 9.188524590163948957, -28.03249927951398490 ) ) ;
#2052 = VECTOR ( 'NONE', #183, 1000.000000000000000 ) ;
#2053 = DIRECTION ( 'NONE',  ( -1.000000000000000000, 1.387455962210850830E-16, -1.254881176481421247E-16 ) ) ;
#2054 = EDGE_CURVE ( 'NONE', #8150, #4264, #9465, .T. ) ;
#2055 = DIRECTION ( 'NONE',  ( 0.000000000000000000, 1.000000000000000000, 0.000000000000000000 ) ) ;
#2056 = AXIS2_PLACEMENT_3D ( 'NONE', #3466, #3418, #4173 ) ;
#2057 = DIRECTION ( 'NONE',  ( 1.000000000000000000, 1.175656832681595541E-18, -2.479139147737537908E-18 ) ) ;
#2058 = CARTESIAN_POINT ( 'NONE',  ( -30.89999999999999147, 15.00000000000016875, -14.99999999999982592 ) ) ;
#2059 = ORIENTED_EDGE ( 'NONE', *, *, #1208, .T. ) ;
#2060 = TOROIDAL_SURFACE ( 'NONE', #9250, 4.450000000000003730, 0.5000000000000004441 ) ;
#2061 = EDGE_LOOP ( 'NONE', ( #2312, #5276 ) ) ;
#2062 = DIRECTION ( 'NONE',  ( 0.000000000000000000, 0.000000000000000000, 1.000000000000000000 ) ) ;
#2063 = CARTESIAN_POINT ( 'NONE',  ( -29.29999999999998650, 8.500000000000012434, -28.98275349237886545 ) ) ;
#2064 = VERTEX_POINT ( 'NONE', #8623 ) ;
#2065 = CARTESIAN_POINT ( 'NONE',  ( -30.70000000000001350, -31.70000000000001350, 6.579543922768655202E-14 ) ) ;
#2066 = VECTOR ( 'NONE', #8781, 1000.000000000000000 ) ;
#2067 = DIRECTION ( 'NONE',  ( -1.000000000000000000, -1.175656832681595541E-18, 2.479139147737537908E-18 ) ) ;
#2068 = ORIENTED_EDGE ( 'NONE', *, *, #2811, .F. ) ;
#2069 = FACE_OUTER_BOUND ( 'NONE', #3809, .T. ) ;
#2070 = VECTOR ( 'NONE', #6228, 1000.000000000000000 ) ;
#2071 = CARTESIAN_POINT ( 'NONE',  ( -32.39999999999631797, -30.25852531317756444, -0.07405444337407754429 ) ) ;
#2072 = ORIENTED_EDGE ( 'NONE', *, *, #283, .F. ) ;
#2073 = VECTOR ( 'NONE', #6241, 1000.000000000000000 ) ;
#2074 = EDGE_LOOP ( 'NONE', ( #3865, #4421 ) ) ;
#2075 = ORIENTED_EDGE ( 'NONE', *, *, #1047, .F. ) ;
#2076 = VECTOR ( 'NONE', #692, 1000.000000000000000 ) ;
#2077 = DIRECTION ( 'NONE',  ( 0.000000000000000000, 0.000000000000000000, -1.000000000000000000 ) ) ;
#2078 = ORIENTED_EDGE ( 'NONE', *, *, #9208, .F. ) ;
#2079 = EDGE_LOOP ( 'NONE', ( #1330, #5148, #482, #5029, #8648, #8712 ) ) ;
#2080 = AXIS2_PLACEMENT_3D ( 'NONE', #9411, #71, #1719 ) ;
#2081 = CARTESIAN_POINT ( 'NONE',  ( -3.500000000000003109, 4.718284947709202875E-15, 1.116695435164598604E-15 ) ) ;
#2082 = DIRECTION ( 'NONE',  ( 0.000000000000000000, -6.938893903907228378E-15, 1.000000000000000000 ) ) ;
#2083 = FACE_OUTER_BOUND ( 'NONE', #8858, .T. ) ;
#2084 = EDGE_CURVE ( 'NONE', #1524, #7153, #5731, .T. ) ;
#2085 = VECTOR ( 'NONE', #7358, 1000.000000000000114 ) ;
#2086 = DIRECTION ( 'NONE',  ( -1.000000000000000000, -1.175656832681595541E-18, 2.479139147737537908E-18 ) ) ;
#2087 = CARTESIAN_POINT ( 'NONE',  ( -29.30000000000001137, -20.03330444827311752, -19.23330444827405472 ) ) ;
#2088 = DIRECTION ( 'NONE',  ( 0.000000000000000000, -0.9999167070499448418, -0.01290654726852850410 ) ) ;
#2089 = CARTESIAN_POINT ( 'NONE',  ( -32.39999999999999858, 8.604228440844963188E-13, -1.214306433183764966E-14 ) ) ;
#2090 = AXIS2_PLACEMENT_3D ( 'NONE', #2542, #7889, #6259 ) ;
#2091 = CARTESIAN_POINT ( 'NONE',  ( -29.49999999999998934, 31.70000000000099050, 1.600000000000111333 ) ) ;
#2092 = CARTESIAN_POINT ( 'NONE',  ( -32.89999999999998437, -1.199999999998879074, -32.77804143020144778 ) ) ;
#2093 = EDGE_LOOP ( 'NONE', ( #536, #3465, #5938, #3579 ) ) ;
#2094 = ADVANCED_FACE ( 'NONE', ( #4134 ), #7176, .F. ) ;
#2095 = EDGE_CURVE ( 'NONE', #4209, #9320, #3320, .T. ) ;
#2096 = ORIENTED_EDGE ( 'NONE', *, *, #4916, .F. ) ;
#2097 = DIRECTION ( 'NONE',  ( 0.000000000000000000, -1.000000000000000000, 0.000000000000000000 ) ) ;
#2098 = VERTEX_POINT ( 'NONE', #7268 ) ;
#2099 = CARTESIAN_POINT ( 'NONE',  ( -33.54466991411008081, 30.44900076409683365, 2.448979565404542313 ) ) ;
#2100 = AXIS2_PLACEMENT_3D ( 'NONE', #3228, #6283, #4837 ) ;
#2101 = CARTESIAN_POINT ( 'NONE',  ( -30.69999999999998508, -31.79094230992149406, -1.347750151764807077E-13 ) ) ;
#2102 = CARTESIAN_POINT ( 'NONE',  ( -32.89997779355446283, 31.82927440852957446, 4.454712319216687533 ) ) ;
#2103 = CARTESIAN_POINT ( 'NONE',  ( -32.69508667774753263, -31.85891773588725329, -3.949561317706403951 ) ) ;
#2104 = DIRECTION ( 'NONE',  ( -1.000000000000000000, 2.161476583036237957E-16, 5.473344771987708442E-16 ) ) ;
#2105 = ORIENTED_EDGE ( 'NONE', *, *, #1047, .T. ) ;
#2106 = EDGE_CURVE ( 'NONE', #4694, #7543, #8259, .T. ) ;
#2107 = ADVANCED_FACE ( 'NONE', ( #4087 ), #7221, .T. ) ;
#2108 = VERTEX_POINT ( 'NONE', #274 ) ;
#2109 = CYLINDRICAL_SURFACE ( 'NONE', #2444, 34.50000000000000000 ) ;
#2110 = MANIFOLD_SOLID_BREP ( 'XM_70RMD_PCB-1-solid1', #8689 ) ;
#2111 = ORIENTED_EDGE ( 'NONE', *, *, #8329, .F. ) ;
#2112 = FACE_OUTER_BOUND ( 'NONE', #2443, .T. ) ;
#2113 = CIRCLE ( 'NONE', #8177, 2.550000000000000266 ) ;
#2114 = DIRECTION ( 'NONE',  ( 1.321694076934710205E-15, 1.000000000000000000, 0.000000000000000000 ) ) ;
#2115 = ORIENTED_EDGE ( 'NONE', *, *, #3453, .F. ) ;
#2116 = DIRECTION ( 'NONE',  ( 0.000000000000000000, 1.000000000000000000, 0.000000000000000000 ) ) ;
#2117 = DIRECTION ( 'NONE',  ( 0.000000000000000000, 5.551115123261918795E-15, 1.000000000000000000 ) ) ;
#2118 = VERTEX_POINT ( 'NONE', #9064 ) ;
#2119 = AXIS2_PLACEMENT_3D ( 'NONE', #563, #3060, #6122 ) ;
#2120 = ADVANCED_FACE ( 'NONE', ( #8861 ), #9573, .F. ) ;
#2121 = ORIENTED_EDGE ( 'NONE', *, *, #7417, .F. ) ;
#2122 = CARTESIAN_POINT ( 'NONE',  ( -3.999999999999990674, 9.500000000000005329, 1.276223354473827061E-15 ) ) ;
#2123 = ORIENTED_EDGE ( 'NONE', *, *, #8679, .T. ) ;
#2124 = DIRECTION ( 'NONE',  ( 1.000000000000000000, -1.348081413631192369E-15, -3.190558386184555325E-16 ) ) ;
#2125 = ORIENTED_EDGE ( 'NONE', *, *, #3321, .T. ) ;
#2126 = VERTEX_POINT ( 'NONE', #4477 ) ;
#2127 = CIRCLE ( 'NONE', #4538, 1.000000000000000000 ) ;
#2128 = FACE_OUTER_BOUND ( 'NONE', #8463, .T. ) ;
#2129 = CARTESIAN_POINT ( 'NONE',  ( -29.29999999999997939, 20.90202088431444238, -17.72403791909765403 ) ) ;
#2130 = LINE ( 'NONE', #685, #5037 ) ;
#2131 = VECTOR ( 'NONE', #5382, 1000.000000000000000 ) ;
#2132 = DIRECTION ( 'NONE',  ( 1.000000000000000000, -1.348081413631192369E-15, -3.190558386184555325E-16 ) ) ;
#2133 = DIRECTION ( 'NONE',  ( 1.000000000000000000, -2.161476583036237957E-16, -5.473344771987708442E-16 ) ) ;
#2134 = EDGE_CURVE ( 'NONE', #1359, #3174, #8878, .T. ) ;
#2135 = DIRECTION ( 'NONE',  ( -1.000000000000000000, 4.440892098500626162E-16, 2.121142188857532135E-16 ) ) ;
#2136 = CARTESIAN_POINT ( 'NONE',  ( -32.39999999999998437, 9.783840404509192012E-13, -1.344410693882025498E-14 ) ) ;
#2137 = CARTESIAN_POINT ( 'NONE',  ( -32.89999997459358383, -30.55679389579456995, -11.92231184892281881 ) ) ;
#2138 = VERTEX_POINT ( 'NONE', #673 ) ;
#2139 = ORIENTED_EDGE ( 'NONE', *, *, #7978, .F. ) ;
#2140 = AXIS2_PLACEMENT_3D ( 'NONE', #4241, #8031, #7280 ) ;
#2141 = CARTESIAN_POINT ( 'NONE',  ( -3.000000000000002665, 4.044244240893609452E-15, 9.571675158553733030E-16 ) ) ;
#2142 = VERTEX_POINT ( 'NONE', #480 ) ;
#2143 = CARTESIAN_POINT ( 'NONE',  ( 1.714877778273281471E-15, -1.650000000000039435, 12.50000000000000000 ) ) ;
#2144 = CARTESIAN_POINT ( 'NONE',  ( -30.69999999999998508, 31.79094230992348002, 1.126211286762519477E-13 ) ) ;
#2145 = CARTESIAN_POINT ( 'NONE',  ( -33.32500000000000995, -30.44900076409685141, -2.448979565404612480 ) ) ;
#2146 = ADVANCED_FACE ( 'NONE', ( #9623 ), #3583, .F. ) ;
#2147 = EDGE_CURVE ( 'NONE', #3393, #8344, #3296, .T. ) ;
#2148 = ORIENTED_EDGE ( 'NONE', *, *, #9606, .T. ) ;
#2149 = AXIS2_PLACEMENT_3D ( 'NONE', #1021, #2605, #81 ) ;
#2150 = DIRECTION ( 'NONE',  ( -1.000000000000000000, 4.440892098500626162E-16, 2.121142188857532135E-16 ) ) ;
#2151 = ORIENTED_EDGE ( 'NONE', *, *, #1529, .T. ) ;
#2152 = ORIENTED_EDGE ( 'NONE', *, *, #7492, .F. ) ;
#2153 = CYLINDRICAL_SURFACE ( 'NONE', #3401, 1.500000000000001332 ) ;
#2154 = CYLINDRICAL_SURFACE ( 'NONE', #47, 1.649999999999995248 ) ;
#2155 = ORIENTED_EDGE ( 'NONE', *, *, #24, .F. ) ;
#2156 = DIRECTION ( 'NONE',  ( 0.000000000000000000, 0.000000000000000000, -1.000000000000000000 ) ) ;
#2157 = DIRECTION ( 'NONE',  ( 1.000000000000000000, -4.440892098500626162E-16, -2.121142188857532135E-16 ) ) ;
#2158 = ORIENTED_EDGE ( 'NONE', *, *, #5651, .T. ) ;
#2159 = CARTESIAN_POINT ( 'NONE',  ( -33.39999999999998437, 9.947582915715884728E-13, -1.107024957441549080E-14 ) ) ;
#2160 = ADVANCED_FACE ( 'NONE', ( #6027 ), #2013, .F. ) ;
#2161 = EDGE_CURVE ( 'NONE', #1179, #9327, #2915, .T. ) ;
#2162 = DIRECTION ( 'NONE',  ( 0.000000000000000000, 1.000000000000000000, 0.000000000000000000 ) ) ;
#2163 = ORIENTED_EDGE ( 'NONE', *, *, #3468, .T. ) ;
#2164 = ORIENTED_EDGE ( 'NONE', *, *, #385, .T. ) ;
#2165 = CARTESIAN_POINT ( 'NONE',  ( -32.39999999999998437, 31.90580101289609871, 4.448517447234793920 ) ) ;
#2166 = ORIENTED_EDGE ( 'NONE', *, *, #4205, .F. ) ;
#2167 = DIRECTION ( 'NONE',  ( -0.000000000000000000, -0.9986829581603670070, 0.05130642338010681786 ) ) ;
#2168 = ORIENTED_EDGE ( 'NONE', *, *, #3041, .T. ) ;
#2169 = CARTESIAN_POINT ( 'NONE',  ( -32.89999982567670855, -10.48472285183105868, 31.07968659276841450 ) ) ;
#2170 = ORIENTED_EDGE ( 'NONE', *, *, #1742, .T. ) ;
#2171 = ADVANCED_FACE ( 'NONE', ( #9817 ), #1219, .T. ) ;
#2172 = EDGE_CURVE ( 'NONE', #4685, #1370, #4425, .T. ) ;
#2173 = DIRECTION ( 'NONE',  ( -1.000000000000000000, 1.348081413631192369E-15, 3.190558386184555325E-16 ) ) ;
#2174 = FACE_OUTER_BOUND ( 'NONE', #7400, .T. ) ;
#2175 = LINE ( 'NONE', #2233, #7580 ) ;
#2176 = AXIS2_PLACEMENT_3D ( 'NONE', #3745, #2930, #7486 ) ;
#2177 = CARTESIAN_POINT ( 'NONE',  ( -19.89732793106028552, -31.79094230992149406, 3.949999999999868727 ) ) ;
#2178 = CIRCLE ( 'NONE', #6334, 1.249999999999997558 ) ;
#2179 = CARTESIAN_POINT ( 'NONE',  ( -32.90278339302003019, -31.91190574525778345, 4.158012201019876564 ) ) ;
#2180 = DIRECTION ( 'NONE',  ( 0.000000000000000000, -1.000000000000000000, 0.000000000000000000 ) ) ;
#2181 = VECTOR ( 'NONE', #4436, 1000.000000000000000 ) ;
#2182 = CYLINDRICAL_SURFACE ( 'NONE', #3035, 2.550000000000000266 ) ;
#2183 = DIRECTION ( 'NONE',  ( -1.000000000000000000, 4.440892098500626162E-16, 2.121142188857532135E-16 ) ) ;
#2184 = VECTOR ( 'NONE', #1998, 1000.000000000000000 ) ;
#2185 = LINE ( 'NONE', #6896, #6968 ) ;
#2186 = CARTESIAN_POINT ( 'NONE',  ( -32.89999995373975139, -30.16988408588257897, -12.86981846626858683 ) ) ;
#2187 = EDGE_LOOP ( 'NONE', ( #7957, #5077, #428, #4035 ) ) ;
#2188 = AXIS2_PLACEMENT_3D ( 'NONE', #9764, #3724, #7663 ) ;
#2189 = CIRCLE ( 'NONE', #3968, 2.600000000000000089 ) ;
#2190 = ORIENTED_EDGE ( 'NONE', *, *, #5856, .F. ) ;
#2191 = CIRCLE ( 'NONE', #1397, 18.80000000000000071 ) ;
#2192 = DIRECTION ( 'NONE',  ( 1.000000000000000000, -4.440892098500626162E-16, -2.121142188857532135E-16 ) ) ;
#2193 = CIRCLE ( 'NONE', #7471, 34.50000000000000000 ) ;
#2194 = EDGE_LOOP ( 'NONE', ( #4148, #4179 ) ) ;
#2195 = CARTESIAN_POINT ( 'NONE',  ( -33.54466991411008792, 32.95099923590314717, -2.448979565404827419 ) ) ;
#2196 = LINE ( 'NONE', #3661, #6102 ) ;
#2197 = CARTESIAN_POINT ( 'NONE',  ( -33.54466991411010213, -37.84895836671253022, -0.05301890640157635309 ) ) ;
#2198 = CONICAL_SURFACE ( 'NONE', #4777, 1.249999999702275932, 1.047197550826601820 ) ;
#2199 = VERTEX_POINT ( 'NONE', #1274 ) ;
#2200 = VECTOR ( 'NONE', #8681, 1000.000000000000000 ) ;
#2201 = CARTESIAN_POINT ( 'NONE',  ( -32.39999999999998437, -1.199999999998877298, -33.27837135437975036 ) ) ;
#2202 = ORIENTED_EDGE ( 'NONE', *, *, #8041, .T. ) ;
#2203 = ORIENTED_EDGE ( 'NONE', *, *, #538, .T. ) ;
#2204 = FACE_OUTER_BOUND ( 'NONE', #1173, .T. ) ;
#2205 = AXIS2_PLACEMENT_3D ( 'NONE', #7888, #7390, #3784 ) ;
#2206 = ADVANCED_FACE ( 'NONE', ( #4335 ), #7376, .T. ) ;
#2207 = CARTESIAN_POINT ( 'NONE',  ( -33.69999999999999574, 34.84964718196445688, 4.275844668500254464 ) ) ;
#2208 = VERTEX_POINT ( 'NONE', #6670 ) ;
#2209 = DIRECTION ( 'NONE',  ( -1.000000000000000000, 4.440892098500626162E-16, 2.121142188857532135E-16 ) ) ;
#2210 = FACE_OUTER_BOUND ( 'NONE', #5073, .T. ) ;
#2211 = ORIENTED_EDGE ( 'NONE', *, *, #3653, .T. ) ;
#2212 = CARTESIAN_POINT ( 'NONE',  ( -30.69999999999998508, 31.79094230992346581, 2.950000000000112532 ) ) ;
#2213 = AXIS2_PLACEMENT_3D ( 'NONE', #1031, #9278, #1778 ) ;
#2214 = ORIENTED_EDGE ( 'NONE', *, *, #7285, .F. ) ;
#2215 = VECTOR ( 'NONE', #4262, 1000.000000000000000 ) ;
#2216 = VERTEX_POINT ( 'NONE', #2865 ) ;
#2217 = FACE_OUTER_BOUND ( 'NONE', #6078, .T. ) ;
#2219 = ORIENTED_EDGE ( 'NONE', *, *, #2874, .F. ) ;
#2218 = AXIS2_PLACEMENT_3D ( 'NONE', #7189, #9637, #7279 ) ;
#2220 = EDGE_CURVE ( 'NONE', #6243, #9628, #5932, .T. ) ;
#2221 = EDGE_CURVE ( 'NONE', #4330, #1450, #5864, .T. ) ;
#2222 = EDGE_CURVE ( 'NONE', #6231, #928, #2813, .T. ) ;
#2223 = DIRECTION ( 'NONE',  ( 0.000000000000000000, 1.000000000000000000, 0.000000000000000000 ) ) ;
#2224 = EDGE_LOOP ( 'NONE', ( #5356, #5934, #1250, #2720 ) ) ;
#2225 = CARTESIAN_POINT ( 'NONE',  ( -32.89999976294247119, -10.24871708342465304, 31.15823709136879316 ) ) ;
#2226 = AXIS2_PLACEMENT_3D ( 'NONE', #4409, #9848, #8349 ) ;
#2227 = ORIENTED_EDGE ( 'NONE', *, *, #4205, .T. ) ;
#2228 = DIRECTION ( 'NONE',  ( 0.000000000000000000, -1.000000000000000000, 0.000000000000000000 ) ) ;
#2229 = CARTESIAN_POINT ( 'NONE',  ( -33.89999999999999858, -14.99999999999900169, -14.99999999999995204 ) ) ;
#2230 = VECTOR ( 'NONE', #7378, 1000.000000000000000 ) ;
#2231 = DIRECTION ( 'NONE',  ( 1.000000000000000000, -1.348081413631192369E-15, -3.190558386184555325E-16 ) ) ;
#2232 = AXIS2_PLACEMENT_3D ( 'NONE', #8443, #7702, #3963 ) ;
#2233 = CARTESIAN_POINT ( 'NONE',  ( -29.29999999999999361, -17.72403791909671966, -20.90202088431339433 ) ) ;
#2234 = EDGE_CURVE ( 'NONE', #9640, #3734, #1712, .T. ) ;
#2235 = ADVANCED_FACE ( 'NONE', ( #1758 ), #8544, .F. ) ;
#2236 = B_SPLINE_CURVE_WITH_KNOTS ( 'NONE', 3,
 ( #8526, #3336, #336, #2619, #7130, #4139 ),
 .UNSPECIFIED., .F., .F.,
 ( 4, 2, 4 ),
 ( 6.938893903907228378E-18, 0.0003945792893387626839, 0.0007891585786775184288 ),
 .UNSPECIFIED. ) ;
#2237 = FACE_OUTER_BOUND ( 'NONE', #551, .T. ) ;
#2238 = AXIS2_PLACEMENT_3D ( 'NONE', #2165, #6775, #4427 ) ;
#2239 = CARTESIAN_POINT ( 'NONE',  ( -32.90278339302004440, -31.91870648513826225, 4.158012201019876564 ) ) ;
#2240 = CARTESIAN_POINT ( 'NONE',  ( -29.49999999999998579, -31.89289554064999521, -3.948684026197222252 ) ) ;
#2241 = LINE ( 'NONE', #7489, #1280 ) ;
#2242 = DIRECTION ( 'NONE',  ( 0.000000000000000000, 1.000000000000000000, 0.000000000000000000 ) ) ;
#2243 = DIRECTION ( 'NONE',  ( 1.000000000000000000, -4.440892098500626162E-16, -2.121142188857532135E-16 ) ) ;
#2244 = CARTESIAN_POINT ( 'NONE',  ( -32.89999996742565003, -26.84435024655810409, -18.84964246319282211 ) ) ;
#2245 = ORIENTED_EDGE ( 'NONE', *, *, #9259, .F. ) ;
#2246 = VECTOR ( 'NONE', #7403, 1000.000000000000000 ) ;
#2247 = EDGE_CURVE ( 'NONE', #8048, #5366, #7447, .T. ) ;
#2248 = EDGE_LOOP ( 'NONE', ( #7047, #2971 ) ) ;
#2249 = LINE ( 'NONE', #4455, #3808 ) ;
#2250 = ORIENTED_EDGE ( 'NONE', *, *, #1324, .F. ) ;
#2251 = DIRECTION ( 'NONE',  ( 0.000000000000000000, 0.000000000000000000, 1.000000000000000000 ) ) ;
#2252 = CARTESIAN_POINT ( 'NONE',  ( 1.680203179842401237E-14, 12.50000000000000000, 6.938893903907175130E-16 ) ) ;
#2253 = CARTESIAN_POINT ( 'NONE',  ( -29.29999999999999005, -19.23330444827314167, 19.23330444827405472 ) ) ;
#2254 = VECTOR ( 'NONE', #5513, 1000.000000000000000 ) ;
#2255 = ORIENTED_EDGE ( 'NONE', *, *, #3882, .F. ) ;
#2256 = CARTESIAN_POINT ( 'NONE',  ( -30.69999999999998508, 33.87364542785750388, -2.949999999999879829 ) ) ;
#2257 = ORIENTED_EDGE ( 'NONE', *, *, #5770, .T. ) ;
#2258 = ORIENTED_EDGE ( 'NONE', *, *, #3617, .F. ) ;
#2259 = CARTESIAN_POINT ( 'NONE',  ( -32.89999998945074111, 7.685612054060219300, 31.94571237317123291 ) ) ;
#2260 = CIRCLE ( 'NONE', #1936, 1.249999999999992450 ) ;
#2261 = DIRECTION ( 'NONE',  ( 0.000000000000000000, -1.000000000000000000, 0.000000000000000000 ) ) ;
#2262 = VERTEX_POINT ( 'NONE', #5515 ) ;
#2263 = DIRECTION ( 'NONE',  ( -1.000000000000000000, 4.440892098500626162E-16, 2.121142188857532135E-16 ) ) ;
#2264 = DIRECTION ( 'NONE',  ( 1.000000000000000000, -2.161476583036224152E-16, -5.473344771987640402E-16 ) ) ;
#2265 = VERTEX_POINT ( 'NONE', #3205 ) ;
#2266 = LINE ( 'NONE', #2212, #8281 ) ;
#2267 = EDGE_CURVE ( 'NONE', #5987, #4465, #4583, .T. ) ;
#2268 = VERTEX_POINT ( 'NONE', #1656 ) ;
#2269 = ORIENTED_EDGE ( 'NONE', *, *, #178, .F. ) ;
#2270 = LINE ( 'NONE', #9165, #2867 ) ;
#2271 = EDGE_LOOP ( 'NONE', ( #663, #950, #8022, #4506 ) ) ;
#2272 = FACE_OUTER_BOUND ( 'NONE', #9187, .T. ) ;
#2273 = ORIENTED_EDGE ( 'NONE', *, *, #6499, .T. ) ;
#2274 = CARTESIAN_POINT ( 'NONE',  ( -32.89999992891058866, -8.624169130004622374, 31.64619045057101587 ) ) ;
#2275 = ORIENTED_EDGE ( 'NONE', *, *, #9431, .F. ) ;
#2276 = SURFACE_STYLE_FILL_AREA ( #5446 ) ;
#2277 = FACE_OUTER_BOUND ( 'NONE', #4574, .T. ) ;
#2278 = EDGE_CURVE ( 'NONE', #5180, #280, #265, .T. ) ;
#2279 = EDGE_CURVE ( 'NONE', #7106, #1697, #6351, .T. ) ;
#2280 = CARTESIAN_POINT ( 'NONE',  ( -23.49999999999997513, -4.255999999999007244, 26.25731258145051683 ) ) ;
#2281 = FACE_BOUND ( 'NONE', #2061, .T. ) ;
#2282 = FACE_OUTER_BOUND ( 'NONE', #6278, .T. ) ;
#2283 = VECTOR ( 'NONE', #1661, 1000.000000000000000 ) ;
#2284 = LINE ( 'NONE', #8379, #6188 ) ;
#2285 = DIRECTION ( 'NONE',  ( -1.000000000000000000, 4.440892098500626162E-16, 2.121142188857532135E-16 ) ) ;
#2286 = CARTESIAN_POINT ( 'NONE',  ( -30.69999999999999929, 31.69999999999998508, -1.479583105891304081E-13 ) ) ;
#2287 = CARTESIAN_POINT ( 'NONE',  ( -20.89999999999997371, -19.23499999999978982, 19.23500000000020904 ) ) ;
#2288 = ADVANCED_FACE ( 'NONE', ( #3914 ), #3253, .T. ) ;
#2289 = EDGE_CURVE ( 'NONE', #5366, #9797, #431, .T. ) ;
#2290 = DIRECTION ( 'NONE',  ( 4.919709548711541756E-16, 0.8905380237835196500, 0.4549088130556973031 ) ) ;
#2291 = AXIS2_PLACEMENT_3D ( 'NONE', #5793, #8868, #5094 ) ;
#2292 = CARTESIAN_POINT ( 'NONE',  ( -29.50000000000000355, -32.94999999999902229, -1.273480417125352938E-14 ) ) ;
#2293 = CARTESIAN_POINT ( 'NONE',  ( -32.89999999998001812, -25.80780222016569425, -20.24346034443191300 ) ) ;
#2294 = VERTEX_POINT ( 'NONE', #159 ) ;
#2295 = ORIENTED_EDGE ( 'NONE', *, *, #5797, .T. ) ;
#2296 = DIRECTION ( 'NONE',  ( -1.000000000000000000, -1.175656832681595541E-18, 2.479139147737537908E-18 ) ) ;
#2297 = ORIENTED_EDGE ( 'NONE', *, *, #6290, .F. ) ;
#2298 = CARTESIAN_POINT ( 'NONE',  ( -33.89999999999999858, -14.99999999999900169, -14.99999999999995204 ) ) ;
#2299 = DIRECTION ( 'NONE',  ( 1.000000000000000000, 1.175656832681595541E-18, -2.479139147737537908E-18 ) ) ;
#2300 = CARTESIAN_POINT ( 'NONE',  ( -33.32500000000000284, -35.34695989490620605, -4.950978037210933991 ) ) ;
#2301 = ADVANCED_FACE ( 'NONE', ( #9395 ), #203, .T. ) ;
#2302 = EDGE_CURVE ( 'NONE', #9356, #8509, #1799, .T. ) ;
#2303 = ORIENTED_EDGE ( 'NONE', *, *, #4554, .F. ) ;
#2304 = LINE ( 'NONE', #1407, #7149 ) ;
#2305 = ORIENTED_EDGE ( 'NONE', *, *, #1240, .T. ) ;
#2306 = VERTEX_POINT ( 'NONE', #1468 ) ;
#2307 = CARTESIAN_POINT ( 'NONE',  ( -42.91599376778213326, -30.73958990536176827, -0.8000702782374835564 ) ) ;
#2308 = CARTESIAN_POINT ( 'NONE',  ( -33.54466991411010213, -30.44900076409684075, -2.448979565404612480 ) ) ;
#2309 = ORIENTED_EDGE ( 'NONE', *, *, #3507, .T. ) ;
#2310 = DIRECTION ( 'NONE',  ( 0.000000000000000000, 1.110223024652381708E-14, 1.000000000000000000 ) ) ;
#2311 = DIRECTION ( 'NONE',  ( -8.673617379884027583E-16, -1.000000000000000000, 0.000000000000000000 ) ) ;
#2312 = ORIENTED_EDGE ( 'NONE', *, *, #5350, .F. ) ;
#2313 = DIRECTION ( 'NONE',  ( -1.000000000000000000, -1.175656832681595541E-18, 2.479139147737537908E-18 ) ) ;
#2314 = VECTOR ( 'NONE', #4766, 1000.000000000000000 ) ;
#2315 = AXIS2_PLACEMENT_3D ( 'NONE', #5101, #4950, #6485 ) ;
#2316 = ORIENTED_EDGE ( 'NONE', *, *, #4325, .T. ) ;
#2317 = VERTEX_POINT ( 'NONE', #9442 ) ;
#2318 = CYLINDRICAL_SURFACE ( 'NONE', #2395, 0.7999999999999917177 ) ;
#2319 = DIRECTION ( 'NONE',  ( -2.103013637062898607E-14, -1.000000000000000000, 3.846679125231798141E-30 ) ) ;
#2320 = VERTEX_POINT ( 'NONE', #8496 ) ;
#2321 = CARTESIAN_POINT ( 'NONE',  ( -32.89999999063541480, -7.865129919209559617, 31.84443859202391280 ) ) ;
#2322 = VERTEX_POINT ( 'NONE', #7891 ) ;
#2323 = FACE_OUTER_BOUND ( 'NONE', #5887, .T. ) ;
#2324 = DIRECTION ( 'NONE',  ( 1.541976423090494647E-15, 1.000000000000000000, 0.000000000000000000 ) ) ;
#2325 = CARTESIAN_POINT ( 'NONE',  ( -20.89999999999996660, -7.499999999999994671, 28.53068523537423218 ) ) ;
#2326 = CARTESIAN_POINT ( 'NONE',  ( -33.89999999999998437, 17.55000000000089599, -15.00000000000006750 ) ) ;
#2327 = DIRECTION ( 'NONE',  ( -1.000000000000000000, 2.161476583036237957E-16, 5.473344771987708442E-16 ) ) ;
#2328 = EDGE_CURVE ( 'NONE', #3315, #6081, #3628, .T. ) ;
#2329 = ADVANCED_FACE ( 'NONE', ( #4102, #7101, #8315, #7703, #4816, #7753 ), #4713, .F. ) ;
#2330 = DIRECTION ( 'NONE',  ( 1.000000000000000000, 1.175656832681595541E-18, -2.479139147737537908E-18 ) ) ;
#2331 = CARTESIAN_POINT ( 'NONE',  ( -29.49999999999997158, 30.97598580441739813, -4.492026652257699482 ) ) ;
#2332 = VECTOR ( 'NONE', #9331, 1000.000000000000000 ) ;
#2333 = DIRECTION ( 'NONE',  ( 1.000000000000000000, -2.161476583036238204E-16, 0.000000000000000000 ) ) ;
#2334 = CARTESIAN_POINT ( 'NONE',  ( -29.50000000000000355, -31.69999999999902585, -1.273480417125352938E-14 ) ) ;
#2335 = DIRECTION ( 'NONE',  ( -0.7071067811865502373, 0.7071067811865447972, 3.132563715680487970E-16 ) ) ;
#2336 = CYLINDRICAL_SURFACE ( 'NONE', #7475, 2.550000000000000266 ) ;
#2337 = CARTESIAN_POINT ( 'NONE',  ( -32.89999999999998437, -29.18567795926071184, -14.97496785764193206 ) ) ;
#2338 = ORIENTED_EDGE ( 'NONE', *, *, #138, .T. ) ;
#2339 = ADVANCED_FACE ( 'NONE', ( #6955, #2404, #7010, #7851, #6262, #9299, #2452, #4764, #7805, #9646, #5757, #2686 ), #4303, .F. ) ;
#2340 = VERTEX_POINT ( 'NONE', #8789 ) ;
#2341 = EDGE_CURVE ( 'NONE', #9632, #9399, #2178, .T. ) ;
#2342 = EDGE_CURVE ( 'NONE', #3908, #9589, #8837, .T. ) ;
#2343 = EDGE_CURVE ( 'NONE', #1215, #7770, #9045, .T. ) ;
#2344 = DIRECTION ( 'NONE',  ( 0.000000000000000000, 0.000000000000000000, 1.000000000000000000 ) ) ;
#2345 = ORIENTED_EDGE ( 'NONE', *, *, #1621, .T. ) ;
#2346 = FACE_OUTER_BOUND ( 'NONE', #5661, .T. ) ;
#2347 = LINE ( 'NONE', #1601, #2254 ) ;
#2348 = VECTOR ( 'NONE', #6573, 1000.000000000000000 ) ;
#2349 = CARTESIAN_POINT ( 'NONE',  ( -33.70000000000000995, -32.78040843100728807, 2.115027806485925588 ) ) ;
#2350 = CIRCLE ( 'NONE', #3151, 5.000000000000001776 ) ;
#2351 = AXIS2_PLACEMENT_3D ( 'NONE', #2621, #5799, #4996 ) ;
#2352 = ORIENTED_EDGE ( 'NONE', *, *, #1693, .F. ) ;
#2353 = DIRECTION ( 'NONE',  ( -1.000000000000000000, -1.179389324206870994E-17, 8.825547355056099929E-16 ) ) ;
#2354 = ORIENTED_EDGE ( 'NONE', *, *, #9880, .F. ) ;
#2355 = VECTOR ( 'NONE', #5816, 1000.000000000000000 ) ;
#2356 = ORIENTED_EDGE ( 'NONE', *, *, #3883, .T. ) ;
#2357 = CARTESIAN_POINT ( 'NONE',  ( -30.99999999999998579, -1.199999999998877076, -33.27837135437973615 ) ) ;
#2358 = EDGE_CURVE ( 'NONE', #9217, #9455, #9539, .T. ) ;
#2359 = DIRECTION ( 'NONE',  ( -1.000000000000000000, -4.110625654895453343E-16, 2.663450649691506873E-16 ) ) ;
#2360 = ORIENTED_EDGE ( 'NONE', *, *, #5000, .T. ) ;
#2361 = FACE_OUTER_BOUND ( 'NONE', #2965, .T. ) ;
#2362 = AXIS2_PLACEMENT_3D ( 'NONE', #8098, #511, #9551 ) ;
#2363 = FACE_BOUND ( 'NONE', #6532, .T. ) ;
#2364 = ORIENTED_EDGE ( 'NONE', *, *, #4629, .T. ) ;
#2365 = CARTESIAN_POINT ( 'NONE',  ( -33.89999999999998437, 15.00000000000087752, 12.40000000000004832 ) ) ;
#2366 = CIRCLE ( 'NONE', #7942, 2.599999999999998312 ) ;
#2367 = AXIS2_PLACEMENT_3D ( 'NONE', #5262, #2, #3050 ) ;
#2368 = ORIENTED_EDGE ( 'NONE', *, *, #6628, .T. ) ;
#2369 = CIRCLE ( 'NONE', #1886, 3.950000000000002842 ) ;
#2370 = ORIENTED_EDGE ( 'NONE', *, *, #4431, .F. ) ;
#2371 = DIRECTION ( 'NONE',  ( 1.000000000000000000, -4.440892098500626162E-16, -2.121142188857532135E-16 ) ) ;
#2372 = CARTESIAN_POINT ( 'NONE',  ( -33.39999999996884839, 31.79094230992346581, 2.949999999969066700 ) ) ;
#2373 = EDGE_LOOP ( 'NONE', ( #6036, #5375, #9120, #4509, #6760, #2497, #4888 ) ) ;
#2374 = LINE ( 'NONE', #8470, #9289 ) ;
#2375 = ORIENTED_EDGE ( 'NONE', *, *, #4195, .T. ) ;
#2376 = LINE ( 'NONE', #728, #8909 ) ;
#2377 = CIRCLE ( 'NONE', #6379, 6.349999999999999645 ) ;
#2378 = CYLINDRICAL_SURFACE ( 'NONE', #7784, 18.00000000000000711 ) ;
#2379 = AXIS2_PLACEMENT_3D ( 'NONE', #4402, #1300, #5058 ) ;
#2380 = DIRECTION ( 'NONE',  ( 5.102127870520021968E-16, 0.000000000000000000, 1.000000000000000000 ) ) ;
#2381 = CIRCLE ( 'NONE', #4308, 32.49999999999999289 ) ;
#2382 = DIRECTION ( 'NONE',  ( -1.000000000000000000, 4.440892098500626162E-16, 2.121142188857532135E-16 ) ) ;
#2383 = AXIS2_PLACEMENT_3D ( 'NONE', #410, #1953, #1207 ) ;
#2384 = DIRECTION ( 'NONE',  ( 0.000000000000000000, 1.000000000000000000, 0.000000000000000000 ) ) ;
#2385 = DIRECTION ( 'NONE',  ( 1.000000000000000000, -4.440892098500626162E-16, -2.121142188857532135E-16 ) ) ;
#2386 = CIRCLE ( 'NONE', #483, 1.000000000000000000 ) ;
#2387 = CARTESIAN_POINT ( 'NONE',  ( -29.29999999999997584, 20.90202088431444238, -17.72403791909765403 ) ) ;
#2388 = FACE_OUTER_BOUND ( 'NONE', #1747, .T. ) ;
#2389 = FACE_BOUND ( 'NONE', #1976, .T. ) ;
#2390 = CARTESIAN_POINT ( 'NONE',  ( -33.72601700394287860, -34.01673104401617564, 3.276017003942742978 ) ) ;
#2391 = CARTESIAN_POINT ( 'NONE',  ( -33.54466991411008792, 30.44900076409683365, 2.448979565404542758 ) ) ;
#2392 = EDGE_CURVE ( 'NONE', #242, #3076, #6030, .T. ) ;
#2393 = CARTESIAN_POINT ( 'NONE',  ( -32.89999998555531135, -30.68029039196624552, -11.60034308943148318 ) ) ;
#2394 = ORIENTED_EDGE ( 'NONE', *, *, #9242, .T. ) ;
#2395 = AXIS2_PLACEMENT_3D ( 'NONE', #7673, #7521, #676 ) ;
#2396 = EDGE_LOOP ( 'NONE', ( #7122, #7271, #9270, #7986 ) ) ;
#2397 = AXIS2_PLACEMENT_3D ( 'NONE', #993, #5504, #3088 ) ;
#2398 = CARTESIAN_POINT ( 'NONE',  ( -32.39999999999447056, 30.25852531317766392, 0.07405444337420578893 ) ) ;
#2399 = ORIENTED_EDGE ( 'NONE', *, *, #807, .T. ) ;
#2400 = DIRECTION ( 'NONE',  ( 0.000000000000000000, -1.000000000000000000, 0.000000000000000000 ) ) ;
#2401 = DIRECTION ( 'NONE',  ( 1.000000000000000000, -1.348081413631192369E-15, -3.190558386184555325E-16 ) ) ;
#2402 = LINE ( 'NONE', #4061, #3191 ) ;
#2403 = AXIS2_PLACEMENT_3D ( 'NONE', #2467, #4732, #119 ) ;
#2404 = FACE_BOUND ( 'NONE', #8613, .T. ) ;
#2405 = AXIS2_PLACEMENT_3D ( 'NONE', #2601, #9354, #5483 ) ;
#2406 = ADVANCED_FACE ( 'NONE', ( #8086 ), #398, .T. ) ;
#2407 = ORIENTED_EDGE ( 'NONE', *, *, #332, .T. ) ;
#2408 = ADVANCED_FACE ( 'NONE', ( #1943 ), #8884, .T. ) ;
#2409 = DIRECTION ( 'NONE',  ( 1.000000000000000000, -1.348081413631192369E-15, -3.190558386184555325E-16 ) ) ;
#2410 = ORIENTED_EDGE ( 'NONE', *, *, #3030, .T. ) ;
#2411 = CARTESIAN_POINT ( 'NONE',  ( -32.89999999999999147, -32.00504473129153382, -4.453534570294439554 ) ) ;
#2412 = DIRECTION ( 'NONE',  ( -2.103013637062898607E-14, -1.000000000000000000, 3.846679125231798141E-30 ) ) ;
#2413 = ORIENTED_EDGE ( 'NONE', *, *, #564, .F. ) ;
#2414 = CARTESIAN_POINT ( 'NONE',  ( -25.19999999999997797, 19.23330444827511343, -19.23330444827406538 ) ) ;
#2415 = CIRCLE ( 'NONE', #8162, 29.50000000000000711 ) ;
#2416 = CARTESIAN_POINT ( 'NONE',  ( -32.90275887879867156, 31.82673534686836092, -4.159638747121380042 ) ) ;
#2417 = EDGE_LOOP ( 'NONE', ( #4854, #3879, #4009, #6849 ) ) ;
#2418 = CARTESIAN_POINT ( 'NONE',  ( -32.39999999999999147, 33.92634505945878942, 1.137272032639081720 ) ) ;
#2419 = ADVANCED_FACE ( 'NONE', ( #6598 ), #3446, .T. ) ;
#2420 = EDGE_CURVE ( 'NONE', #2453, #5176, #2787, .T. ) ;
#2421 = EDGE_LOOP ( 'NONE', ( #6966, #7900, #7421, #2466, #7946, #9363 ) ) ;
#2422 = AXIS2_PLACEMENT_3D ( 'NONE', #5305, #2132, #8231 ) ;
#2423 = ORIENTED_EDGE ( 'NONE', *, *, #2247, .T. ) ;
#2424 = DIRECTION ( 'NONE',  ( -4.565061778886334044E-16, -1.000000000000000000, 0.000000000000000000 ) ) ;
#2425 = DIRECTION ( 'NONE',  ( -1.000000000000000000, 4.440892098500626162E-16, 2.121142188857532135E-16 ) ) ;
#2426 = ORIENTED_EDGE ( 'NONE', *, *, #3829, .T. ) ;
#2427 = CARTESIAN_POINT ( 'NONE',  ( -83.77726090546464377, 6.600000000001135625, -33.86281146036163392 ) ) ;
#2428 = EDGE_LOOP ( 'NONE', ( #4266, #7383, #4982, #3974, #8716 ) ) ;
#2429 = FACE_OUTER_BOUND ( 'NONE', #8217, .T. ) ;
#2430 = AXIS2_PLACEMENT_3D ( 'NONE', #9461, #4928, #6572 ) ;
#2431 = CARTESIAN_POINT ( 'NONE',  ( -33.32500000000000995, -31.70000000000001350, 6.635223905227784706E-14 ) ) ;
#2432 = EDGE_CURVE ( 'NONE', #9352, #3832, #8567, .T. ) ;
#2433 = DIRECTION ( 'NONE',  ( 0.000000000000000000, 0.000000000000000000, 1.000000000000000000 ) ) ;
#2434 = EDGE_CURVE ( 'NONE', #581, #5379, #5853, .T. ) ;
#2435 = FACE_BOUND ( 'NONE', #9294, .T. ) ;
#2436 = CARTESIAN_POINT ( 'NONE',  ( -29.49999999999998934, -31.69999999999900808, -1.600000000000131761 ) ) ;
#2437 = VECTOR ( 'NONE', #4978, 1000.000000000000000 ) ;
#2438 = CARTESIAN_POINT ( 'NONE',  ( -32.89999999999999858, -15.34185120406129066, 28.99565622540164611 ) ) ;
#2439 = LINE ( 'NONE', #3134, #3460 ) ;
#2440 = CARTESIAN_POINT ( 'NONE',  ( -30.90000000000000213, -8.499999999999989342, -11.08986650213440761 ) ) ;
#2441 = CARTESIAN_POINT ( 'NONE',  ( -29.49999999999997868, 9.930981299247140941E-13, 33.99999999999996447 ) ) ;
#2442 = DIRECTION ( 'NONE',  ( 0.000000000000000000, -0.7416517493508463232, 0.6707851240783663238 ) ) ;
#2443 = EDGE_LOOP ( 'NONE', ( #9756, #1028, #1211, #5629 ) ) ;
#2444 = AXIS2_PLACEMENT_3D ( 'NONE', #613, #5220, #3767 ) ;
#2445 = ORIENTED_EDGE ( 'NONE', *, *, #8820, .T. ) ;
#2446 = DIRECTION ( 'NONE',  ( -5.880418562633243017E-16, 0.000000000000000000, -1.000000000000000000 ) ) ;
#2447 = EDGE_LOOP ( 'NONE', ( #3487, #7831, #6727, #1261 ) ) ;
#2448 = CARTESIAN_POINT ( 'NONE',  ( -32.39999999999996305, -31.91870648513821962, -4.448350868272421543 ) ) ;
#2449 = DIRECTION ( 'NONE',  ( -5.880418562633243017E-16, 0.000000000000000000, -1.000000000000000000 ) ) ;
#2450 = DIRECTION ( 'NONE',  ( 1.000000000000000000, -2.161476583036237957E-16, -5.473344771987708442E-16 ) ) ;
#2451 = VECTOR ( 'NONE', #9377, 1000.000000000000000 ) ;
#2452 = FACE_BOUND ( 'NONE', #4183, .T. ) ;
#2453 = VERTEX_POINT ( 'NONE', #3400 ) ;
#2454 = CARTESIAN_POINT ( 'NONE',  ( -33.90000000000011937, 31.79094230992349779, -3.450000000000038369 ) ) ;
#2455 = VERTEX_POINT ( 'NONE', #1196 ) ;
#2456 = ORIENTED_EDGE ( 'NONE', *, *, #5301, .F. ) ;
#2457 = CARTESIAN_POINT ( 'NONE',  ( -32.89999999999998437, -32.41280410874718143, -5.024950726914426014 ) ) ;
#2458 = LINE ( 'NONE', #1766, #1716 ) ;
#2459 = ORIENTED_EDGE ( 'NONE', *, *, #1806, .T. ) ;
#2460 = DIRECTION ( 'NONE',  ( 1.000000000000000000, 1.179389324206871456E-17, -8.825547355056098943E-16 ) ) ;
#2461 = ADVANCED_FACE ( 'NONE', ( #7349 ), #4249, .T. ) ;
#2462 = CARTESIAN_POINT ( 'NONE',  ( -29.49999999999996092, 32.90690173235813631, 5.101550585556382522 ) ) ;
#2463 = ADVANCED_FACE ( 'NONE', ( #6450 ), #503, .F. ) ;
#2464 = DIRECTION ( 'NONE',  ( 4.440892098493158114E-16, 1.000000000000000000, 0.000000000000000000 ) ) ;
#2465 = ORIENTED_EDGE ( 'NONE', *, *, #587, .F. ) ;
#2466 = ORIENTED_EDGE ( 'NONE', *, *, #4065, .F. ) ;
#2467 = CARTESIAN_POINT ( 'NONE',  ( -25.19999999999999218, -31.69999999999902585, -1.364689531246226937E-14 ) ) ;
#2468 = CARTESIAN_POINT ( 'NONE',  ( -30.89999999999999147, -29.11588541666666430, 4.745020168928433257 ) ) ;
#2469 = ORIENTED_EDGE ( 'NONE', *, *, #565, .F. ) ;
#2470 = DIRECTION ( 'NONE',  ( 5.519574696289840845E-16, 0.000000000000000000, 1.000000000000000000 ) ) ;
#2471 = EDGE_CURVE ( 'NONE', #7695, #9337, #750, .T. ) ;
#2472 = EDGE_LOOP ( 'NONE', ( #7026, #9303 ) ) ;
#2473 = EDGE_CURVE ( 'NONE', #3383, #9356, #9369, .T. ) ;
#2474 = EDGE_CURVE ( 'NONE', #5791, #9054, #8088, .T. ) ;
#2475 = CIRCLE ( 'NONE', #1516, 34.50000000000000000 ) ;
#2476 = CARTESIAN_POINT ( 'NONE',  ( -29.29999999999999005, 19.23499999999994259, -19.23500000000004917 ) ) ;
#2477 = DIRECTION ( 'NONE',  ( 1.000000000000000000, -1.348081413631192369E-15, -3.190558386184555325E-16 ) ) ;
#2478 = DIRECTION ( 'NONE',  ( 1.000000000000000000, -1.348081413631192369E-15, -3.190558386184555325E-16 ) ) ;
#2479 = DIRECTION ( 'NONE',  ( 1.000000000000000000, 1.175656832681595541E-18, -2.479139147737537908E-18 ) ) ;
#2480 = ADVANCED_FACE ( 'NONE', ( #647 ), #2839, .F. ) ;
#2481 = CARTESIAN_POINT ( 'NONE',  ( -32.89999999999999858, -20.67584205083389293, 25.55067921674623577 ) ) ;
#2482 = CARTESIAN_POINT ( 'NONE',  ( -22.99999999999999645, -32.48544952681287867, -0.9724037437341384038 ) ) ;
#2483 = CARTESIAN_POINT ( 'NONE',  ( -22.70000000003631158, -31.70000000000002061, 6.418476861114186249E-14 ) ) ;
#2484 = DIRECTION ( 'NONE',  ( -1.350006576062595882E-15, -1.000000000000000000, 0.000000000000000000 ) ) ;
#2485 = CARTESIAN_POINT ( 'NONE',  ( -33.54466991411009502, 32.95099923590314006, -2.448979565404832748 ) ) ;
#2486 = ORIENTED_EDGE ( 'NONE', *, *, #1732, .F. ) ;
#2487 = ORIENTED_EDGE ( 'NONE', *, *, #7131, .F. ) ;
#2488 = DIRECTION ( 'NONE',  ( -1.000000000000000000, 0.000000000000000000, 0.000000000000000000 ) ) ;
#2489 = EDGE_LOOP ( 'NONE', ( #9248, #8600, #2123, #401 ) ) ;
#2490 = DIRECTION ( 'NONE',  ( 0.000000000000000000, -1.000000000000000000, 0.000000000000000000 ) ) ;
#2491 = CARTESIAN_POINT ( 'NONE',  ( -33.90000000000845404, 31.79094230992349779, -3.450000000008369039 ) ) ;
#2492 = DIRECTION ( 'NONE',  ( 1.000000000000000000, -2.161476583036237957E-16, -5.473344771987708442E-16 ) ) ;
#2493 = DIRECTION ( 'NONE',  ( -1.000000000000000000, -1.175656832681595541E-18, 2.479139147737537908E-18 ) ) ;
#2494 = AXIS2_PLACEMENT_3D ( 'NONE', #376, #1923, #4043 ) ;
#2495 = VERTEX_POINT ( 'NONE', #2985 ) ;
#2496 = FACE_OUTER_BOUND ( 'NONE', #7809, .T. ) ;
#2497 = ORIENTED_EDGE ( 'NONE', *, *, #9314, .T. ) ;
#2498 = ORIENTED_EDGE ( 'NONE', *, *, #3030, .F. ) ;
#2499 = CARTESIAN_POINT ( 'NONE',  ( -31.79999999999998650, -4.049999999998872724, -1.107421619705186766E-14 ) ) ;
#2500 = DIRECTION ( 'NONE',  ( 1.000000000000000000, -4.440892098500626162E-16, -2.121142188857532135E-16 ) ) ;
#2501 = CIRCLE ( 'NONE', #6340, 33.00000000000000000 ) ;
#2502 = ORIENTED_EDGE ( 'NONE', *, *, #2626, .F. ) ;
#2503 = LINE ( 'NONE', #4825, #1077 ) ;
#2504 = AXIS2_PLACEMENT_3D ( 'NONE', #7437, #7587, #9032 ) ;
#2505 = DIRECTION ( 'NONE',  ( 1.000000000000000000, -1.348081413631192369E-15, -3.190558386184555325E-16 ) ) ;
#2506 = PLANE ( 'NONE',  #6069 ) ;
#2507 = CIRCLE ( 'NONE', #8413, 3.749999999999998224 ) ;
#2508 = AXIS2_PLACEMENT_3D ( 'NONE', #9677, #8127, #8226 ) ;
#2509 = CIRCLE ( 'NONE', #5402, 1.599999999999997202 ) ;
#2510 = ORIENTED_EDGE ( 'NONE', *, *, #9729, .F. ) ;
#2511 = ADVANCED_FACE ( 'NONE', ( #3650 ), #3854, .F. ) ;
#2512 = ORIENTED_EDGE ( 'NONE', *, *, #4054, .T. ) ;
#2513 = CARTESIAN_POINT ( 'NONE',  ( -29.29999999999998650, -17.54999999999879634, 15.00000000000014921 ) ) ;
#2514 = CIRCLE ( 'NONE', #6344, 34.50000000000000000 ) ;
#2515 = CARTESIAN_POINT ( 'NONE',  ( -29.49999999999998934, 31.70000000000099050, 1.122642985676348249E-13 ) ) ;
#2516 = ORIENTED_EDGE ( 'NONE', *, *, #4415, .F. ) ;
#2517 = VECTOR ( 'NONE', #5270, 1000.000000000000000 ) ;
#2518 = CARTESIAN_POINT ( 'NONE',  ( -2.999999999999999112, 4.044244240893584208E-15, 9.571675158553656116E-16 ) ) ;
#2519 = ORIENTED_EDGE ( 'NONE', *, *, #5768, .F. ) ;
#2520 = CIRCLE ( 'NONE', #9703, 2.249999999999998668 ) ;
#2521 = CYLINDRICAL_SURFACE ( 'NONE', #4472, 1.500000000000000666 ) ;
#2522 = EDGE_CURVE ( 'NONE', #7764, #6676, #592, .T. ) ;
#2523 = EDGE_CURVE ( 'NONE', #7745, #2551, #6052, .T. ) ;
#2524 = EDGE_CURVE ( 'NONE', #8892, #7003, #5205, .T. ) ;
#2525 = EDGE_LOOP ( 'NONE', ( #989, #7384, #3868, #1393 ) ) ;
#2526 = VERTEX_POINT ( 'NONE', #8290 ) ;
#2527 = LINE ( 'NONE', #4744, #1023 ) ;
#2528 = COLOUR_RGB ( '',0.7960784313725489669, 0.8235294117647058432, 0.9372549019607843146 ) ;
#2529 = CARTESIAN_POINT ( 'NONE',  ( -2.000000000000015987, 2.696162827262406432E-15, -9.757712433669920860E-46 ) ) ;
#2530 = DIRECTION ( 'NONE',  ( -1.000000000000000000, -1.175656832681595541E-18, 2.479139147737537908E-18 ) ) ;
#2531 = DIRECTION ( 'NONE',  ( 1.000000000000000000, -1.348081413631192369E-15, -3.190558386184555325E-16 ) ) ;
#2532 = AXIS2_PLACEMENT_3D ( 'NONE', #7325, #9571, #2116 ) ;
#2533 = ADVANCED_FACE ( 'NONE', ( #4547 ), #1492, .F. ) ;
#2534 = FACE_OUTER_BOUND ( 'NONE', #5724, .T. ) ;
#2535 = EDGE_CURVE ( 'NONE', #2108, #9217, #6342, .T. ) ;
#2536 = ORIENTED_EDGE ( 'NONE', *, *, #4615, .F. ) ;
#2537 = ORIENTED_EDGE ( 'NONE', *, *, #4037, .T. ) ;
#2538 = AXIS2_PLACEMENT_3D ( 'NONE', #3241, #6152, #3136 ) ;
#2539 = CARTESIAN_POINT ( 'NONE',  ( -25.20000000000000284, -19.23330444827313102, -19.23330444827405472 ) ) ;
#2540 = CYLINDRICAL_SURFACE ( 'NONE', #1091, 2.750000000000002665 ) ;
#2541 = AXIS2_PLACEMENT_3D ( 'NONE', #1418, #4475, #7612 ) ;
#2542 = CARTESIAN_POINT ( 'NONE',  ( -20.89999999999996660, -7.499999999999993783, 28.53068523537423218 ) ) ;
#2543 = DIRECTION ( 'NONE',  ( 1.000000000000000000, 0.000000000000000000, 0.000000000000000000 ) ) ;
#2544 = DIRECTION ( 'NONE',  ( -1.000000000000000000, 2.161476583036237957E-16, 5.473344771987708442E-16 ) ) ;
#2545 = AXIS2_PLACEMENT_3D ( 'NONE', #6735, #9882, #6097 ) ;
#2546 = FACE_OUTER_BOUND ( 'NONE', #7611, .T. ) ;
#2547 = EDGE_CURVE ( 'NONE', #981, #8150, #1230, .T. ) ;
#2548 = CARTESIAN_POINT ( 'NONE',  ( -30.99999999999998579, 9.947611131479868873E-13, -1.107619950837005845E-14 ) ) ;
#2549 = ORIENTED_EDGE ( 'NONE', *, *, #3829, .F. ) ;
#2550 = AXIS2_PLACEMENT_3D ( 'NONE', #7938, #6492, #298 ) ;
#2551 = VERTEX_POINT ( 'NONE', #737 ) ;
#2552 = CYLINDRICAL_SURFACE ( 'NONE', #5008, 1.000000000000000000 ) ;
#2553 = DIRECTION ( 'NONE',  ( -1.000000000000000000, 2.103013637062898607E-14, 1.802105957738694902E-14 ) ) ;
#2554 = ORIENTED_EDGE ( 'NONE', *, *, #8655, .T. ) ;
#2555 = DIRECTION ( 'NONE',  ( -1.000000000000000000, 2.161476583036224152E-16, 5.473344771987640402E-16 ) ) ;
#2556 = CARTESIAN_POINT ( 'NONE',  ( -33.40000000000815561, -31.79094230992147985, -2.950000000000356337 ) ) ;
#2557 = CIRCLE ( 'NONE', #6082, 34.50000000000000000 ) ;
#2558 = DIRECTION ( 'NONE',  ( 1.000000000000000000, 1.179389324206870994E-17, -8.825547355056099929E-16 ) ) ;
#2559 = DIRECTION ( 'NONE',  ( -1.000000000000000000, 2.161476583036237957E-16, 5.473344771987708442E-16 ) ) ;
#2560 = VERTEX_POINT ( 'NONE', #5353 ) ;
#2561 = EDGE_LOOP ( 'NONE', ( #3427, #6926, #817, #263 ) ) ;
#2562 = CARTESIAN_POINT ( 'NONE',  ( -22.89999999999998437, 9.920545202815670932E-13, -1.237505452186862588E-14 ) ) ;
#2563 = AXIS2_PLACEMENT_3D ( 'NONE', #3458, #5018, #5124 ) ;
#2564 = CARTESIAN_POINT ( 'NONE',  ( -32.39999999998895674, -30.91512962736366887, 1.211326476013453224 ) ) ;
#2565 = ORIENTED_EDGE ( 'NONE', *, *, #8146, .F. ) ;
#2566 = CARTESIAN_POINT ( 'NONE',  ( -32.39999999988185664, 31.69999999999998508, 1.249999999778550253 ) ) ;
#2567 = ORIENTED_EDGE ( 'NONE', *, *, #3211, .F. ) ;
#2568 = EDGE_CURVE ( 'NONE', #2916, #7522, #8339, .T. ) ;
#2569 = FILL_AREA_STYLE ('',( #9419 ) ) ;
#2570 = CARTESIAN_POINT ( 'NONE',  ( -32.39999999999999858, 32.41280410874917806, 5.024950726914403809 ) ) ;
#2571 = EDGE_LOOP ( 'NONE', ( #7907, #6527 ) ) ;
#2572 = EDGE_LOOP ( 'NONE', ( #3423, #6319, #118, #8774 ) ) ;
#2573 = LINE ( 'NONE', #9328, #6139 ) ;
#2574 = CIRCLE ( 'NONE', #9605, 2.000000000000005329 ) ;
#2575 = EDGE_CURVE ( 'NONE', #4312, #9164, #3792, .T. ) ;
#2576 = EDGE_CURVE ( 'NONE', #1762, #8812, #8383, .T. ) ;
#2577 = CARTESIAN_POINT ( 'NONE',  ( -42.91599376778211905, 1.000943407138265277E-12, -8.129377638593412891E-15 ) ) ;
#2578 = DIRECTION ( 'NONE',  ( 0.000000000000000000, -0.9986829581603673400, 0.05130642338009962916 ) ) ;
#2579 = CARTESIAN_POINT ( 'NONE',  ( -20.89999999999998792, -31.99999999999999289, 8.978097818313002107E-15 ) ) ;
#2580 = CARTESIAN_POINT ( 'NONE',  ( -29.49999999999998934, -31.69999999999900808, -1.344241350018181572E-13 ) ) ;
#2581 = ORIENTED_EDGE ( 'NONE', *, *, #6370, .T. ) ;
#2582 = AXIS2_PLACEMENT_3D ( 'NONE', #9157, #2907, #6862 ) ;
#2583 = DIRECTION ( 'NONE',  ( 2.479139147737542530E-18, -3.890984756615977524E-15, 1.000000000000000000 ) ) ;
#2584 = DIRECTION ( 'NONE',  ( 8.807872715132058654E-16, 0.05130642338010732439, 0.9986829581603670070 ) ) ;
#2585 = EDGE_CURVE ( 'NONE', #4880, #6359, #1550, .T. ) ;
#2586 = CARTESIAN_POINT ( 'NONE',  ( -32.89999999999998437, -14.99999999999901235, 14.99999999999992539 ) ) ;
#2587 = ADVANCED_FACE ( 'NONE', ( #8940 ), #2820, .F. ) ;
#2588 = EDGE_CURVE ( 'NONE', #7367, #6160, #5394, .T. ) ;
#2589 = DIRECTION ( 'NONE',  ( -9.217011841328253928E-19, -0.7071067811865396902, -0.7071067811865553443 ) ) ;
#2590 = CARTESIAN_POINT ( 'NONE',  ( -23.49999999999997513, 9.912773641643294836E-13, 18.80000000000000071 ) ) ;
#2591 = AXIS2_PLACEMENT_3D ( 'NONE', #9548, #7898, #7154 ) ;
#2592 = DIRECTION ( 'NONE',  ( -1.000000000000000000, 4.440892098500626162E-16, 2.121142188857532135E-16 ) ) ;
#2593 = CARTESIAN_POINT ( 'NONE',  ( -32.39999999999448477, -30.25852531317768879, -0.07405444337427702362 ) ) ;
#2594 = ORIENTED_EDGE ( 'NONE', *, *, #5104, .T. ) ;
#2595 = EDGE_LOOP ( 'NONE', ( #4057, #3635 ) ) ;
#2596 = LINE ( 'NONE', #3696, #6757 ) ;
#2597 = CARTESIAN_POINT ( 'NONE',  ( -33.89999999999998437, 15.00000000000089706, -15.00000000000005151 ) ) ;
#2598 = ORIENTED_EDGE ( 'NONE', *, *, #7551, .T. ) ;
#2599 = DIRECTION ( 'NONE',  ( -1.000000000000000000, 2.161476583036238204E-16, 0.000000000000000000 ) ) ;
#2600 = VECTOR ( 'NONE', #8773, 1000.000000000000000 ) ;
#2601 = CARTESIAN_POINT ( 'NONE',  ( -22.80000000001791705, 31.69999999999998508, -1.549324904481785836E-13 ) ) ;
#2602 = EDGE_CURVE ( 'NONE', #2817, #510, #2886, .T. ) ;
#2603 = CARTESIAN_POINT ( 'NONE',  ( -32.69511273523498573, 31.89289554065198473, 3.948684026197198271 ) ) ;
#2604 = EDGE_CURVE ( 'NONE', #2551, #56, #9889, .T. ) ;
#2605 = DIRECTION ( 'NONE',  ( 1.000000000000000000, -4.440892098500626162E-16, -2.121142188857532135E-16 ) ) ;
#2606 = ORIENTED_EDGE ( 'NONE', *, *, #8316, .F. ) ;
#2607 = TOROIDAL_SURFACE ( 'NONE', #7880, 0.4999999999999813483, 0.5000000000000004441 ) ;
#2608 = ORIENTED_EDGE ( 'NONE', *, *, #5137, .T. ) ;
#2609 = DIRECTION ( 'NONE',  ( 0.000000000000000000, -1.110223024652380572E-13, 1.000000000000000000 ) ) ;
#2610 = DIRECTION ( 'NONE',  ( -0.000000000000000000, -0.9986829581603673400, 0.05130642338010032999 ) ) ;
#2611 = ORIENTED_EDGE ( 'NONE', *, *, #5541, .T. ) ;
#2612 = DIRECTION ( 'NONE',  ( 1.000000000000000000, -4.440892098500626162E-16, -2.121142188857532135E-16 ) ) ;
#2613 = DIRECTION ( 'NONE',  ( -1.000000000000000000, 1.348081413631192369E-15, 3.190558386184555325E-16 ) ) ;
#2614 = ORIENTED_EDGE ( 'NONE', *, *, #4195, .F. ) ;
#2615 = LINE ( 'NONE', #7969, #3177 ) ;
#2616 = DIRECTION ( 'NONE',  ( 1.000000000000000000, -4.440892098500626162E-16, -2.121142188857532135E-16 ) ) ;
#2617 = CYLINDRICAL_SURFACE ( 'NONE', #9897, 34.50000000000000000 ) ;
#2618 = ORIENTED_EDGE ( 'NONE', *, *, #2637, .F. ) ;
#2619 = CARTESIAN_POINT ( 'NONE',  ( -32.66369965888387839, 6.600000000001118750, -32.58268437934231798 ) ) ;
#2620 = DIRECTION ( 'NONE',  ( 1.000000000000000000, -1.348081413631192369E-15, -3.190558386184555325E-16 ) ) ;
#2621 = CARTESIAN_POINT ( 'NONE',  ( -23.49999999999997513, -3.999999999999006128, 24.67792535850613334 ) ) ;
#2622 = AXIS2_PLACEMENT_3D ( 'NONE', #3951, #5460, #7793 ) ;
#2623 = CARTESIAN_POINT ( 'NONE',  ( -32.89999999999998437, -14.99999999999888978, -12.40000000000007141 ) ) ;
#2624 = DIRECTION ( 'NONE',  ( -1.000000000000000000, -0.000000000000000000, 0.000000000000000000 ) ) ;
#2625 = ADVANCED_FACE ( 'NONE', ( #6894 ), #5459, .F. ) ;
#2626 = EDGE_CURVE ( 'NONE', #3542, #6574, #7042, .T. ) ;
#2627 = ORIENTED_EDGE ( 'NONE', *, *, #1422, .F. ) ;
#2628 = LINE ( 'NONE', #295, #3648 ) ;
#2629 = FACE_OUTER_BOUND ( 'NONE', #2903, .T. ) ;
#2630 = DIRECTION ( 'NONE',  ( 0.000000000000000000, 1.000000000000000000, 0.000000000000000000 ) ) ;
#2631 = CARTESIAN_POINT ( 'NONE',  ( -33.55932968048870890, 34.18547162550463270, -3.261826197647010428 ) ) ;
#2632 = CARTESIAN_POINT ( 'NONE',  ( -1.700000000000031264, -18.00000000000000355, 2.204364238465236217E-15 ) ) ;
#2633 = DIRECTION ( 'NONE',  ( -1.000000000000000000, 4.440892098500626162E-16, 2.121142188857532135E-16 ) ) ;
#2634 = PLANE ( 'NONE',  #5267 ) ;
#2635 = ORIENTED_EDGE ( 'NONE', *, *, #6276, .F. ) ;
#2636 = EDGE_CURVE ( 'NONE', #1959, #2098, #8760, .T. ) ;
#2637 = EDGE_CURVE ( 'NONE', #3586, #3431, #6338, .T. ) ;
#2638 = EDGE_CURVE ( 'NONE', #9410, #3066, #3347, .T. ) ;
#2639 = EDGE_LOOP ( 'NONE', ( #6680, #5832, #4379, #6820, #1221 ) ) ;
#2640 = CARTESIAN_POINT ( 'NONE',  ( -32.89999999999998437, 32.38051360126998901, 4.742453916623397880 ) ) ;
#2641 = CARTESIAN_POINT ( 'NONE',  ( -20.89999999999996305, 15.00000000000001066, 18.75000000000001066 ) ) ;
#2642 = EDGE_LOOP ( 'NONE', ( #1448, #9163, #725, #8465, #7319 ) ) ;
#2643 = FACE_OUTER_BOUND ( 'NONE', #9106, .T. ) ;
#2644 = LINE ( 'NONE', #8099, #330 ) ;
#2645 = FACE_OUTER_BOUND ( 'NONE', #148, .T. ) ;
#2646 = VECTOR ( 'NONE', #2776, 1000.000000000000000 ) ;
#2647 = DIRECTION ( 'NONE',  ( 1.000000000000000000, -2.161476583036237957E-16, -5.473344771987708442E-16 ) ) ;
#2648 = CYLINDRICAL_SURFACE ( 'NONE', #2951, 3.750000000000000000 ) ;
#2649 = ORIENTED_EDGE ( 'NONE', *, *, #3399, .F. ) ;
#2650 = EDGE_CURVE ( 'NONE', #7202, #3103, #4462, .T. ) ;
#2651 = ORIENTED_EDGE ( 'NONE', *, *, #8926, .T. ) ;
#2652 = CARTESIAN_POINT ( 'NONE',  ( -32.39999999999998437, -31.91870648513825515, 3.948350868272161307 ) ) ;
#2653 = AXIS2_PLACEMENT_3D ( 'NONE', #248, #4527, #9253 ) ;
#2654 = DIRECTION ( 'NONE',  ( -1.000000000000000000, 0.000000000000000000, 0.000000000000000000 ) ) ;
#2655 = VERTEX_POINT ( 'NONE', #239 ) ;
#2656 = CARTESIAN_POINT ( 'NONE',  ( -32.89999999999998437, -31.90580101289410564, -4.448517447234819677 ) ) ;
#2657 = VECTOR ( 'NONE', #9079, 1000.000000000000000 ) ;
#2658 = DIRECTION ( 'NONE',  ( 0.000000000000000000, 1.000000000000000000, 0.000000000000000000 ) ) ;
#2659 = VERTEX_POINT ( 'NONE', #4653 ) ;
#2660 = VECTOR ( 'NONE', #1291, 999.9999999999998863 ) ;
#2661 =( NAMED_UNIT ( * ) PLANE_ANGLE_UNIT ( ) SI_UNIT ( $, .RADIAN. ) );
#2662 = CARTESIAN_POINT ( 'NONE',  ( -32.89997779355446283, -31.86760331434015825, 4.454217584173880695 ) ) ;
#2663 = VERTEX_POINT ( 'NONE', #7882 ) ;
#2664 = AXIS2_PLACEMENT_3D ( 'NONE', #1122, #4224, #4177 ) ;
#2665 = STYLED_ITEM ( 'NONE', ( #327 ), #2045 ) ;
#2666 = VECTOR ( 'NONE', #7362, 1000.000000000000000 ) ;
#2667 = ORIENTED_EDGE ( 'NONE', *, *, #1730, .F. ) ;
#2668 = CIRCLE ( 'NONE', #2031, 2.599999999999998312 ) ;
#2669 = CARTESIAN_POINT ( 'NONE',  ( -22.80000000000000782, -31.70000000000002061, 6.411973689844039266E-14 ) ) ;
#2670 = ORIENTED_EDGE ( 'NONE', *, *, #5438, .T. ) ;
#2671 = ORIENTED_EDGE ( 'NONE', *, *, #3593, .F. ) ;
#2672 = CIRCLE ( 'NONE', #3978, 1.249999999969410247 ) ;
#2673 = CARTESIAN_POINT ( 'NONE',  ( -23.49999999999995381, 16.50000000000098410, 22.99999999999998934 ) ) ;
#2674 = DIRECTION ( 'NONE',  ( 1.000000000000000000, -0.000000000000000000, -0.000000000000000000 ) ) ;
#2675 = DIRECTION ( 'NONE',  ( -1.000000000000000000, -1.175656832681595541E-18, 2.479139147737537908E-18 ) ) ;
#2676 = AXIS2_PLACEMENT_3D ( 'NONE', #6301, #4605, #8590 ) ;
#2677 = FACE_OUTER_BOUND ( 'NONE', #470, .T. ) ;
#2678 = AXIS2_PLACEMENT_3D ( 'NONE', #5610, #4151, #6490 ) ;
#2679 = ORIENTED_EDGE ( 'NONE', *, *, #1490, .F. ) ;
#2680 = FACE_OUTER_BOUND ( 'NONE', #7027, .T. ) ;
#2681 = FACE_OUTER_BOUND ( 'NONE', #2561, .T. ) ;
#2682 = FACE_OUTER_BOUND ( 'NONE', #7877, .T. ) ;
#2683 = DIRECTION ( 'NONE',  ( 1.000000000000000000, 1.175656832681595541E-18, -2.479139147737537908E-18 ) ) ;
#2684 = AXIS2_PLACEMENT_3D ( 'NONE', #9866, #9162, #7667 ) ;
#2685 = ADVANCED_FACE ( 'NONE', ( #6995, #1039 ), #43, .F. ) ;
#2686 = FACE_BOUND ( 'NONE', #2472, .T. ) ;
#2687 = AXIS2_PLACEMENT_3D ( 'NONE', #1608, #4667, #7706 ) ;
#2688 = CARTESIAN_POINT ( 'NONE',  ( -30.69999999999998508, 31.70000000000099050, 1.122672735346120984E-13 ) ) ;
#2689 = CARTESIAN_POINT ( 'NONE',  ( -29.29999999999996874, 19.23500000000001009, 19.23500000000001364 ) ) ;
#2690 = VERTEX_POINT ( 'NONE', #4702 ) ;
#2691 = AXIS2_PLACEMENT_3D ( 'NONE', #1644, #8582, #1744 ) ;
#2692 = ORIENTED_EDGE ( 'NONE', *, *, #8510, .T. ) ;
#2693 = DIRECTION ( 'NONE',  ( 1.000000000000000000, -4.440892098500626162E-16, -2.121142188857532135E-16 ) ) ;
#2694 = VECTOR ( 'NONE', #3263, 1000.000000000000000 ) ;
#2695 = DIRECTION ( 'NONE',  ( 1.348081413631192369E-15, 1.000000000000000000, 0.000000000000000000 ) ) ;
#2696 = VERTEX_POINT ( 'NONE', #945 ) ;
#2697 = CARTESIAN_POINT ( 'NONE',  ( -31.79999999999998650, -6.549999999998864730, -36.76039406148827027 ) ) ;
#2698 = CARTESIAN_POINT ( 'NONE',  ( -32.89999999999998437, -32.41679608718622063, 4.999200978870625534 ) ) ;
#2699 = CARTESIAN_POINT ( 'NONE',  ( -33.70000000000000995, -30.61959168403987874, -2.115027865327850698 ) ) ;
#2700 = AXIS2_PLACEMENT_3D ( 'NONE', #1178, #1781, #481 ) ;
#2701 = EDGE_CURVE ( 'NONE', #6704, #5114, #4052, .T. ) ;
#2702 = EDGE_CURVE ( 'NONE', #5662, #981, #4804, .T. ) ;
#2703 = AXIS2_PLACEMENT_3D ( 'NONE', #4859, #8643, #7098 ) ;
#2704 = CARTESIAN_POINT ( 'NONE',  ( -25.19999999999996376, 17.72403791909884418, 20.90202088431324867 ) ) ;
#2705 = DIRECTION ( 'NONE',  ( 1.000000000000000000, -4.440892098500626162E-16, -2.121142188857532135E-16 ) ) ;
#2706 = VERTEX_POINT ( 'NONE', #893 ) ;
#2707 = EDGE_LOOP ( 'NONE', ( #255, #5741, #7896, #8706 ) ) ;
#2708 = CARTESIAN_POINT ( 'NONE',  ( -23.49999999999998579, -16.24999999999879208, 15.00000000000014921 ) ) ;
#2709 = AXIS2_PLACEMENT_3D ( 'NONE', #3317, #5024, #4974 ) ;
#2710 = CARTESIAN_POINT ( 'NONE',  ( -29.29999999999997939, 19.23330444827511698, -19.23330444827406538 ) ) ;
#2711 = EDGE_LOOP ( 'NONE', ( #4904, #7000 ) ) ;
#2712 = DIRECTION ( 'NONE',  ( 0.000000000000000000, -1.000000000000000000, 0.000000000000000000 ) ) ;
#2713 = CARTESIAN_POINT ( 'NONE',  ( -32.89999999999998437, -32.41889583625638238, 4.948350868272150649 ) ) ;
#2714 = ORIENTED_EDGE ( 'NONE', *, *, #7183, .T. ) ;
#2715 = SURFACE_STYLE_USAGE ( .BOTH. , #8209 ) ;
#2716 = EDGE_CURVE ( 'NONE', #225, #2265, #4947, .T. ) ;
#2717 = EDGE_CURVE ( 'NONE', #3282, #8818, #6229, .T. ) ;
#2718 = PRESENTATION_STYLE_ASSIGNMENT (( #6525 ) ) ;
#2719 = CARTESIAN_POINT ( 'NONE',  ( -32.90275887879866445, -31.89830651471456235, 4.158252930508496981 ) ) ;
#2720 = ORIENTED_EDGE ( 'NONE', *, *, #7361, .F. ) ;
#2721 = AXIS2_PLACEMENT_3D ( 'NONE', #17, #9160, #2311 ) ;
#2722 = VERTEX_POINT ( 'NONE', #848 ) ;
#2723 = EDGE_LOOP ( 'NONE', ( #3362, #4274, #1121, #2866 ) ) ;
#2724 = CARTESIAN_POINT ( 'NONE',  ( -30.69999999999998508, -31.69999999999900808, -1.344211600348408837E-13 ) ) ;
#2725 = EDGE_LOOP ( 'NONE', ( #6729, #8817 ) ) ;
#2726 = ORIENTED_EDGE ( 'NONE', *, *, #6025, .F. ) ;
#2727 = AXIS2_PLACEMENT_3D ( 'NONE', #2252, #655, #8393 ) ;
#2728 = EDGE_CURVE ( 'NONE', #7601, #2969, #9246, .T. ) ;
#2729 = DIRECTION ( 'NONE',  ( 1.000000000000000000, -1.348081413631192369E-15, -3.190558386184555325E-16 ) ) ;
#2730 = EDGE_CURVE ( 'NONE', #3066, #3608, #8485, .T. ) ;
#2731 = DIRECTION ( 'NONE',  ( 4.440892098500626162E-16, 1.000000000000000000, 0.000000000000000000 ) ) ;
#2732 = FACE_OUTER_BOUND ( 'NONE', #3934, .T. ) ;
#2733 = FACE_OUTER_BOUND ( 'NONE', #2271, .T. ) ;
#2734 = AXIS2_PLACEMENT_3D ( 'NONE', #4591, #2884, #1441 ) ;
#2735 = EDGE_LOOP ( 'NONE', ( #5761, #8274, #3625, #4212, #3667, #5321, #3942, #8471, #8397, #2855, #5290, #8962 ) ) ;
#2736 = CARTESIAN_POINT ( 'NONE',  ( -23.49999999999997868, 9.923209738074772923E-13, -1.224778599053717888E-14 ) ) ;
#2737 = DIRECTION ( 'NONE',  ( -0.000000000000000000, -0.5437741451046758101, -0.8392316004034160448 ) ) ;
#2738 = CARTESIAN_POINT ( 'NONE',  ( -42.91599376778210484, 32.95528202195200151, -4.779057109270961057 ) ) ;
#2739 = CYLINDRICAL_SURFACE ( 'NONE', #4803, 3.750000000000000000 ) ;
#2740 = CARTESIAN_POINT ( 'NONE',  ( -25.19999999999998153, 9.930759254642223180E-13, -1.188719181843139373E-14 ) ) ;
#2741 = DIRECTION ( 'NONE',  ( 1.000000000000000000, -0.000000000000000000, -0.000000000000000000 ) ) ;
#2742 = CARTESIAN_POINT ( 'NONE',  ( -32.89999999999998437, -19.97977099735857109, -26.01674828253143801 ) ) ;
#2743 = VERTEX_POINT ( 'NONE', #3192 ) ;
#2744 = ORIENTED_EDGE ( 'NONE', *, *, #7867, .T. ) ;
#2745 = FACE_OUTER_BOUND ( 'NONE', #1651, .T. ) ;
#2746 = DIRECTION ( 'NONE',  ( 1.353609985042508482E-15, 1.000000000000000000, 0.000000000000000000 ) ) ;
#2747 = VERTEX_POINT ( 'NONE', #5604 ) ;
#2748 = PLANE ( 'NONE',  #1879 ) ;
#2749 = CARTESIAN_POINT ( 'NONE',  ( -32.39999999999631086, 33.14147468682243414, -0.07405444337430056034 ) ) ;
#2750 = DIRECTION ( 'NONE',  ( 0.000000000000000000, 1.000000000000000000, -2.040851148208007998E-15 ) ) ;
#2751 = VECTOR ( 'NONE', #1120, 1000.000000000000000 ) ;
#2752 = CARTESIAN_POINT ( 'NONE',  ( -30.69999999999998863, -33.87364542785547883, -2.950000000000143174 ) ) ;
#2753 = DIRECTION ( 'NONE',  ( 0.000000000000000000, -1.000000000000000000, 0.000000000000000000 ) ) ;
#2754 = VERTEX_POINT ( 'NONE', #3950 ) ;
#2755 = ORIENTED_EDGE ( 'NONE', *, *, #3751, .T. ) ;
#2756 = DIRECTION ( 'NONE',  ( 0.000000000000000000, 0.5437741451046758101, 0.8392316004034160448 ) ) ;
#2757 = VECTOR ( 'NONE', #1460, 1000.000000000000000 ) ;
#2758 = ADVANCED_FACE ( 'NONE', ( #5506, #6250 ), #9288, .F. ) ;
#2759 = ADVANCED_FACE ( 'NONE', ( #7045 ), #193, .F. ) ;
#2760 = DIRECTION ( 'NONE',  ( 1.000000000000000000, -1.348081413631192369E-15, -3.190558386184555325E-16 ) ) ;
#2761 = ORIENTED_EDGE ( 'NONE', *, *, #484, .F. ) ;
#2762 = DIRECTION ( 'NONE',  ( 0.000000000000000000, 0.7416517493508463232, -0.6707851240783663238 ) ) ;
#2763 = DIRECTION ( 'NONE',  ( -1.000000000000000000, 2.161476583036224152E-16, 5.473344771987640402E-16 ) ) ;
#2764 = ORIENTED_EDGE ( 'NONE', *, *, #4184, .T. ) ;
#2765 = CARTESIAN_POINT ( 'NONE',  ( -1.000000000000046629, -34.50000000000000000, -9.877608711210287581E-46 ) ) ;
#2766 = AXIS2_PLACEMENT_3D ( 'NONE', #580, #4232, #8173 ) ;
#2767 = DIRECTION ( 'NONE',  ( 1.000000000000000000, -4.440892098500626162E-16, -2.121142188857532135E-16 ) ) ;
#2768 = ORIENTED_EDGE ( 'NONE', *, *, #974, .T. ) ;
#2769 = ORIENTED_EDGE ( 'NONE', *, *, #1478, .T. ) ;
#2770 = ORIENTED_EDGE ( 'NONE', *, *, #9574, .T. ) ;
#2771 = EDGE_CURVE ( 'NONE', #9336, #9098, #1883, .T. ) ;
#2772 = EDGE_CURVE ( 'NONE', #4528, #4360, #8128, .T. ) ;
#2773 = DIRECTION ( 'NONE',  ( -1.000000000000000000, 4.440892098493159100E-16, 2.121142188919197885E-16 ) ) ;
#2774 = ORIENTED_EDGE ( 'NONE', *, *, #8705, .T. ) ;
#2775 = ORIENTED_EDGE ( 'NONE', *, *, #3964, .T. ) ;
#2776 = DIRECTION ( 'NONE',  ( 1.000000000000000000, -1.348081413631192369E-15, -3.190558386184555325E-16 ) ) ;
#2777 = DIRECTION ( 'NONE',  ( 5.102127870520021968E-16, 0.000000000000000000, 1.000000000000000000 ) ) ;
#2778 = CARTESIAN_POINT ( 'NONE',  ( -33.89999999999997016, 15.00000000000098943, 14.99999999999992895 ) ) ;
#2779 = CYLINDRICAL_SURFACE ( 'NONE', #2140, 5.000000000000001776 ) ;
#2780 = EDGE_CURVE ( 'NONE', #5333, #7173, #4240, .T. ) ;
#2781 = ORIENTED_EDGE ( 'NONE', *, *, #7451, .F. ) ;
#2782 = DIRECTION ( 'NONE',  ( 0.000000000000000000, 0.000000000000000000, 1.000000000000000000 ) ) ;
#2783 = CARTESIAN_POINT ( 'NONE',  ( -23.49999999999997513, 18.43330444827512338, -19.23330444827406538 ) ) ;
#2784 = CYLINDRICAL_SURFACE ( 'NONE', #1142, 1.649999999999995248 ) ;
#2785 = VECTOR ( 'NONE', #1040, 1000.000000000000000 ) ;
#2786 = CARTESIAN_POINT ( 'NONE',  ( -29.29999999999999716, -20.90202088431252392, -17.72403791909772508 ) ) ;
#2787 = LINE ( 'NONE', #2632, #275 ) ;
#2788 = DIRECTION ( 'NONE',  ( 0.000000000000000000, 0.000000000000000000, -1.000000000000000000 ) ) ;
#2789 = CARTESIAN_POINT ( 'NONE',  ( -32.89999999999999858, -18.84531716976027127, -26.86231155327534381 ) ) ;
#2790 = ORIENTED_EDGE ( 'NONE', *, *, #7099, .T. ) ;
#2791 = CIRCLE ( 'NONE', #4091, 1.599999999999998979 ) ;
#2792 = EDGE_LOOP ( 'NONE', ( #2445, #3687, #4363, #722, #760, #6432, #7697, #681, #567, #9750, #6031, #2498, #1051 ) ) ;
#2793 = LINE ( 'NONE', #1157, #5562 ) ;
#2794 = ORIENTED_EDGE ( 'NONE', *, *, #6086, .T. ) ;
#2795 = LINE ( 'NONE', #5668, #8899 ) ;
#2796 = DIRECTION ( 'NONE',  ( 1.000000000000000000, -1.348081413631192369E-15, -3.190558386184555325E-16 ) ) ;
#2797 = CARTESIAN_POINT ( 'NONE',  ( -32.89999999999999147, -6.731588752650496548E-08, 32.79999999999892424 ) ) ;
#2798 = DIRECTION ( 'NONE',  ( 0.000000000000000000, -1.040834085586084257E-14, 1.000000000000000000 ) ) ;
#2799 = DIRECTION ( 'NONE',  ( -0.000000000000000000, 0.5437741451046754770, 0.8392316004034162669 ) ) ;
#2800 = EDGE_LOOP ( 'NONE', ( #7911, #4951, #1155, #5413 ) ) ;
#2801 = ORIENTED_EDGE ( 'NONE', *, *, #6164, .F. ) ;
#2802 = CARTESIAN_POINT ( 'NONE',  ( -22.89999999999998082, 9.902059989455662479E-13, 33.29999999999996163 ) ) ;
#2803 = CARTESIAN_POINT ( 'NONE',  ( -33.89999999999998437, -14.99999999999888978, -12.40000000000007141 ) ) ;
#2804 = EDGE_LOOP ( 'NONE', ( #2105, #909, #9245, #4068 ) ) ;
#2805 = DIRECTION ( 'NONE',  ( 1.000000000000000000, -1.348081413631192369E-15, -3.190558386184555325E-16 ) ) ;
#2806 = CARTESIAN_POINT ( 'NONE',  ( -33.69999999999999574, 30.91512962736362624, -1.211326476013526943 ) ) ;
#2807 = AXIS2_PLACEMENT_3D ( 'NONE', #7740, #891, #4748 ) ;
#2808 = EDGE_LOOP ( 'NONE', ( #2913, #2764, #8293, #6291 ) ) ;
#2809 = DIRECTION ( 'NONE',  ( -1.000000000000000000, 4.440892098500626162E-16, 2.121142188857532135E-16 ) ) ;
#2810 = DIRECTION ( 'NONE',  ( 0.000000000000000000, 1.000000000000000000, 0.000000000000000000 ) ) ;
#2811 = EDGE_CURVE ( 'NONE', #8966, #581, #494, .T. ) ;
#2812 = ORIENTED_EDGE ( 'NONE', *, *, #587, .T. ) ;
#2813 = CIRCLE ( 'NONE', #8079, 1.249999999969348519 ) ;
#2814 = ORIENTED_EDGE ( 'NONE', *, *, #5045, .T. ) ;
#2815 = ORIENTED_EDGE ( 'NONE', *, *, #7616, .T. ) ;
#2816 = CARTESIAN_POINT ( 'NONE',  ( -21.60000000000000142, 8.064590685340961693E-15, 1.113758879175237781E-14 ) ) ;
#2817 = VERTEX_POINT ( 'NONE', #9587 ) ;
#2818 = ORIENTED_EDGE ( 'NONE', *, *, #5119, .T. ) ;
#2819 = AXIS2_PLACEMENT_3D ( 'NONE', #5155, #6048, #9087 ) ;
#2820 = TOROIDAL_SURFACE ( 'NONE', #9689, 32.79999999999988347, 0.4999999999999908962 ) ;
#2821 = LINE ( 'NONE', #1378, #2181 ) ;
#2822 = EDGE_CURVE ( 'NONE', #6778, #4613, #951, .T. ) ;
#2823 = AXIS2_PLACEMENT_3D ( 'NONE', #5373, #1563, #9112 ) ;
#2824 = AXIS2_PLACEMENT_3D ( 'NONE', #8382, #88, #6197 ) ;
#2825 = ADVANCED_FACE ( 'NONE', ( #9433 ), #340, .F. ) ;
#2826 = EDGE_CURVE ( 'NONE', #3455, #7003, #9089, .T. ) ;
#2827 = DIRECTION ( 'NONE',  ( 0.000000000000000000, 1.000000000000000000, 0.000000000000000000 ) ) ;
#2828 = DIRECTION ( 'NONE',  ( 0.000000000000000000, 0.000000000000000000, -1.000000000000000000 ) ) ;
#2829 = VECTOR ( 'NONE', #1612, 1000.000000000000114 ) ;
#2830 = VECTOR ( 'NONE', #8744, 999.9999999999998863 ) ;
#2831 = DIRECTION ( 'NONE',  ( 0.000000000000000000, 1.000000000000000000, 0.000000000000000000 ) ) ;
#2832 = CIRCLE ( 'NONE', #4445, 1.000000000000000888 ) ;
#2833 = DIRECTION ( 'NONE',  ( 1.314184451497584957E-15, 1.000000000000000000, 0.000000000000000000 ) ) ;
#2834 = CARTESIAN_POINT ( 'NONE',  ( -22.80000000000000782, -31.70000000000002061, 6.411973689844039266E-14 ) ) ;
#2835 = AXIS2_PLACEMENT_3D ( 'NONE', #5850, #9591, #5050 ) ;
#2836 = CARTESIAN_POINT ( 'NONE',  ( -22.80000000001791705, -31.70000000000002061, 1.500000000004014344 ) ) ;
#2837 = ADVANCED_FACE ( 'NONE', ( #2732, #8722 ), #8029, .F. ) ;
#2838 = EDGE_CURVE ( 'NONE', #8309, #1325, #8875, .T. ) ;
#2839 = CYLINDRICAL_SURFACE ( 'NONE', #6819, 33.99999999999999289 ) ;
#2840 = MECHANICAL_DESIGN_GEOMETRIC_PRESENTATION_REPRESENTATION (  '', ( #8118 ), #4611 ) ;
#2841 = DIRECTION ( 'NONE',  ( 9.251858538542971828E-16, 0.000000000000000000, 1.000000000000000000 ) ) ;
#2842 = FACE_OUTER_BOUND ( 'NONE', #9449, .T. ) ;
#2843 = ORIENTED_EDGE ( 'NONE', *, *, #5945, .T. ) ;
#2844 = VERTEX_POINT ( 'NONE', #2029 ) ;
#2845 = CYLINDRICAL_SURFACE ( 'NONE', #2367, 33.99999999999999289 ) ;
#2846 = ORIENTED_EDGE ( 'NONE', *, *, #5489, .F. ) ;
#2847 = CARTESIAN_POINT ( 'NONE',  ( -33.70000000000000284, 32.78040843100725965, -2.115027806486009077 ) ) ;
#2848 = AXIS2_PLACEMENT_3D ( 'NONE', #4626, #6721, #3016 ) ;
#2849 = DIRECTION ( 'NONE',  ( 0.000000000000000000, 0.000000000000000000, -1.000000000000000000 ) ) ;
#2850 = CARTESIAN_POINT ( 'NONE',  ( -29.49999999999997158, 32.95000000000096918, -9.836533232231368729E-15 ) ) ;
#2851 = EDGE_CURVE ( 'NONE', #1224, #4770, #8129, .T. ) ;
#2852 = VECTOR ( 'NONE', #8178, 1000.000000000000000 ) ;
#2853 = CARTESIAN_POINT ( 'NONE',  ( -32.89999999999994884, -31.15817553141678431, -10.24734672165129901 ) ) ;
#2854 = DIRECTION ( 'NONE',  ( 1.000000000000000000, -4.440892098500626162E-16, -2.121142188857532135E-16 ) ) ;
#2855 = ORIENTED_EDGE ( 'NONE', *, *, #701, .F. ) ;
#2856 = VERTEX_POINT ( 'NONE', #9476 ) ;
#2857 = LINE ( 'NONE', #7453, #2757 ) ;
#2858 = DIRECTION ( 'NONE',  ( 1.000000000000000000, -1.348081413631192369E-15, -3.190558386184555325E-16 ) ) ;
#2859 = VERTEX_POINT ( 'NONE', #8677 ) ;
#2860 = DIRECTION ( 'NONE',  ( -0.000000000000000000, 0.9986829581603673400, -0.05130642338009983039 ) ) ;
#2861 = CIRCLE ( 'NONE', #8770, 30.75000000000000000 ) ;
#2862 = CARTESIAN_POINT ( 'NONE',  ( -29.29999999999998295, 15.00000000000016875, -11.24999999999982769 ) ) ;
#2863 = VERTEX_POINT ( 'NONE', #2623 ) ;
#2864 = CARTESIAN_POINT ( 'NONE',  ( -32.89999999999998437, 6.600000000001118750, -1.406412815393014483E-13 ) ) ;
#2865 = CARTESIAN_POINT ( 'NONE',  ( -30.99999999999998579, -6.549999999998881606, -32.64946400785169800 ) ) ;
#2866 = ORIENTED_EDGE ( 'NONE', *, *, #6790, .F. ) ;
#2867 = VECTOR ( 'NONE', #5233, 1000.000000000000000 ) ;
#2868 = VERTEX_POINT ( 'NONE', #5691 ) ;
#2869 = DIRECTION ( 'NONE',  ( 1.000000000000000000, -1.348081413631192369E-15, -3.190558386184555325E-16 ) ) ;
#2870 = ORIENTED_EDGE ( 'NONE', *, *, #5856, .T. ) ;
#2871 = CARTESIAN_POINT ( 'NONE',  ( -30.90000000000000213, -9.499999999999989342, -28.98275349237886545 ) ) ;
#2872 = ORIENTED_EDGE ( 'NONE', *, *, #1252, .T. ) ;
#2873 = ORIENTED_EDGE ( 'NONE', *, *, #205, .F. ) ;
#2874 = EDGE_CURVE ( 'NONE', #1752, #3885, #4792, .T. ) ;
#2875 = AXIS2_PLACEMENT_3D ( 'NONE', #7619, #8320, #5191 ) ;
#2876 = LINE ( 'NONE', #5941, #2657 ) ;
#2877 = CIRCLE ( 'NONE', #8311, 0.4999999999999952260 ) ;
#2878 = DIRECTION ( 'NONE',  ( 0.000000000000000000, 0.000000000000000000, 1.000000000000000000 ) ) ;
#2879 = FACE_OUTER_BOUND ( 'NONE', #6029, .T. ) ;
#2880 = AXIS2_PLACEMENT_3D ( 'NONE', #9846, #4609, #705 ) ;
#2881 = ADVANCED_FACE ( 'NONE', ( #4948 ), #1188, .F. ) ;
#2882 = ADVANCED_FACE ( 'NONE', ( #7236 ), #7134, .F. ) ;
#2883 = CARTESIAN_POINT ( 'NONE',  ( -32.39999999999753300, 31.04339568581389841, 1.285380919387389964 ) ) ;
#2884 = DIRECTION ( 'NONE',  ( -1.175656832681585912E-18, 1.000000000000000000, 3.890984756615977524E-15 ) ) ;
#2885 = CARTESIAN_POINT ( 'NONE',  ( -22.89999999999999503, -33.29999999999900240, -1.237505452186862588E-14 ) ) ;
#2886 = LINE ( 'NONE', #5949, #7171 ) ;
#2887 = CIRCLE ( 'NONE', #350, 0.7999999999999917177 ) ;
#2888 = DIRECTION ( 'NONE',  ( 1.000000000000000000, -4.440892098500626162E-16, -2.121142188857532135E-16 ) ) ;
#2889 = CARTESIAN_POINT ( 'NONE',  ( -32.89999997880369165, -26.66936658271627891, -19.09435847735773351 ) ) ;
#2890 = ORIENTED_EDGE ( 'NONE', *, *, #1253, .F. ) ;
#2891 = ORIENTED_EDGE ( 'NONE', *, *, #8998, .F. ) ;
#2892 = ADVANCED_FACE ( 'NONE', ( #6484 ), #3492, .F. ) ;
#2893 = EDGE_CURVE ( 'NONE', #7799, #6268, #7927, .T. ) ;
#2894 = EDGE_CURVE ( 'NONE', #2262, #414, #1286, .T. ) ;
#2895 = FACE_OUTER_BOUND ( 'NONE', #7473, .T. ) ;
#2896 = VERTEX_POINT ( 'NONE', #2129 ) ;
#2897 = FACE_OUTER_BOUND ( 'NONE', #9560, .T. ) ;
#2898 = AXIS2_PLACEMENT_3D ( 'NONE', #3935, #4735, #927 ) ;
#2899 = DIRECTION ( 'NONE',  ( -1.000000000000000000, 1.348181831873279409E-15, 3.205467292565838918E-16 ) ) ;
#2900 = CARTESIAN_POINT ( 'NONE',  ( -22.99999999999999645, -32.48544952681287867, 0.9724037437341176426 ) ) ;
#2901 = ORIENTED_EDGE ( 'NONE', *, *, #8679, .F. ) ;
#2902 = DIRECTION ( 'NONE',  ( 0.000000000000000000, 1.000000000000000000, 0.000000000000000000 ) ) ;
#2903 = EDGE_LOOP ( 'NONE', ( #3463, #5829, #9037, #7331, #1054 ) ) ;
#2904 = ORIENTED_EDGE ( 'NONE', *, *, #6486, .F. ) ;
#2905 = CARTESIAN_POINT ( 'NONE',  ( -32.89999996643420843, 24.17193565090732221, 22.25578214561236123 ) ) ;
#2906 = ADVANCED_FACE ( 'NONE', ( #3741 ), #4540, .F. ) ;
#2907 = DIRECTION ( 'NONE',  ( -0.000000000000000000, -0.9996668420752115036, 0.02581094448822380746 ) ) ;
#2908 = ORIENTED_EDGE ( 'NONE', *, *, #9088, .F. ) ;
#2909 = EDGE_CURVE ( 'NONE', #9111, #6268, #2381, .T. ) ;
#2910 = DIRECTION ( 'NONE',  ( -1.000000000000000000, -1.175656832681595541E-18, 2.479139147737537908E-18 ) ) ;
#2911 = CIRCLE ( 'NONE', #5953, 2.249999999999998668 ) ;
#2912 = FACE_OUTER_BOUND ( 'NONE', #3570, .T. ) ;
#2913 = ORIENTED_EDGE ( 'NONE', *, *, #5735, .T. ) ;
#2914 = DIRECTION ( 'NONE',  ( -1.000000000000000000, 4.440892098500626162E-16, 2.121142188857532135E-16 ) ) ;
#2915 = LINE ( 'NONE', #2071, #113 ) ;
#2916 = VERTEX_POINT ( 'NONE', #8979 ) ;
#2917 = AXIS2_PLACEMENT_3D ( 'NONE', #1315, #9760, #9052 ) ;
#2918 = VERTEX_POINT ( 'NONE', #9026 ) ;
#2919 = DIRECTION ( 'NONE',  ( 1.000000000000000000, -1.348081413631192369E-15, -3.190558386184555325E-16 ) ) ;
#2920 = EDGE_LOOP ( 'NONE', ( #8824, #5209, #6552, #8268 ) ) ;
#2921 = CYLINDRICAL_SURFACE ( 'NONE', #5187, 1.249999999999992450 ) ;
#2922 = EDGE_LOOP ( 'NONE', ( #3058, #9072, #1947, #6530 ) ) ;
#2923 = CARTESIAN_POINT ( 'NONE',  ( -32.89999999999995595, -6.963487655900897799, 32.05229896709161608 ) ) ;
#2924 = ORIENTED_EDGE ( 'NONE', *, *, #9821, .F. ) ;
#2925 =( LENGTH_UNIT ( ) NAMED_UNIT ( * ) SI_UNIT ( .MILLI., .METRE. ) );
#2926 = DIRECTION ( 'NONE',  ( -1.000000000000000000, 1.348081413631192369E-15, 3.190558386184555325E-16 ) ) ;
#2927 = DIRECTION ( 'NONE',  ( -0.9999545279578864188, 0.0002461422616284466929, -0.009533175258416255043 ) ) ;
#2928 = DIRECTION ( 'NONE',  ( -8.825547355056099929E-16, 0.000000000000000000, -1.000000000000000000 ) ) ;
#2929 = CARTESIAN_POINT ( 'NONE',  ( -39.92017501842906313, -30.97598580441540861, 4.492026652257679942 ) ) ;
#2930 = DIRECTION ( 'NONE',  ( 1.000000000000000000, -4.440892098500626162E-16, -2.121142188857532135E-16 ) ) ;
#2931 = DIRECTION ( 'NONE',  ( 1.000000000000000000, -4.440892098500626162E-16, -2.121142188857532135E-16 ) ) ;
#2932 = CARTESIAN_POINT ( 'NONE',  ( -29.29999999999999716, -20.90202088431252392, -17.72403791909772508 ) ) ;
#2933 = CARTESIAN_POINT ( 'NONE',  ( -20.89999999999999503, -19.23499999999999233, -20.48499999999997456 ) ) ;
#2934 = EDGE_CURVE ( 'NONE', #1400, #1179, #5298, .T. ) ;
#2935 = DIRECTION ( 'NONE',  ( 0.000000000000000000, -1.000000000000000000, 0.000000000000000000 ) ) ;
#2936 = ADVANCED_FACE ( 'NONE', ( #9781 ), #5198, .F. ) ;
#2937 = CARTESIAN_POINT ( 'NONE',  ( -32.90000000061427698, -25.91327602787394824, -20.10970696553855674 ) ) ;
#2938 = ORIENTED_EDGE ( 'NONE', *, *, #7126, .F. ) ;
#2939 = ORIENTED_EDGE ( 'NONE', *, *, #9271, .T. ) ;
#2940 = CIRCLE ( 'NONE', #5203, 0.5000000000000022204 ) ;
#2941 = CARTESIAN_POINT ( 'NONE',  ( -28.99999999999998934, 15.00000000000089706, -12.40000000000005365 ) ) ;
#2942 = ORIENTED_EDGE ( 'NONE', *, *, #3277, .F. ) ;
#2943 =( BOUNDED_SURFACE ( )  B_SPLINE_SURFACE ( 3, 3, ( 
 ( #4321, #3522, #6654, #8004 ),
 ( #9705, #8955, #2103, #5172 ),
 ( #8199, #608, #5458, #7741 ),
 ( #5400, #794, #8430, #3190 ) ),
 .UNSPECIFIED., .F., .F., .T. ) 
 B_SPLINE_SURFACE_WITH_KNOTS ( ( 4, 4 ),
 ( 4, 4 ),
 ( 0.000000000000000000, 1.000000000000000000 ),
 ( 0.000000000000000000, 1.000000000000000000 ),
 .UNSPECIFIED. ) 
 GEOMETRIC_REPRESENTATION_ITEM ( )  RATIONAL_B_SPLINE_SURFACE ( (
 ( 1.000000000000000000, 0.9999444713666300055, 0.9999444713666300055, 1.000000000000000000),
 ( 0.8025111867385936737, 0.8024666243891299677, 0.8024666243891299677, 0.8025111867385936737),
 ( 0.8025111867385936737, 0.8024666243891299677, 0.8024666243891299677, 0.8025111867385936737),
 ( 1.000000000000000000, 0.9999444713666300055, 0.9999444713666300055, 1.000000000000000000) ) ) 
 REPRESENTATION_ITEM ( '' )  SURFACE ( )  );
#2944 = DIRECTION ( 'NONE',  ( 1.000000000000000000, -4.440892098500626162E-16, -2.121142188857532135E-16 ) ) ;
#2945 = FACE_OUTER_BOUND ( 'NONE', #4938, .T. ) ;
#2946 = DIRECTION ( 'NONE',  ( 0.000000000000000000, 0.000000000000000000, 1.000000000000000000 ) ) ;
#2947 = EDGE_CURVE ( 'NONE', #650, #6488, #1103, .T. ) ;
#2948 = ORIENTED_EDGE ( 'NONE', *, *, #6684, .F. ) ;
#2949 = EDGE_CURVE ( 'NONE', #7109, #7966, #9080, .T. ) ;
#2950 = EDGE_CURVE ( 'NONE', #6774, #2526, #6690, .T. ) ;
#2951 = AXIS2_PLACEMENT_3D ( 'NONE', #1857, #2559, #5626 ) ;
#2952 = CARTESIAN_POINT ( 'NONE',  ( -25.19999999999996376, 17.50000000000098765, 22.99999999999998934 ) ) ;
#2953 = VERTEX_POINT ( 'NONE', #4493 ) ;
#2954 = ORIENTED_EDGE ( 'NONE', *, *, #8159, .T. ) ;
#2955 = CARTESIAN_POINT ( 'NONE',  ( -32.89999996492718282, 22.81333588593242467, 23.64644320831234481 ) ) ;
#2956 = DIRECTION ( 'NONE',  ( 1.000000000000000000, -1.348081413631192369E-15, -3.190558386184555325E-16 ) ) ;
#2957 = ORIENTED_EDGE ( 'NONE', *, *, #9728, .T. ) ;
#2958 = CARTESIAN_POINT ( 'NONE',  ( -29.49999999999999289, -32.90690173235618943, 5.101550585556124062 ) ) ;
#2959 = PLANE ( 'NONE',  #6404 ) ;
#2960 = ORIENTED_EDGE ( 'NONE', *, *, #4113, .F. ) ;
#2961 = DIRECTION ( 'NONE',  ( 1.000000000000000000, -4.440892098500626162E-16, -2.121142188857532135E-16 ) ) ;
#2962 = CARTESIAN_POINT ( 'NONE',  ( -29.29999999999995808, 19.23330444827523777, 19.23330444827390906 ) ) ;
#2963 = EDGE_CURVE ( 'NONE', #2747, #2706, #3022, .T. ) ;
#2964 = VERTEX_POINT ( 'NONE', #6686 ) ;
#2965 = EDGE_LOOP ( 'NONE', ( #7920, #4033, #222, #4551 ) ) ;
#2966 = DIRECTION ( 'NONE',  ( 0.000000000000000000, -1.000000000000000000, 0.000000000000000000 ) ) ;
#2967 = ORIENTED_EDGE ( 'NONE', *, *, #3083, .F. ) ;
#2968 = CARTESIAN_POINT ( 'NONE',  ( -29.29999999999998650, -20.90202088431246352, 17.72403791909764337 ) ) ;
#2969 = VERTEX_POINT ( 'NONE', #9831 ) ;
#2970 = CARTESIAN_POINT ( 'NONE',  ( -32.89999973590764171, -10.15613934024498732, 31.18871505756818507 ) ) ;
#2971 = ORIENTED_EDGE ( 'NONE', *, *, #7192, .T. ) ;
#2972 = CARTESIAN_POINT ( 'NONE',  ( -30.89999999999998437, 29.11588541666668917, -4.745020168928371973 ) ) ;
#2973 = MECHANICAL_DESIGN_GEOMETRIC_PRESENTATION_REPRESENTATION (  '', ( #8719 ), #2016 ) ;
#2974 = PRESENTATION_LAYER_ASSIGNMENT (  '', '', ( #6646 ) ) ;
#2975 = EDGE_CURVE ( 'NONE', #197, #366, #1269, .T. ) ;
#2976 = CARTESIAN_POINT ( 'NONE',  ( -33.40000000002874003, -31.79094230992149406, -1.347683215007817348E-13 ) ) ;
#2977 = FACE_OUTER_BOUND ( 'NONE', #1375, .T. ) ;
#2978 = CIRCLE ( 'NONE', #9523, 0.3749999999999999445 ) ;
#2979 = CARTESIAN_POINT ( 'NONE',  ( -23.49999999999998579, -14.99999999999880096, 15.00000000000014921 ) ) ;
#2980 = PRESENTATION_LAYER_ASSIGNMENT (  '', '', ( #8719 ) ) ;
#2981 = CARTESIAN_POINT ( 'NONE',  ( -32.69510622155179647, -31.90149751653932242, 3.948461927080701539 ) ) ;
#2982 = DIRECTION ( 'NONE',  ( 0.000000000000000000, -1.000000000000000000, 0.000000000000000000 ) ) ;
#2983 = AXIS2_PLACEMENT_3D ( 'NONE', #5645, #7881, #1139 ) ;
#2984 = DIRECTION ( 'NONE',  ( -1.000000000000000000, -1.175656832681595541E-18, 2.479139147737537908E-18 ) ) ;
#2985 = CARTESIAN_POINT ( 'NONE',  ( -30.69999999999998508, -34.33129643109947438, 3.407651003243802101 ) ) ;
#2986 = AXIS2_PLACEMENT_3D ( 'NONE', #9448, #8742, #2695 ) ;
#2987 = CARTESIAN_POINT ( 'NONE',  ( -33.89999999999997016, 12.45000000000099227, 14.99999999999992717 ) ) ;
#2988 = CARTESIAN_POINT ( 'NONE',  ( -32.89999990458139223, -25.04353242826046611, -21.18352735474735837 ) ) ;
#2989 = VERTEX_POINT ( 'NONE', #2280 ) ;
#2990 = AXIS2_PLACEMENT_3D ( 'NONE', #3110, #6224, #7813 ) ;
#2991 = AXIS2_PLACEMENT_3D ( 'NONE', #1779, #7971, #8767 ) ;
#2992 = ORIENTED_EDGE ( 'NONE', *, *, #5664, .F. ) ;
#2993 = AXIS2_PLACEMENT_3D ( 'NONE', #1845, #250, #6308 ) ;
#2994 = LINE ( 'NONE', #2941, #6524 ) ;
#2995 = AXIS2_PLACEMENT_3D ( 'NONE', #7195, #4298, #2782 ) ;
#2996 = EDGE_LOOP ( 'NONE', ( #9712, #3818, #8758, #6871 ) ) ;
#2997 = DIRECTION ( 'NONE',  ( 1.000000000000000000, -0.000000000000000000, -0.000000000000000000 ) ) ;
#2998 = DIRECTION ( 'NONE',  ( 1.000000000000000000, -2.161476583036237957E-16, -5.473344771987708442E-16 ) ) ;
#2999 = EDGE_CURVE ( 'NONE', #3431, #1458, #585, .T. ) ;
#3000 = CARTESIAN_POINT ( 'NONE',  ( -25.19999999999997797, -3.999999999999005240, 24.67792535850613334 ) ) ;
#3001 = VECTOR ( 'NONE', #6557, 1000.000000000000000 ) ;
#3002 = ORIENTED_EDGE ( 'NONE', *, *, #9608, .T. ) ;
#3003 = AXIS2_PLACEMENT_3D ( 'NONE', #9642, #7934, #4897 ) ;
#3004 = CARTESIAN_POINT ( 'NONE',  ( -25.19999999999998863, -8.799999999999004174, -32.11619529147251484 ) ) ;
#3005 = ORIENTED_EDGE ( 'NONE', *, *, #2341, .T. ) ;
#3006 = ORIENTED_EDGE ( 'NONE', *, *, #751, .F. ) ;
#3007 = FACE_OUTER_BOUND ( 'NONE', #1791, .T. ) ;
#3008 = STYLED_ITEM ( 'NONE', ( #781 ), #8422 ) ;
#3009 = DIRECTION ( 'NONE',  ( 1.000000000000000000, -2.161476583036237957E-16, -5.473344771987708442E-16 ) ) ;
#3010 = EDGE_LOOP ( 'NONE', ( #8851, #9661 ) ) ;
#3011 = CARTESIAN_POINT ( 'NONE',  ( -32.39999999999043467, 30.65096049950857804, 0.6797176813723635469 ) ) ;
#3012 = ADVANCED_FACE ( 'NONE', ( #2174 ), #5894, .F. ) ;
#3013 = DIRECTION ( 'NONE',  ( 1.000000000000000000, -4.440892098500626162E-16, -2.121142188857532135E-16 ) ) ;
#3014 = VERTEX_POINT ( 'NONE', #7531 ) ;
#3015 = ADVANCED_FACE ( 'NONE', ( #8929 ), #3034, .F. ) ;
#3016 = DIRECTION ( 'NONE',  ( 0.000000000000000000, -1.000000000000000000, 0.000000000000000000 ) ) ;
#3017 = AXIS2_PLACEMENT_3D ( 'NONE', #9011, #5281, #9209 ) ;
#3018 = VERTEX_POINT ( 'NONE', #3640 ) ;
#3019 = AXIS2_PLACEMENT_3D ( 'NONE', #2548, #208, #1049 ) ;
#3020 = EDGE_LOOP ( 'NONE', ( #1304, #8752, #9301, #3910 ) ) ;
#3021 = CARTESIAN_POINT ( 'NONE',  ( -31.79999999999998650, -4.049999999998871836, -34.26145793745506296 ) ) ;
#3023 = EDGE_LOOP ( 'NONE', ( #2801, #6773, #3212, #5149 ) ) ;
#3022 = CIRCLE ( 'NONE', #8610, 0.4999999999999983347 ) ;
#3024 = DIRECTION ( 'NONE',  ( -1.000000000000000000, 2.103013637062898607E-14, 1.802105957738694902E-14 ) ) ;
#3025 = VERTEX_POINT ( 'NONE', #8279 ) ;
#3026 = CARTESIAN_POINT ( 'NONE',  ( -32.89999984667740307, -4.000744345998551665, 32.55606157468005080 ) ) ;
#3027 = AXIS2_PLACEMENT_3D ( 'NONE', #4116, #2558, #1714 ) ;
#3028 = EDGE_CURVE ( 'NONE', #8303, #1555, #2861, .T. ) ;
#3029 = VERTEX_POINT ( 'NONE', #6782 ) ;
#3030 = EDGE_CURVE ( 'NONE', #4465, #1599, #2386, .T. ) ;
#3031 = DIRECTION ( 'NONE',  ( 1.348081413631192369E-15, 1.000000000000000000, 0.000000000000000000 ) ) ;
#3032 = CARTESIAN_POINT ( 'NONE',  ( -30.89999999999997371, 15.00000000000001243, 11.25000000000001776 ) ) ;
#3033 = CIRCLE ( 'NONE', #6389, 29.50000000000000711 ) ;
#3034 = CYLINDRICAL_SURFACE ( 'NONE', #2545, 14.69999999999999751 ) ;
#3035 = AXIS2_PLACEMENT_3D ( 'NONE', #5306, #736, #6641 ) ;
#3036 = DIRECTION ( 'NONE',  ( 0.000000000000000000, 0.000000000000000000, 1.000000000000000000 ) ) ;
#3037 = CYLINDRICAL_SURFACE ( 'NONE', #3896, 33.29999999999999716 ) ;
#3038 = CIRCLE ( 'NONE', #3340, 1.249999999969348519 ) ;
#3039 = ADVANCED_FACE ( 'NONE', ( #186 ), #2521, .T. ) ;
#3040 = DIRECTION ( 'NONE',  ( 0.000000000000000000, 0.000000000000000000, -1.000000000000000000 ) ) ;
#3041 = EDGE_CURVE ( 'NONE', #1809, #2322, #9370, .T. ) ;
#3042 = CARTESIAN_POINT ( 'NONE',  ( -32.89999999999998437, 6.600000000001127631, -33.86281146036163392 ) ) ;
#3043 = LINE ( 'NONE', #3649, #3846 ) ;
#3044 = CARTESIAN_POINT ( 'NONE',  ( -33.32500000000000995, -30.61959156899273182, -2.115027806485792805 ) ) ;
#3045 = DIRECTION ( 'NONE',  ( 0.000000000000000000, 3.890984756615977524E-15, -1.000000000000000000 ) ) ;
#3046 = CARTESIAN_POINT ( 'NONE',  ( -32.89999995547759681, -30.16486472756867698, -12.88157104590761470 ) ) ;
#3047 = ORIENTED_EDGE ( 'NONE', *, *, #9622, .F. ) ;
#3048 = AXIS2_PLACEMENT_3D ( 'NONE', #3412, #4968, #1110 ) ;
#3049 = ORIENTED_EDGE ( 'NONE', *, *, #167, .T. ) ;
#3050 = DIRECTION ( 'NONE',  ( 5.102127870520021968E-16, 0.000000000000000000, 1.000000000000000000 ) ) ;
#3051 = EDGE_LOOP ( 'NONE', ( #6238, #5312 ) ) ;
#3052 = CARTESIAN_POINT ( 'NONE',  ( -33.69999999999999574, 33.14147468682234177, -0.07405444337444894165 ) ) ;
#3053 = DIRECTION ( 'NONE',  ( -1.000000000000000000, -1.175656832681595541E-18, 2.479139147737537908E-18 ) ) ;
#3054 = FACE_OUTER_BOUND ( 'NONE', #1199, .T. ) ;
#3055 = AXIS2_PLACEMENT_3D ( 'NONE', #7055, #246, #5611 ) ;
#3056 = ORIENTED_EDGE ( 'NONE', *, *, #9555, .F. ) ;
#3057 = DIRECTION ( 'NONE',  ( 5.102127870520021968E-16, 0.000000000000000000, 1.000000000000000000 ) ) ;
#3058 = ORIENTED_EDGE ( 'NONE', *, *, #9312, .F. ) ;
#3059 = ORIENTED_EDGE ( 'NONE', *, *, #3948, .T. ) ;
#3060 = DIRECTION ( 'NONE',  ( -1.000000000000000000, 4.440892098500626162E-16, 2.121142188857532135E-16 ) ) ;
#3061 = AXIS2_PLACEMENT_3D ( 'NONE', #3238, #7783, #4650 ) ;
#3062 = CARTESIAN_POINT ( 'NONE',  ( -33.89999999999998437, -16.24999999999878852, 15.00000000000015099 ) ) ;
#3063 = EDGE_LOOP ( 'NONE', ( #1718, #6858 ) ) ;
#3064 = CARTESIAN_POINT ( 'NONE',  ( -32.39999999999192681, 31.69999999999998508, -1.464757135027916490E-13 ) ) ;
#3065 = DIRECTION ( 'NONE',  ( 1.000000000000000000, -4.440892098500626162E-16, -2.121142188857532135E-16 ) ) ;
#3066 = VERTEX_POINT ( 'NONE', #4791 ) ;
#3067 = CARTESIAN_POINT ( 'NONE',  ( -32.89997726397892563, 31.90592408402692115, 4.453284034864013030 ) ) ;
#3068 = EDGE_LOOP ( 'NONE', ( #4831, #6969, #4474, #8402, #7561 ) ) ;
#3069 = ADVANCED_FACE ( 'NONE', ( #4692 ), #160, .T. ) ;
#3070 = EDGE_CURVE ( 'NONE', #6469, #1470, #7037, .T. ) ;
#3071 = ORIENTED_EDGE ( 'NONE', *, *, #6406, .F. ) ;
#3072 = DIRECTION ( 'NONE',  ( -1.000000000000000000, 4.440892098500626162E-16, 2.121142188857532135E-16 ) ) ;
#3073 = CARTESIAN_POINT ( 'NONE',  ( -20.89999999999999503, -14.99999999999999112, -14.99999999999998934 ) ) ;
#3074 = ORIENTED_EDGE ( 'NONE', *, *, #9014, .F. ) ;
#3075 = CARTESIAN_POINT ( 'NONE',  ( -32.89999978735529851, -3.747312238235891435, 32.58584436272082741 ) ) ;
#3076 = VERTEX_POINT ( 'NONE', #7682 ) ;
#3077 = CARTESIAN_POINT ( 'NONE',  ( -3.500000000000006661, 1.363427245447174841E-13, -12.49999999999999822 ) ) ;
#3078 = CARTESIAN_POINT ( 'NONE',  ( -29.49999999999998934, -31.79094230992149406, -3.950000000000137401 ) ) ;
#3079 = AXIS2_PLACEMENT_3D ( 'NONE', #7029, #4733, #3271 ) ;
#3080 = LINE ( 'NONE', #3180, #7664 ) ;
#3081 = ADVANCED_FACE ( 'NONE', ( #9326, #3233 ), #7830, .F. ) ;
#3082 = DIRECTION ( 'NONE',  ( 1.000000000000000000, -4.440892098500626162E-16, -2.121142188857532135E-16 ) ) ;
#3083 = EDGE_CURVE ( 'NONE', #6169, #8133, #6143, .T. ) ;
#3084 = DIRECTION ( 'NONE',  ( 0.000000000000000000, 0.000000000000000000, 1.000000000000000000 ) ) ;
#3085 = AXIS2_PLACEMENT_3D ( 'NONE', #5013, #1052, #640 ) ;
#3086 = CARTESIAN_POINT ( 'NONE',  ( -25.19999999999998508, -17.72403791909681914, 20.90202088431345828 ) ) ;
#3087 = CARTESIAN_POINT ( 'NONE',  ( -29.49999999999997158, 30.45000000000097273, -9.215397183191785983E-15 ) ) ;
#3088 = DIRECTION ( 'NONE',  ( 0.000000000000000000, 0.000000000000000000, 1.000000000000000000 ) ) ;
#3089 = DIRECTION ( 'NONE',  ( -1.000000000000000000, 4.440892098500626162E-16, 2.121142188857532135E-16 ) ) ;
#3090 = B_SPLINE_CURVE_WITH_KNOTS ( 'NONE', 3,
 ( #5342, #3938, #6240, #5538, #1680, #3889, #77, #933, #3991, #6979, #3123, #184, #8566, #3178, #6184, #9279 ),
 .UNSPECIFIED., .F., .F.,
 ( 4, 2, 2, 2, 2, 2, 2, 4 ),
 ( 0.09280962470340138604, 0.2062084216154867478, 0.2629078200715309621, 0.3196072185275752320, 0.5464048123517356581, 0.6598036092638078776, 0.7732024061758800970, 1.000000000000000000 ),
 .UNSPECIFIED. ) ;
#3091 = DIRECTION ( 'NONE',  ( -1.000000000000000000, 4.440892098500626162E-16, 2.121142188857532135E-16 ) ) ;
#3092 = AXIS2_PLACEMENT_3D ( 'NONE', #6631, #9674, #2223 ) ;
#3093 = DIRECTION ( 'NONE',  ( 0.000000000000000000, 1.000000000000000000, 0.000000000000000000 ) ) ;
#3094 = EDGE_CURVE ( 'NONE', #3220, #4557, #7821, .T. ) ;
#3095 = CARTESIAN_POINT ( 'NONE',  ( -32.89999999882221005, -26.13311898811087630, -19.82213521211814466 ) ) ;
#3096 = ORIENTED_EDGE ( 'NONE', *, *, #711, .T. ) ;
#3097 = EDGE_LOOP ( 'NONE', ( #2423, #9101, #7657, #2957 ) ) ;
#3098 = DIRECTION ( 'NONE',  ( 0.000000000000000000, 0.4549088130556909748, -0.8905380237835228696 ) ) ;
#3099 = ORIENTED_EDGE ( 'NONE', *, *, #9850, .T. ) ;
#3100 = DIRECTION ( 'NONE',  ( 0.000000000000000000, 0.000000000000000000, 1.000000000000000000 ) ) ;
#3101 = CARTESIAN_POINT ( 'NONE',  ( -29.49999999999998934, 31.79094230992348002, 3.950000000000115641 ) ) ;
#3102 = DIRECTION ( 'NONE',  ( 1.000000000000000000, 1.179389324206871456E-17, -8.825547355056098943E-16 ) ) ;
#3103 = VERTEX_POINT ( 'NONE', #6930 ) ;
#3104 = CARTESIAN_POINT ( 'NONE',  ( -32.89999999999998437, -1.199999999998879074, -32.77804143020144778 ) ) ;
#3105 = ORIENTED_EDGE ( 'NONE', *, *, #2471, .F. ) ;
#3106 = ORIENTED_EDGE ( 'NONE', *, *, #8882, .F. ) ;
#3107 = FACE_OUTER_BOUND ( 'NONE', #4270, .T. ) ;
#3108 = CARTESIAN_POINT ( 'NONE',  ( -32.39999999999997726, -31.91870648513827646, 4.948350868272142655 ) ) ;
#3109 = ORIENTED_EDGE ( 'NONE', *, *, #1384, .T. ) ;
#3110 = CARTESIAN_POINT ( 'NONE',  ( -32.40000000000001279, -33.92634505945881074, -1.137272032639177866 ) ) ;
#3111 = DIRECTION ( 'NONE',  ( 1.000000000000000000, -2.161476583036237957E-16, -5.473344771987708442E-16 ) ) ;
#3112 = ORIENTED_EDGE ( 'NONE', *, *, #871, .F. ) ;
#3113 = CARTESIAN_POINT ( 'NONE',  ( -29.49999999999998579, 9.949855090665776680E-13, -1.097510067722265374E-14 ) ) ;
#3114 = EDGE_LOOP ( 'NONE', ( #713, #6284, #6257, #3272, #180, #9109, #5491, #6299 ) ) ;
#3115 = VERTEX_POINT ( 'NONE', #6185 ) ;
#3116 = CARTESIAN_POINT ( 'NONE',  ( -33.63881709647566254, 34.11246252433321757, -3.188817096475601964 ) ) ;
#3117 = LINE ( 'NONE', #7523, #2131 ) ;
#3118 = ORIENTED_EDGE ( 'NONE', *, *, #4010, .F. ) ;
#3119 = CARTESIAN_POINT ( 'NONE',  ( -32.89999997528466480, -11.59255487538042928, 30.68459930539694724 ) ) ;
#3120 = ORIENTED_EDGE ( 'NONE', *, *, #1619, .T. ) ;
#3121 = SURFACE_STYLE_FILL_AREA ( #5898 ) ;
#3122 = EDGE_CURVE ( 'NONE', #1470, #1282, #5389, .T. ) ;
#3123 = CARTESIAN_POINT ( 'NONE',  ( -32.89999999999998437, 32.21758351308928781, -4.545862089244266713 ) ) ;
#3124 = DIRECTION ( 'NONE',  ( -1.000000000000000000, -1.175656832681595541E-18, 2.479139147737537908E-18 ) ) ;
#3125 = DIRECTION ( 'NONE',  ( 0.000000000000000000, -1.000000000000000000, 0.000000000000000000 ) ) ;
#3126 = EDGE_LOOP ( 'NONE', ( #9190, #309 ) ) ;
#3127 = CARTESIAN_POINT ( 'NONE',  ( -20.89999999999996660, 19.23500000000000654, 19.23500000000001009 ) ) ;
#3128 = AXIS2_PLACEMENT_3D ( 'NONE', #9140, #7541, #9792 ) ;
#3129 = CARTESIAN_POINT ( 'NONE',  ( -33.70000000000000284, 30.61959168403986453, 2.115027865327779644 ) ) ;
#3130 = EDGE_CURVE ( 'NONE', #227, #4233, #7343, .T. ) ;
#3131 = DIRECTION ( 'NONE',  ( 1.000000000000000000, -1.348081413631192369E-15, -3.190558386184555325E-16 ) ) ;
#3132 = AXIS2_PLACEMENT_3D ( 'NONE', #4945, #492, #4290 ) ;
#3133 = EDGE_CURVE ( 'NONE', #8266, #623, #3280, .T. ) ;
#3134 = CARTESIAN_POINT ( 'NONE',  ( -9.908398390154197194E-15, -7.349999999973988452, 9.001153973701191413E-16 ) ) ;
#3135 = CARTESIAN_POINT ( 'NONE',  ( -30.70000000000001350, -31.70000000000001350, 6.579543922768655202E-14 ) ) ;
#3136 = DIRECTION ( 'NONE',  ( 0.000000000000000000, 0.000000000000000000, 1.000000000000000000 ) ) ;
#3137 = CARTESIAN_POINT ( 'NONE',  ( -32.89999999999998437, -14.99999999999901235, 17.59999999999992326 ) ) ;
#3138 = CARTESIAN_POINT ( 'NONE',  ( -32.89999998426291228, -30.66439032624242600, -11.64235976533159445 ) ) ;
#3139 = ORIENTED_EDGE ( 'NONE', *, *, #1143, .T. ) ;
#3140 = AXIS2_PLACEMENT_3D ( 'NONE', #1005, #3295, #3150 ) ;
#3141 = ORIENTED_EDGE ( 'NONE', *, *, #8529, .F. ) ;
#3142 = CARTESIAN_POINT ( 'NONE',  ( -32.39999999999998437, -32.41280410874723117, 5.024950726914144461 ) ) ;
#3143 = VERTEX_POINT ( 'NONE', #3941 ) ;
#3144 = CARTESIAN_POINT ( 'NONE',  ( -32.39999999997924363, -31.70000000000001350, 6.613633252161577047E-14 ) ) ;
#3145 = EDGE_CURVE ( 'NONE', #4987, #6778, #320, .T. ) ;
#3146 = DIRECTION ( 'NONE',  ( 0.000000000000000000, -1.000000000000000000, 0.000000000000000000 ) ) ;
#3147 = ADVANCED_FACE ( 'NONE', ( #231 ), #4739, .F. ) ;
#3148 = AXIS2_PLACEMENT_3D ( 'NONE', #6522, #8913, #5876 ) ;
#3149 = FACE_OUTER_BOUND ( 'NONE', #4784, .T. ) ;
#3150 = DIRECTION ( 'NONE',  ( 0.000000000000000000, 0.000000000000000000, 1.000000000000000000 ) ) ;
#3151 = AXIS2_PLACEMENT_3D ( 'NONE', #7413, #1216, #9713 ) ;
#3152 = CIRCLE ( 'NONE', #9046, 1.399999999967298958 ) ;
#3153 = DIRECTION ( 'NONE',  ( -1.000000000000000000, 4.381188419098487382E-16, 2.238019231383146969E-16 ) ) ;
#3154 = DIRECTION ( 'NONE',  ( 1.000000000000000000, 9.646292633376703921E-33, -2.479139147737542530E-18 ) ) ;
#3155 = ORIENTED_EDGE ( 'NONE', *, *, #9753, .F. ) ;
#3156 = VECTOR ( 'NONE', #5480, 1000.000000000000227 ) ;
#3157 = CARTESIAN_POINT ( 'NONE',  ( -32.89999999999998437, -32.39800674527926816, -4.804594350152114224 ) ) ;
#3158 = DIRECTION ( 'NONE',  ( 0.000000000000000000, 0.000000000000000000, 1.000000000000000000 ) ) ;
#3159 = EDGE_LOOP ( 'NONE', ( #2297, #602, #4677 ) ) ;
#3160 = PLANE ( 'NONE',  #120 ) ;
#3161 = CIRCLE ( 'NONE', #6047, 2.550000000000000266 ) ;
#3162 = DIRECTION ( 'NONE',  ( 1.000000000000000000, -4.440892098500626162E-16, -2.121142188857532135E-16 ) ) ;
#3163 = ORIENTED_EDGE ( 'NONE', *, *, #9618, .F. ) ;
#3164 = EDGE_CURVE ( 'NONE', #4525, #1809, #3033, .T. ) ;
#3165 = CARTESIAN_POINT ( 'NONE',  ( -32.69511273523498573, 31.91010164247938974, 3.948350868272410441 ) ) ;
#3166 = AXIS2_PLACEMENT_3D ( 'NONE', #6167, #5475, #1505 ) ;
#3167 = CIRCLE ( 'NONE', #8739, 1.599999999999998979 ) ;
#3168 = CIRCLE ( 'NONE', #133, 3.750000000000000000 ) ;
#3169 = ORIENTED_EDGE ( 'NONE', *, *, #2054, .F. ) ;
#3170 = CIRCLE ( 'NONE', #2043, 1.649999999999995248 ) ;
#3171 = ORIENTED_EDGE ( 'NONE', *, *, #5224, .T. ) ;
#3172 = DIRECTION ( 'NONE',  ( 0.000000000000000000, -1.000000000000000000, 0.000000000000000000 ) ) ;
#3173 = CYLINDRICAL_SURFACE ( 'NONE', #683, 1.599999999999998979 ) ;
#3174 = VERTEX_POINT ( 'NONE', #1583 ) ;
#3175 = DIRECTION ( 'NONE',  ( -1.000000000000000000, 2.161476583036237957E-16, 5.473344771987708442E-16 ) ) ;
#3176 = EDGE_LOOP ( 'NONE', ( #6085, #9652, #8355, #5640, #123, #6431, #926, #7342, #3823, #5280, #3484, #1432, #6758, #9763, #5581, #2158, #6323, #5222 ) ) ;
#3177 = VECTOR ( 'NONE', #3424, 1000.000000000000114 ) ;
#3178 = CARTESIAN_POINT ( 'NONE',  ( -32.89999999999998437, 32.04126938565499927, -4.459727288582350013 ) ) ;
#3179 = CIRCLE ( 'NONE', #2379, 1.000000000000000000 ) ;
#3180 = CARTESIAN_POINT ( 'NONE',  ( -1.999999999999973577, 31.50000000000000000, 3.857637417314162689E-15 ) ) ;
#3181 = AXIS2_PLACEMENT_3D ( 'NONE', #2441, #8534, #4750 ) ;
#3182 = AXIS2_PLACEMENT_3D ( 'NONE', #8747, #5771, #8801 ) ;
#3183 = EDGE_CURVE ( 'NONE', #9579, #3243, #7974, .T. ) ;
#3184 = ORIENTED_EDGE ( 'NONE', *, *, #4628, .T. ) ;
#3185 = DIRECTION ( 'NONE',  ( 9.251858538542975772E-16, 0.000000000000000000, 1.000000000000000000 ) ) ;
#3186 = CARTESIAN_POINT ( 'NONE',  ( -29.29999999999998295, -15.00000000000004086, 11.24999999999996270 ) ) ;
#3187 = VECTOR ( 'NONE', #4937, 1000.000000000000000 ) ;
#3188 = CARTESIAN_POINT ( 'NONE',  ( -32.89999999999999147, -23.75633304035115145, 22.61585025008665184 ) ) ;
#3189 = CYLINDRICAL_SURFACE ( 'NONE', #4896, 2.550000000000005596 ) ;
#3190 = CARTESIAN_POINT ( 'NONE',  ( -32.89997779355446283, -31.90592264230382469, -4.453228196504909420 ) ) ;
#3191 = VECTOR ( 'NONE', #9252, 1000.000000000000000 ) ;
#3192 = CARTESIAN_POINT ( 'NONE',  ( -32.89999999999998437, -14.99999999999901235, 12.39999999999992575 ) ) ;
#3193 = CARTESIAN_POINT ( 'NONE',  ( -33.54466991411009502, 37.84895836671250891, 0.05301890640147226968 ) ) ;
#3194 = ORIENTED_EDGE ( 'NONE', *, *, #8883, .T. ) ;
#3195 = EDGE_CURVE ( 'NONE', #8925, #8892, #5126, .T. ) ;
#3196 = CIRCLE ( 'NONE', #2080, 5.000000000000001776 ) ;
#3197 = EDGE_CURVE ( 'NONE', #7202, #2953, #3080, .T. ) ;
#3198 = ORIENTED_EDGE ( 'NONE', *, *, #4141, .T. ) ;
#3199 = CIRCLE ( 'NONE', #5450, 33.30000000000002558 ) ;
#3200 = CARTESIAN_POINT ( 'NONE',  ( -5.000000000000047073, -31.49999999999999289, 4.974332852478791072E-15 ) ) ;
#3201 = ORIENTED_EDGE ( 'NONE', *, *, #6801, .F. ) ;
#3202 = CARTESIAN_POINT ( 'NONE',  ( -32.39999999999998437, 31.91870648514024467, -3.948350868272184844 ) ) ;
#3203 = DIRECTION ( 'NONE',  ( 0.000000000000000000, 0.000000000000000000, -1.000000000000000000 ) ) ;
#3204 = DIRECTION ( 'NONE',  ( -1.000000000000000000, 3.497945608321693961E-16, 3.163708412946408969E-16 ) ) ;
#3205 = CARTESIAN_POINT ( 'NONE',  ( -33.89999999999997016, 17.55000000000098836, 14.99999999999992895 ) ) ;
#3206 = AXIS2_PLACEMENT_3D ( 'NONE', #6719, #3111, #6769 ) ;
#3207 = ORIENTED_EDGE ( 'NONE', *, *, #5487, .F. ) ;
#3208 = CARTESIAN_POINT ( 'NONE',  ( -32.89999999999998437, 31.90580101289612003, -4.448517447234570987 ) ) ;
#3209 = ORIENTED_EDGE ( 'NONE', *, *, #7654, .T. ) ;
#3210 = EDGE_CURVE ( 'NONE', #4385, #9255, #7178, .T. ) ;
#3211 = EDGE_CURVE ( 'NONE', #4709, #4572, #3479, .T. ) ;
#3212 = ORIENTED_EDGE ( 'NONE', *, *, #8021, .T. ) ;
#3213 = DIRECTION ( 'NONE',  ( 1.000000000000000000, 1.175656832681595541E-18, -2.479139147737537908E-18 ) ) ;
#3214 = DIRECTION ( 'NONE',  ( 0.000000000000000000, 0.7416517493508473224, -0.6707851240783654356 ) ) ;
#3215 = ORIENTED_EDGE ( 'NONE', *, *, #7192, .F. ) ;
#3216 = DIRECTION ( 'NONE',  ( 0.000000000000000000, 1.000000000000000000, 0.000000000000000000 ) ) ;
#3217 = CIRCLE ( 'NONE', #986, 1.249999999969406916 ) ;
#3218 = DIRECTION ( 'NONE',  ( -4.565061778886329113E-16, -1.000000000000000000, 0.000000000000000000 ) ) ;
#3219 = FACE_BOUND ( 'NONE', #2711, .T. ) ;
#3220 = VERTEX_POINT ( 'NONE', #3425 ) ;
#3221 = AXIS2_PLACEMENT_3D ( 'NONE', #2331, #40, #1739 ) ;
#3222 = ADVANCED_FACE ( 'NONE', ( #7177 ), #2617, .T. ) ;
#3223 = ORIENTED_EDGE ( 'NONE', *, *, #6685, .T. ) ;
#3224 = EDGE_CURVE ( 'NONE', #1469, #9161, #800, .T. ) ;
#3225 = DIRECTION ( 'NONE',  ( -4.022547190670857145E-16, -1.000000000000000000, 0.000000000000000000 ) ) ;
#3226 = CARTESIAN_POINT ( 'NONE',  ( -30.69999999999997087, 34.33129643110145679, -3.407651003243831411 ) ) ;
#3227 = EDGE_LOOP ( 'NONE', ( #6517, #5794 ) ) ;
#3228 = CARTESIAN_POINT ( 'NONE',  ( -83.77726090546464377, 9.946990652005932957E-13, -1.094535733474896288E-14 ) ) ;
#3229 = APPLICATION_CONTEXT ( 'automotive_design' ) ;
#3230 = VERTEX_POINT ( 'NONE', #7875 ) ;
#3231 = DIRECTION ( 'NONE',  ( 0.000000000000000000, -1.000000000000000000, 0.000000000000000000 ) ) ;
#3232 = LINE ( 'NONE', #6286, #1239 ) ;
#3233 = FACE_OUTER_BOUND ( 'NONE', #5849, .T. ) ;
#3234 = ORIENTED_EDGE ( 'NONE', *, *, #1673, .F. ) ;
#3235 = CYLINDRICAL_SURFACE ( 'NONE', #8513, 1.649999999999995248 ) ;
#3236 = UNCERTAINTY_MEASURE_WITH_UNIT (LENGTH_MEASURE( 1.000000000000000082E-05 ), #3378, 'distance_accuracy_value', 'NONE');
#3237 = VECTOR ( 'NONE', #6322, 1000.000000000000000 ) ;
#3238 = CARTESIAN_POINT ( 'NONE',  ( -20.89999999999998792, 19.23499999999993904, -19.23500000000005272 ) ) ;
#3239 = DIRECTION ( 'NONE',  ( 0.7071067811865465735, -0.7071067811865483499, -1.390109414407213656E-16 ) ) ;
#3240 = LINE ( 'NONE', #7837, #1715 ) ;
#3241 = CARTESIAN_POINT ( 'NONE',  ( -32.89999999999998437, 15.00000000000089706, -15.00000000000005151 ) ) ;
#3242 = CARTESIAN_POINT ( 'NONE',  ( -30.89999999999997016, -7.499999999999993783, 28.53068523537423928 ) ) ;
#3243 = VERTEX_POINT ( 'NONE', #6381 ) ;
#3244 = EDGE_LOOP ( 'NONE', ( #9860, #5336, #8251, #9865 ) ) ;
#3245 = FACE_OUTER_BOUND ( 'NONE', #7893, .T. ) ;
#3246 = ORIENTED_EDGE ( 'NONE', *, *, #9375, .T. ) ;
#3247 = DIRECTION ( 'NONE',  ( -1.000000000000000000, 0.000000000000000000, 0.000000000000000000 ) ) ;
#3248 = FACE_OUTER_BOUND ( 'NONE', #3676, .T. ) ;
#3249 = LINE ( 'NONE', #9393, #8937 ) ;
#3250 = AXIS2_PLACEMENT_3D ( 'NONE', #2979, #6935, #5248 ) ;
#3251 = ADVANCED_FACE ( 'NONE', ( #9467 ), #7364, .F. ) ;
#3252 = EDGE_CURVE ( 'NONE', #3769, #2551, #3354, .T. ) ;
#3253 = CYLINDRICAL_SURFACE ( 'NONE', #7282, 3.950000000000002842 ) ;
#3254 = ORIENTED_EDGE ( 'NONE', *, *, #9851, .T. ) ;
#3255 = CARTESIAN_POINT ( 'NONE',  ( -32.40000000000001279, -33.92634505945881074, -1.137272032639177866 ) ) ;
#3256 = ORIENTED_EDGE ( 'NONE', *, *, #9740, .F. ) ;
#3257 = ORIENTED_EDGE ( 'NONE', *, *, #4235, .F. ) ;
#3258 = DIRECTION ( 'NONE',  ( -1.000000000000000000, 4.440892098500626162E-16, 2.121142188857532135E-16 ) ) ;
#3259 = PLANE ( 'NONE',  #6506 ) ;
#3260 = ORIENTED_EDGE ( 'NONE', *, *, #6931, .T. ) ;
#3261 = PLANE ( 'NONE',  #2990 ) ;
#3262 = DIRECTION ( 'NONE',  ( 4.440892098500626162E-16, 1.000000000000000000, 0.000000000000000000 ) ) ;
#3263 = DIRECTION ( 'NONE',  ( 1.000000000000000000, -4.440892098500626162E-16, -2.121142188857532135E-16 ) ) ;
#3264 = EDGE_CURVE ( 'NONE', #8478, #1577, #8625, .T. ) ;
#3265 = EDGE_CURVE ( 'NONE', #999, #7455, #6700, .T. ) ;
#3266 = ADVANCED_FACE ( 'NONE', ( #5637 ), #9254, .F. ) ;
#3267 = B_SPLINE_CURVE_WITH_KNOTS ( 'NONE', 3,
 ( #5697, #5755, #8835, #8787 ),
 .UNSPECIFIED., .F., .F.,
 ( 4, 4 ),
 ( 8.237449831835552916E-15, 0.0004683476021355860008 ),
 .UNSPECIFIED. ) ;
#3268 = ORIENTED_EDGE ( 'NONE', *, *, #4964, .F. ) ;
#3269 = ORIENTED_EDGE ( 'NONE', *, *, #6547, .F. ) ;
#3270 = DIRECTION ( 'NONE',  ( -1.000000000000000000, 4.440892098500626162E-16, 2.121142188857532135E-16 ) ) ;
#3271 = DIRECTION ( 'NONE',  ( 0.000000000000000000, 1.000000000000000000, -2.040851148208007998E-15 ) ) ;
#3272 = ORIENTED_EDGE ( 'NONE', *, *, #7244, .F. ) ;
#3273 = CARTESIAN_POINT ( 'NONE',  ( -32.89999999860228286, -0.5249278004854309732, 32.79616902845025095 ) ) ;
#3274 = EDGE_LOOP ( 'NONE', ( #7194, #1677 ) ) ;
#3275 = VECTOR ( 'NONE', #6836, 1000.000000000000000 ) ;
#3276 = DIRECTION ( 'NONE',  ( 1.175656832681595541E-18, -1.000000000000000000, -2.914616878206063915E-36 ) ) ;
#3277 = EDGE_CURVE ( 'NONE', #801, #73, #3674, .T. ) ;
#3278 = EDGE_CURVE ( 'NONE', #1760, #8303, #6430, .T. ) ;
#3279 = DIRECTION ( 'NONE',  ( 0.000000000000000000, 0.000000000000000000, 1.000000000000000000 ) ) ;
#3280 = LINE ( 'NONE', #5500, #2073 ) ;
#3281 = VECTOR ( 'NONE', #6464, 1000.000000000000000 ) ;
#3282 = VERTEX_POINT ( 'NONE', #7972 ) ;
#3283 = DIRECTION ( 'NONE',  ( 0.000000000000000000, 0.000000000000000000, 1.000000000000000000 ) ) ;
#3284 = EDGE_CURVE ( 'NONE', #4373, #6359, #1128, .T. ) ;
#3285 = CARTESIAN_POINT ( 'NONE',  ( -22.99999999999996803, 31.70000000000096918, -1.059413960594918178E-14 ) ) ;
#3286 = DIRECTION ( 'NONE',  ( 1.000000000000000000, 1.175656832681595541E-18, -2.479139147737537908E-18 ) ) ;
#3287 = DIRECTION ( 'NONE',  ( -0.000000000000000000, 0.4549088130556909748, -0.8905380237835228696 ) ) ;
#3288 = CARTESIAN_POINT ( 'NONE',  ( -83.77726090546464377, 34.33129643110142837, 3.407651003244079657 ) ) ;
#3289 = EDGE_LOOP ( 'NONE', ( #6649, #5981, #8175, #7574 ) ) ;
#3290 = ORIENTED_EDGE ( 'NONE', *, *, #6462, .F. ) ;
#3291 = CARTESIAN_POINT ( 'NONE',  ( -30.99999999999998579, 9.947611131479868873E-13, -1.107619950837005845E-14 ) ) ;
#3292 = DIRECTION ( 'NONE',  ( -0.5000000003204259080, 0.000000000000000000, 0.8660254035994406907 ) ) ;
#3293 = DIRECTION ( 'NONE',  ( 1.000000000000000000, -2.161476583036237957E-16, -5.473344771987708442E-16 ) ) ;
#3294 = DIRECTION ( 'NONE',  ( 9.251858538542975772E-16, 0.000000000000000000, 1.000000000000000000 ) ) ;
#3295 = DIRECTION ( 'NONE',  ( -1.000000000000000000, 2.161476583036237957E-16, 5.473344771987708442E-16 ) ) ;
#3296 = CIRCLE ( 'NONE', #588, 1.249999999969344966 ) ;
#3297 = CARTESIAN_POINT ( 'NONE',  ( -25.19999999999999218, -12.44999999999900453, -14.99999999999995381 ) ) ;
#3298 = CIRCLE ( 'NONE', #1533, 1.649999999999995248 ) ;
#3299 = CARTESIAN_POINT ( 'NONE',  ( -29.30000000000001137, -18.43330444827313386, -19.23330444827405472 ) ) ;
#3300 = ORIENTED_EDGE ( 'NONE', *, *, #8765, .T. ) ;
#3301 = ORIENTED_EDGE ( 'NONE', *, *, #8691, .T. ) ;
#3302 = CARTESIAN_POINT ( 'NONE',  ( -3.999999999999961808, 4.000000000000984990, 24.67792535850612978 ) ) ;
#3303 = EDGE_CURVE ( 'NONE', #8548, #7173, #5909, .T. ) ;
#3304 = DIRECTION ( 'NONE',  ( -1.000000000000000000, 2.161476583036237957E-16, 5.473344771987708442E-16 ) ) ;
#3305 = AXIS2_PLACEMENT_3D ( 'NONE', #1191, #1888, #4953 ) ;
#3306 = VERTEX_POINT ( 'NONE', #378 ) ;
#3307 = DIRECTION ( 'NONE',  ( -1.000000000000000000, 4.440892098500626162E-16, 2.121142188857532135E-16 ) ) ;
#3308 = AXIS2_PLACEMENT_3D ( 'NONE', #7245, #7393, #9486 ) ;
#3309 = DIRECTION ( 'NONE',  ( -2.351476507469941894E-14, 1.000000000000000000, -2.216280018101738800E-16 ) ) ;
#3310 = DIRECTION ( 'NONE',  ( 0.000000000000000000, 1.000000000000000000, 3.890984756615977524E-15 ) ) ;
#3311 = CIRCLE ( 'NONE', #8258, 0.5000000000000189848 ) ;
#3312 = VECTOR ( 'NONE', #9430, 1000.000000000000000 ) ;
#3313 = CIRCLE ( 'NONE', #3477, 1.500000000000000666 ) ;
#3314 = CARTESIAN_POINT ( 'NONE',  ( -33.39999999999998437, 9.947582915715884728E-13, -34.50000000000001421 ) ) ;
#3315 = VERTEX_POINT ( 'NONE', #9516 ) ;
#3316 = ORIENTED_EDGE ( 'NONE', *, *, #207, .T. ) ;
#3317 = CARTESIAN_POINT ( 'NONE',  ( -25.19999999999997797, 9.931291899967220616E-13, -1.188719181843139689E-14 ) ) ;
#3318 = EDGE_CURVE ( 'NONE', #1343, #8478, #4319, .T. ) ;
#3319 = CIRCLE ( 'NONE', #9871, 0.5000000000000213163 ) ;
#3320 = CIRCLE ( 'NONE', #8900, 2.249999999999998668 ) ;
#3321 = EDGE_CURVE ( 'NONE', #9098, #4488, #1907, .T. ) ;
#3322 = DIRECTION ( 'NONE',  ( -0.9999547938825256166, -0.0002454214914349159889, 0.009505259578114133232 ) ) ;
#3323 = VERTEX_POINT ( 'NONE', #8864 ) ;
#3324 = AXIS2_PLACEMENT_3D ( 'NONE', #6013, #757, #4464 ) ;
#3325 = DIRECTION ( 'NONE',  ( -5.880418562633243017E-16, 0.000000000000000000, -1.000000000000000000 ) ) ;
#3326 = ORIENTED_EDGE ( 'NONE', *, *, #4206, .F. ) ;
#3327 = AXIS2_PLACEMENT_3D ( 'NONE', #2539, #50, #5510 ) ;
#3328 = DIRECTION ( 'NONE',  ( -1.000000000000000000, 1.348181831873279409E-15, 3.205467292565838918E-16 ) ) ;
#3329 = FACE_OUTER_BOUND ( 'NONE', #6998, .T. ) ;
#3330 = VECTOR ( 'NONE', #3443, 1000.000000000000000 ) ;
#3331 = DIRECTION ( 'NONE',  ( -0.9999545279578865298, -0.009423778087616270852, 0.001460966486956385762 ) ) ;
#3332 = ORIENTED_EDGE ( 'NONE', *, *, #884, .F. ) ;
#3333 = EDGE_CURVE ( 'NONE', #6818, #2018, #9577, .T. ) ;
#3334 = EDGE_CURVE ( 'NONE', #9352, #4528, #2014, .T. ) ;
#3335 = EDGE_CURVE ( 'NONE', #5333, #4055, #4797, .T. ) ;
#3336 = CARTESIAN_POINT ( 'NONE',  ( -32.89999999999998437, 6.600000000001118750, -32.26251922350661516 ) ) ;
#3337 = VECTOR ( 'NONE', #2809, 1000.000000000000000 ) ;
#3338 = CARTESIAN_POINT ( 'NONE',  ( -3.499999999999985789, 12.50000000000000533, 1.810584825555312962E-15 ) ) ;
#3339 = CARTESIAN_POINT ( 'NONE',  ( -29.49999999999997868, 9.930981299247140941E-13, 33.99999999999996447 ) ) ;
#3340 = AXIS2_PLACEMENT_3D ( 'NONE', #2007, #6467, #2609 ) ;
#3341 = DIRECTION ( 'NONE',  ( 1.348081413631192369E-15, 1.000000000000000000, 0.000000000000000000 ) ) ;
#3342 = CIRCLE ( 'NONE', #1584, 2.599999999999998312 ) ;
#3343 = CARTESIAN_POINT ( 'NONE',  ( -33.70000000000000284, 37.50164264626343424, 0.05002420411595858568 ) ) ;
#3344 = EDGE_CURVE ( 'NONE', #2964, #9521, #7185, .T. ) ;
#3346 = ORIENTED_EDGE ( 'NONE', *, *, #7964, .F. ) ;
#3345 = EDGE_CURVE ( 'NONE', #6081, #5540, #2270, .T. ) ;
#3347 = CIRCLE ( 'NONE', #5268, 2.550000000000005596 ) ;
#3348 = DIRECTION ( 'NONE',  ( -3.690901012716610650E-16, -1.000000000000000000, 0.000000000000000000 ) ) ;
#3349 = CARTESIAN_POINT ( 'NONE',  ( -32.39999999998894253, 31.04339568581389841, 1.285380919387389964 ) ) ;
#3350 = CIRCLE ( 'NONE', #1908, 33.99999999999998579 ) ;
#3351 = DIRECTION ( 'NONE',  ( -5.421010862427526114E-16, -1.000000000000000000, 0.000000000000000000 ) ) ;
#3352 = DIRECTION ( 'NONE',  ( 9.251858538542971828E-16, 0.000000000000000000, 1.000000000000000000 ) ) ;
#3353 = DIRECTION ( 'NONE',  ( -1.000000000000000000, 2.161476583036237957E-16, 5.473344771987708442E-16 ) ) ;
#3354 = CIRCLE ( 'NONE', #9097, 1.249999999999997558 ) ;
#3355 = ORIENTED_EDGE ( 'NONE', *, *, #6011, .T. ) ;
#3356 = DIRECTION ( 'NONE',  ( -1.000000000000000000, 4.440892098493158114E-16, 2.121142188919196899E-16 ) ) ;
#3357 = VERTEX_POINT ( 'NONE', #9822 ) ;
#3358 = VECTOR ( 'NONE', #2088, 1000.000000000000114 ) ;
#3359 = ORIENTED_EDGE ( 'NONE', *, *, #751, .T. ) ;
#3360 = DIRECTION ( 'NONE',  ( -1.000000000000000000, -1.175656832681595541E-18, 2.479139147737537908E-18 ) ) ;
#3361 = DIRECTION ( 'NONE',  ( -1.000000000000000000, -1.175656832681595541E-18, 2.479139147737537908E-18 ) ) ;
#3362 = ORIENTED_EDGE ( 'NONE', *, *, #3743, .T. ) ;
#3363 = DIRECTION ( 'NONE',  ( 2.161476583036238204E-16, 1.000000000000000000, 5.551115123125791330E-17 ) ) ;
#3364 = CARTESIAN_POINT ( 'NONE',  ( -32.39999999999999858, 31.82493143843376515, -3.949999999999890932 ) ) ;
#3365 = AXIS2_PLACEMENT_3D ( 'NONE', #367, #7958, #7261 ) ;
#3366 = DIRECTION ( 'NONE',  ( 0.000000000000000000, -0.6707851240784056257, 0.7416517493508107961 ) ) ;
#3367 = DIRECTION ( 'NONE',  ( -1.000000000000000000, 3.481816809663767097E-16, 1.778598004644575183E-16 ) ) ;
#3368 = ORIENTED_EDGE ( 'NONE', *, *, #645, .T. ) ;
#3369 = ORIENTED_EDGE ( 'NONE', *, *, #1918, .T. ) ;
#3370 = DIRECTION ( 'NONE',  ( -4.898082547081746975E-16, 0.8392316004034160448, -0.5437741451046758101 ) ) ;
#3371 = VECTOR ( 'NONE', #8114, 1000.000000000000000 ) ;
#3372 = CARTESIAN_POINT ( 'NONE',  ( -32.39999999999998437, 9.840218917478438243E-13, 2.298508605669269400E-14 ) ) ;
#3373 = VERTEX_POINT ( 'NONE', #8216 ) ;
#3374 = CARTESIAN_POINT ( 'NONE',  ( -33.39999999999999858, -34.49999999999902656, 2.949999999999855405 ) ) ;
#3375 = DIRECTION ( 'NONE',  ( 0.000000000000000000, 0.7071067811865501263, 0.7071067811865450192 ) ) ;
#3376 = ORIENTED_EDGE ( 'NONE', *, *, #7429, .F. ) ;
#3377 = DIRECTION ( 'NONE',  ( -1.000000000000000000, 4.440892098500626162E-16, 2.121142188857532135E-16 ) ) ;
#3378 =( LENGTH_UNIT ( ) NAMED_UNIT ( * ) SI_UNIT ( .MILLI., .METRE. ) );
#3379 = CIRCLE ( 'NONE', #9596, 2.550000000000003819 ) ;
#3380 = ADVANCED_FACE ( 'NONE', ( #5935 ), #2318, .F. ) ;
#3381 = CARTESIAN_POINT ( 'NONE',  ( -32.90275887879866445, -31.82673534686637851, 4.159638747121356062 ) ) ;
#3382 = EDGE_LOOP ( 'NONE', ( #6802, #3256, #3406, #4775, #9616, #5869, #7973, #8024 ) ) ;
#3383 = VERTEX_POINT ( 'NONE', #3021 ) ;
#3384 = CARTESIAN_POINT ( 'NONE',  ( -32.39999999999998437, -31.89289554064999521, -3.948684026197223140 ) ) ;
#3385 = VECTOR ( 'NONE', #3175, 1000.000000000000000 ) ;
#3386 = DIRECTION ( 'NONE',  ( 1.314184451497584957E-15, 1.000000000000000000, 0.000000000000000000 ) ) ;
#3387 = DIRECTION ( 'NONE',  ( 1.000000000000000000, -4.440892098500626162E-16, -2.121142188857532135E-16 ) ) ;
#3388 = ADVANCED_FACE ( 'NONE', ( #3834 ), #6874, .T. ) ;
#3389 = EDGE_CURVE ( 'NONE', #2306, #4685, #7979, .T. ) ;
#3390 = ADVANCED_FACE ( 'NONE', ( #23 ), #5289, .T. ) ;
#3391 = DIRECTION ( 'NONE',  ( 1.000000000000000000, -2.161476583036224152E-16, -5.473344771987640402E-16 ) ) ;
#3392 = CARTESIAN_POINT ( 'NONE',  ( -33.89999999999998437, -13.74999999999880096, 15.00000000000014921 ) ) ;
#3393 = VERTEX_POINT ( 'NONE', #1519 ) ;
#3394 = CIRCLE ( 'NONE', #9698, 3.749999999999998224 ) ;
#3395 = DIRECTION ( 'NONE',  ( -1.000000000000000000, 0.000000000000000000, 2.428612866367527723E-14 ) ) ;
#3396 = DIRECTION ( 'NONE',  ( 0.000000000000000000, 1.000000000000000000, 0.000000000000000000 ) ) ;
#3397 = DIRECTION ( 'NONE',  ( 1.000000000000000000, -2.161476583036237957E-16, -5.473344771987708442E-16 ) ) ;
#3398 = CARTESIAN_POINT ( 'NONE',  ( -32.39999999999998437, 31.79094230992348002, 1.126253432128031252E-13 ) ) ;
#3399 = EDGE_CURVE ( 'NONE', #6795, #1158, #5448, .T. ) ;
#3400 = CARTESIAN_POINT ( 'NONE',  ( -3.500000000000022204, -16.19999999999996732, 2.381459602250644539E-15 ) ) ;
#3401 = AXIS2_PLACEMENT_3D ( 'NONE', #7509, #6071, #3721 ) ;
#3402 = LINE ( 'NONE', #4204, #6443 ) ;
#3403 = CARTESIAN_POINT ( 'NONE',  ( -3.500000000000017319, -10.84999999999999964, 4.228060447738777384E-16 ) ) ;
#3404 = EDGE_LOOP ( 'NONE', ( #3779, #5528 ) ) ;
#3405 = B_SPLINE_CURVE_WITH_KNOTS ( 'NONE', 3,
 ( #7534, #4544, #7583, #9029 ),
 .UNSPECIFIED., .F., .F.,
 ( 4, 4 ),
 ( 1.110764993427085326E-17, 0.0003909093870026094774 ),
 .UNSPECIFIED. ) ;
#3406 = ORIENTED_EDGE ( 'NONE', *, *, #2893, .T. ) ;
#3407 = CARTESIAN_POINT ( 'NONE',  ( -32.89999999999998437, 32.09568860767781473, 4.480126815582204713 ) ) ;
#3408 = DIRECTION ( 'NONE',  ( -1.000000000000000000, 2.161476583036237957E-16, 5.473344771987708442E-16 ) ) ;
#3409 = VERTEX_POINT ( 'NONE', #8412 ) ;
#3410 = CARTESIAN_POINT ( 'NONE',  ( -32.39999999998894253, 32.48487037263634392, 1.211326476013236508 ) ) ;
#3411 = AXIS2_PLACEMENT_3D ( 'NONE', #3127, #4587, #6046 ) ;
#3412 = CARTESIAN_POINT ( 'NONE',  ( -22.80000000001791705, -31.70000000000002061, 6.418476861114186249E-14 ) ) ;
#3413 = FACE_OUTER_BOUND ( 'NONE', #10, .T. ) ;
#3414 = DIRECTION ( 'NONE',  ( 1.000000000000000000, 0.000000000000000000, -0.000000000000000000 ) ) ;
#3415 = ORIENTED_EDGE ( 'NONE', *, *, #3195, .T. ) ;
#3416 = VECTOR ( 'NONE', #2167, 1000.000000000000114 ) ;
#3417 = ORIENTED_EDGE ( 'NONE', *, *, #7978, .T. ) ;
#3418 = DIRECTION ( 'NONE',  ( 1.000000000000000000, -1.348081413631192369E-15, -3.190558386184555325E-16 ) ) ;
#3419 = CARTESIAN_POINT ( 'NONE',  ( -29.29999999999998295, 9.728927654278865694E-15, 1.535206426618293050E-14 ) ) ;
#3420 = ORIENTED_EDGE ( 'NONE', *, *, #3966, .T. ) ;
#3421 = DIRECTION ( 'NONE',  ( 0.000000000000000000, 0.000000000000000000, 1.000000000000000000 ) ) ;
#3422 = CARTESIAN_POINT ( 'NONE',  ( -32.39999999999043467, 31.76413302922433246, 1.248353697685007369 ) ) ;
#3423 = ORIENTED_EDGE ( 'NONE', *, *, #5900, .T. ) ;
#3424 = DIRECTION ( 'NONE',  ( 0.000000000000000000, 0.4549088130556912524, -0.8905380237835227586 ) ) ;
#3425 = CARTESIAN_POINT ( 'NONE',  ( -33.39999999998451585, 31.79094230992349068, -2.949999999985316368 ) ) ;
#3426 = VERTEX_POINT ( 'NONE', #6726 ) ;
#3427 = ORIENTED_EDGE ( 'NONE', *, *, #7099, .F. ) ;
#3428 = CONICAL_SURFACE ( 'NONE', #4555, 7.349999999973988452, 0.7853981633974481680 ) ;
#3429 = CARTESIAN_POINT ( 'NONE',  ( -3.500000000000004441, 1.650000000000131584, -12.49999999999999822 ) ) ;
#3430 = ORIENTED_EDGE ( 'NONE', *, *, #5702, .F. ) ;
#3431 = VERTEX_POINT ( 'NONE', #5982 ) ;
#3432 = EDGE_CURVE ( 'NONE', #510, #921, #5759, .T. ) ;
#3433 = DIRECTION ( 'NONE',  ( 1.000000000000000000, -2.161476583036237957E-16, -5.473344771987708442E-16 ) ) ;
#3434 = DIRECTION ( 'NONE',  ( 1.000000000000000000, 1.175656832681585912E-18, 4.574462814975471632E-33 ) ) ;
#3435 = CLOSED_SHELL ( 'NONE', ( #3012, #578, #9543, #9737, #4866, #1106, #771, #8642, #9056, #5188, #2171, #6207, #9819, #998, #1011, #688, #8224, #5555, #5716, #9000, #4612, #3441, #4259, #2120, #7023, #1743, #1297, #9313, #8640, #6087, #3440, #2587, #2288, #4429, #7320, #3452, #2461, #658, #68, #4012, #9330, #3894, #4598, #26, #341, #8008, #8400, #1299, #1228, #4382, #3654, #7007, #3069, #411, #502, #5436, #5954, #468, #3629, #150, #8934, #9679, #2759, #6695, #5804, #7788, #6694, #4075, #9479, #6436, #3813, #9131, #8821, #700, #5902, #3251, #8901, #1487, #820, #6325, #1024, #230, #9692, #7953, #232, #7968, #5980, #5488, #6088, #8494, #9374, #453, #636, #7155, #6629, #8352, #104, #9681, #8084, #4752, #2160, #3147, #6191, #4567, #2881, #8748, #6429, #5173, #4944, #2758, #1683, #6396, #6383, #3641, #2107, #5341, #577, #7482, #7283, #6208, #2463, #8778, #4011, #3577, #6933, #375, #9691, #219, #4245, #6943, #9244, #1694, #6327, #4991, #8042, #9480, #8960, #1361, #2936, #317, #2339, #3015, #4391, #8571, #2025, #5714, #3765, #1409, #5250, #79, #1903, #3380, #6739, #740, #3830, #2146, #6866, #529, #2625, #7603, #1757, #5795, #2685, #7746, #2533, #5836, #2511, #6869, #4441, #8598, #1267 ) ) ;
#3436 = VECTOR ( 'NONE', #3367, 1000.000000000000000 ) ;
#3437 = CARTESIAN_POINT ( 'NONE',  ( -42.91599376778210484, 32.48544952681486819, 0.9724037437340775636 ) ) ;
#3438 = DIRECTION ( 'NONE',  ( 0.000000000000000000, -1.000000000000000000, 0.000000000000000000 ) ) ;
#3439 = VERTEX_POINT ( 'NONE', #8267 ) ;
#3440 = ADVANCED_FACE ( 'NONE', ( #3880 ), #9720, .T. ) ;
#3441 = ADVANCED_FACE ( 'NONE', ( #2217 ), #3778, .T. ) ;
#3442 = FACE_OUTER_BOUND ( 'NONE', #5059, .T. ) ;
#3443 = DIRECTION ( 'NONE',  ( -1.000000000000000000, 4.440892098500626162E-16, 2.121142188857532135E-16 ) ) ;
#3444 = FACE_OUTER_BOUND ( 'NONE', #2447, .T. ) ;
#3445 = CARTESIAN_POINT ( 'NONE',  ( -33.63881709647567675, 34.11246252433322468, -3.188817096475596635 ) ) ;
#3446 = CYLINDRICAL_SURFACE ( 'NONE', #7930, 29.50000000000000711 ) ;
#3447 = DIRECTION ( 'NONE',  ( 1.000000000000000000, 1.175656832681595541E-18, -2.479139147737537908E-18 ) ) ;
#3448 = CARTESIAN_POINT ( 'NONE',  ( -30.70000000000001350, -28.95000000000001350, 6.613221709745206737E-14 ) ) ;
#3449 = ORIENTED_EDGE ( 'NONE', *, *, #3453, .T. ) ;
#3450 = VERTEX_POINT ( 'NONE', #2122 ) ;
#3451 = CARTESIAN_POINT ( 'NONE',  ( -22.19999999999998153, 9.917436578346719282E-13, -1.252353447508865394E-14 ) ) ;
#3452 = ADVANCED_FACE ( 'NONE', ( #9121 ), #4531, .T. ) ;
#3453 = EDGE_CURVE ( 'NONE', #6300, #59, #971, .T. ) ;
#3454 = CARTESIAN_POINT ( 'NONE',  ( -30.69999999999998508, 31.79094230992349068, -2.949999999999887823 ) ) ;
#3455 = VERTEX_POINT ( 'NONE', #3683 ) ;
#3456 = CIRCLE ( 'NONE', #101, 1.249999999999992450 ) ;
#3457 = CARTESIAN_POINT ( 'NONE',  ( -29.29999999999997939, 20.90202088431444238, -17.72403791909765403 ) ) ;
#3458 = CARTESIAN_POINT ( 'NONE',  ( -25.19999999999999218, -14.99999999999900524, -14.99999999999995381 ) ) ;
#3459 = CARTESIAN_POINT ( 'NONE',  ( -19.89732793106028552, 31.79094230992348002, -3.949999999999890044 ) ) ;
#3460 = VECTOR ( 'NONE', #3239, 1000.000000000000114 ) ;
#3461 = DIRECTION ( 'NONE',  ( -4.440892098500626162E-16, -1.000000000000000000, 0.000000000000000000 ) ) ;
#3462 = DIRECTION ( 'NONE',  ( 1.000000000000000000, 1.175656832681595541E-18, -2.479139147737537908E-18 ) ) ;
#3463 = ORIENTED_EDGE ( 'NONE', *, *, #1311, .F. ) ;
#3464 = AXIS2_PLACEMENT_3D ( 'NONE', #2035, #6839, #3793 ) ;
#3465 = ORIENTED_EDGE ( 'NONE', *, *, #5160, .T. ) ;
#3466 = CARTESIAN_POINT ( 'NONE',  ( 70.33232511283226529, -9.481370026207550088E-14, -2.243993897086055271E-14 ) ) ;
#3467 = AXIS2_PLACEMENT_3D ( 'NONE', #5977, #8117, #7419 ) ;
#3468 = EDGE_CURVE ( 'NONE', #1847, #280, #9772, .T. ) ;
#3469 = DIRECTION ( 'NONE',  ( -1.000000000000000000, 1.348081413631192369E-15, 3.190558386184555325E-16 ) ) ;
#3470 = ORIENTED_EDGE ( 'NONE', *, *, #6448, .F. ) ;
#3471 = EDGE_CURVE ( 'NONE', #7648, #2340, #4328, .T. ) ;
#3472 = DIRECTION ( 'NONE',  ( 0.000000000000000000, -0.9881952472179332814, 0.1531997172839682231 ) ) ;
#3473 = AXIS2_PLACEMENT_3D ( 'NONE', #3339, #4892, #2731 ) ;
#3474 = DIRECTION ( 'NONE',  ( 0.000000000000000000, 1.000000000000000000, 0.000000000000000000 ) ) ;
#3475 = VERTEX_POINT ( 'NONE', #4036 ) ;
#3476 =( NAMED_UNIT ( * ) PLANE_ANGLE_UNIT ( ) SI_UNIT ( $, .RADIAN. ) );
#3477 = AXIS2_PLACEMENT_3D ( 'NONE', #4965, #5707, #5764 ) ;
#3478 = SURFACE_STYLE_FILL_AREA ( #2569 ) ;
#3479 = LINE ( 'NONE', #8065, #3844 ) ;
#3480 = EDGE_LOOP ( 'NONE', ( #2219, #6019, #1901, #9699 ) ) ;
#3481 = VECTOR ( 'NONE', #6173, 1000.000000000000000 ) ;
#3482 = AXIS2_PLACEMENT_3D ( 'NONE', #881, #6830, #837 ) ;
#3483 = ORIENTED_EDGE ( 'NONE', *, *, #3345, .F. ) ;
#3484 = ORIENTED_EDGE ( 'NONE', *, *, #1991, .T. ) ;
#3485 = CIRCLE ( 'NONE', #1569, 2.000000000000005329 ) ;
#3486 = PLANE ( 'NONE',  #7088 ) ;
#3487 = ORIENTED_EDGE ( 'NONE', *, *, #8831, .F. ) ;
#3488 = ORIENTED_EDGE ( 'NONE', *, *, #8041, .F. ) ;
#3489 = AXIS2_PLACEMENT_3D ( 'NONE', #5212, #3810, #6650 ) ;
#3490 = CYLINDRICAL_SURFACE ( 'NONE', #7766, 14.69999999999999751 ) ;
#3491 = DIRECTION ( 'NONE',  ( 0.000000000000000000, 0.000000000000000000, 1.000000000000000000 ) ) ;
#3492 = CYLINDRICAL_SURFACE ( 'NONE', #6065, 1.649999999999995248 ) ;
#3493 = AXIS2_PLACEMENT_3D ( 'NONE', #2736, #4150, #9436 ) ;
#3494 = CARTESIAN_POINT ( 'NONE',  ( -33.89999999999999858, -14.99999999999900169, -14.99999999999995204 ) ) ;
#3495 = B_SPLINE_CURVE_WITH_KNOTS ( 'NONE', 3,
 ( #4900, #1942, #2631, #3445 ),
 .UNSPECIFIED., .F., .F.,
 ( 4, 4 ),
 ( 1.131732585311549871E-17, 0.0003909094051976575931 ),
 .UNSPECIFIED. ) ;
#3496 =( GEOMETRIC_REPRESENTATION_CONTEXT ( 3 ) GLOBAL_UNCERTAINTY_ASSIGNED_CONTEXT ( ( #9426 ) ) GLOBAL_UNIT_ASSIGNED_CONTEXT ( ( #3841, #6639, #9170 ) ) REPRESENTATION_CONTEXT ( 'NONE', 'WORKASPACE' ) );
#3497 = VERTEX_POINT ( 'NONE', #7866 ) ;
#3498 = DIRECTION ( 'NONE',  ( 1.000000000000000000, -4.440892098500626162E-16, -2.121142188857532135E-16 ) ) ;
#3499 = CARTESIAN_POINT ( 'NONE',  ( -32.39999999999043467, 32.81317252971573595, 0.5686360163124990486 ) ) ;
#3500 = CARTESIAN_POINT ( 'NONE',  ( -19.99999999999997513, 18.80000000000099192, -1.031664989119022321E-14 ) ) ;
#3501 = DIRECTION ( 'NONE',  ( -1.000000000000000000, 4.440892098500626162E-16, 2.121142188857532135E-16 ) ) ;
#3502 = AXIS2_PLACEMENT_3D ( 'NONE', #6428, #4932, #7827 ) ;
#3503 = DIRECTION ( 'NONE',  ( -4.022547190670857145E-16, -1.000000000000000000, 0.000000000000000000 ) ) ;
#3504 = EDGE_CURVE ( 'NONE', #6015, #7846, #8302, .T. ) ;
#3505 = VECTOR ( 'NONE', #3154, 1000.000000000000000 ) ;
#3506 = DIRECTION ( 'NONE',  ( -1.000000000000000000, -1.175656832681595541E-18, 2.479139147737537908E-18 ) ) ;
#3507 = EDGE_CURVE ( 'NONE', #6059, #7422, #7985, .T. ) ;
#3508 = CARTESIAN_POINT ( 'NONE',  ( -32.89999999999999147, -10.46696063785974928, -31.14228282997218145 ) ) ;
#3509 = ORIENTED_EDGE ( 'NONE', *, *, #7789, .T. ) ;
#3510 = AXIS2_PLACEMENT_3D ( 'NONE', #9383, #3091, #1690 ) ;
#3511 = EDGE_LOOP ( 'NONE', ( #778, #5509, #8364, #3719 ) ) ;
#3512 = CARTESIAN_POINT ( 'NONE',  ( -33.89999999999998437, -34.49999999999901235, 3.449999999968364151 ) ) ;
#3513 = CIRCLE ( 'NONE', #4313, 0.7999999999999917177 ) ;
#3514 = LINE ( 'NONE', #9602, #2355 ) ;
#3515 = EDGE_LOOP ( 'NONE', ( #853, #7179, #4121, #6357 ) ) ;
#3516 = DIRECTION ( 'NONE',  ( 0.000000000000000000, 3.890984756615977524E-15, -1.000000000000000000 ) ) ;
#3517 = DIRECTION ( 'NONE',  ( -4.720335989052536868E-16, -1.000000000000000000, -5.551115123125791330E-17 ) ) ;
#3518 = CARTESIAN_POINT ( 'NONE',  ( -29.29999999999996874, 20.90202088431462357, 17.72403791909756876 ) ) ;
#3519 = AXIS2_PLACEMENT_3D ( 'NONE', #4584, #6329, #838 ) ;
#3520 = AXIS2_PLACEMENT_3D ( 'NONE', #5006, #9594, #7146 ) ;
#3521 = EDGE_CURVE ( 'NONE', #8133, #581, #6922, .T. ) ;
#3522 = CARTESIAN_POINT ( 'NONE',  ( -32.39999999999999858, -31.82493143843175787, -3.950000000000137401 ) ) ;
#3523 = EDGE_CURVE ( 'NONE', #4315, #6806, #6550, .T. ) ;
#3524 = FACE_OUTER_BOUND ( 'NONE', #335, .T. ) ;
#3525 = ORIENTED_EDGE ( 'NONE', *, *, #1133, .F. ) ;
#3526 = ORIENTED_EDGE ( 'NONE', *, *, #2717, .T. ) ;
#3527 = CARTESIAN_POINT ( 'NONE',  ( -31.79999999999998650, 9.947601726225209511E-13, -1.107421619705186766E-14 ) ) ;
#3528 = AXIS2_PLACEMENT_3D ( 'NONE', #776, #8366, #6372 ) ;
#3529 = CARTESIAN_POINT ( 'NONE',  ( -5.000000000000004441, 6.740407068155994979E-15, 1.595279193092283776E-15 ) ) ;
#3530 = VERTEX_POINT ( 'NONE', #4682 ) ;
#3531 = CARTESIAN_POINT ( 'NONE',  ( -1.700000000000007061, 2.291738403173033576E-15, -3.461177810754488099E-32 ) ) ;
#3532 = CYLINDRICAL_SURFACE ( 'NONE', #6984, 2.550000000000005596 ) ;
#3533 = ORIENTED_EDGE ( 'NONE', *, *, #9495, .T. ) ;
#3534 = DIRECTION ( 'NONE',  ( 1.000000000000000000, -4.440892098500626162E-16, -2.121142188857532135E-16 ) ) ;
#3535 = EDGE_CURVE ( 'NONE', #1496, #8895, #176, .T. ) ;
#3536 = CARTESIAN_POINT ( 'NONE',  ( -32.69508667774753263, -31.79094230992150116, 3.949999999999868727 ) ) ;
#3537 = VERTEX_POINT ( 'NONE', #6279 ) ;
#3538 = CIRCLE ( 'NONE', #6096, 1.649999999999995248 ) ;
#3539 = EDGE_LOOP ( 'NONE', ( #4481, #8944, #1283, #8398, #6187 ) ) ;
#3540 = ORIENTED_EDGE ( 'NONE', *, *, #1060, .F. ) ;
#3541 = DIRECTION ( 'NONE',  ( 0.000000000000000000, 0.000000000000000000, -1.000000000000000000 ) ) ;
#3542 = VERTEX_POINT ( 'NONE', #3932 ) ;
#3543 = ORIENTED_EDGE ( 'NONE', *, *, #6252, .T. ) ;
#3544 = AXIS2_PLACEMENT_3D ( 'NONE', #4511, #8242, #9148 ) ;
#3545 = CARTESIAN_POINT ( 'NONE',  ( -29.49999999999998579, -31.91870648513821962, -3.948350868272433978 ) ) ;
#3546 = CARTESIAN_POINT ( 'NONE',  ( -32.39999999997924363, -31.70000000000001350, 6.613633252161577047E-14 ) ) ;
#3547 = CARTESIAN_POINT ( 'NONE',  ( -32.39999999999999147, 31.04339568581389841, 1.285380919387390186 ) ) ;
#3548 = DIRECTION ( 'NONE',  ( -1.000000000000000000, 4.440892098500626162E-16, 2.121142188857532135E-16 ) ) ;
#3549 = VECTOR ( 'NONE', #8083, 1000.000000000000000 ) ;
#3550 = ORIENTED_EDGE ( 'NONE', *, *, #2547, .T. ) ;
#3551 = CARTESIAN_POINT ( 'NONE',  ( -32.89999999999998437, 32.41882666302463178, -4.973667692656596806 ) ) ;
#3552 = FACE_OUTER_BOUND ( 'NONE', #7266, .T. ) ;
#3553 = CARTESIAN_POINT ( 'NONE',  ( -32.39999999998410374, -32.81317252971579279, -0.5686360163125955269 ) ) ;
#3554 = PLANE ( 'NONE',  #9099 ) ;
#3555 = AXIS2_PLACEMENT_3D ( 'NONE', #2136, #5309, #3652 ) ;
#3556 = CARTESIAN_POINT ( 'NONE',  ( -31.79999999999998650, 9.947601726225209511E-13, -1.107421619705186766E-14 ) ) ;
#3557 = LINE ( 'NONE', #3605, #542 ) ;
#3558 = LINE ( 'NONE', #5010, #1724 ) ;
#3559 = ORIENTED_EDGE ( 'NONE', *, *, #7223, .F. ) ;
#3560 = ORIENTED_EDGE ( 'NONE', *, *, #8655, .F. ) ;
#3561 = CARTESIAN_POINT ( 'NONE',  ( -29.49999999999998934, -31.69999999999900808, -1.344241350018181572E-13 ) ) ;
#3562 = ORIENTED_EDGE ( 'NONE', *, *, #5825, .T. ) ;
#3563 = DIRECTION ( 'NONE',  ( 0.000000000000000000, -1.000000000000000000, 0.000000000000000000 ) ) ;
#3564 = CARTESIAN_POINT ( 'NONE',  ( -24.69999999999996376, 9.928538808592970847E-13, -1.199324892787427543E-14 ) ) ;
#3565 = EDGE_CURVE ( 'NONE', #9797, #234, #3196, .T. ) ;
#3566 = DIRECTION ( 'NONE',  ( 0.000000000000000000, -1.000000000000000000, 0.000000000000000000 ) ) ;
#3567 = AXIS2_PLACEMENT_3D ( 'NONE', #6923, #6089, #9123 ) ;
#3568 = CARTESIAN_POINT ( 'NONE',  ( -32.89999999999999147, -31.16138904533606180, -10.23756967290670516 ) ) ;
#3569 = CARTESIAN_POINT ( 'NONE',  ( -32.39999999999192681, 31.69999999999998508, 1.249999999969200193 ) ) ;
#3570 = EDGE_LOOP ( 'NONE', ( #9398, #1723, #6168, #2170 ) ) ;
#3571 = ORIENTED_EDGE ( 'NONE', *, *, #1918, .F. ) ;
#3572 = DIRECTION ( 'NONE',  ( -1.000000000000000000, 2.161476583036224152E-16, 5.473344771987640402E-16 ) ) ;
#3573 = CIRCLE ( 'NONE', #5648, 33.29999999999999716 ) ;
#3574 = CARTESIAN_POINT ( 'NONE',  ( -3.000000000000018208, 8.269275697951953130E-15, -34.50000000000000000 ) ) ;
#3575 = ORIENTED_EDGE ( 'NONE', *, *, #6275, .F. ) ;
#3576 = DIRECTION ( 'NONE',  ( 1.000000000000000000, -4.440892098493159100E-16, -2.121142188919197885E-16 ) ) ;
#3577 = ADVANCED_FACE ( 'NONE', ( #9272 ), #5530, .F. ) ;
#3578 = CARTESIAN_POINT ( 'NONE',  ( -32.89999999999998437, -32.16084122085908348, 4.509337600526929002 ) ) ;
#3579 = ORIENTED_EDGE ( 'NONE', *, *, #3210, .F. ) ;
#3580 = EDGE_CURVE ( 'NONE', #7507, #2722, #4878, .T. ) ;
#3581 = EDGE_CURVE ( 'NONE', #7966, #7764, #6872, .T. ) ;
#3582 = PRESENTATION_STYLE_ASSIGNMENT (( #571 ) ) ;
#3583 = CYLINDRICAL_SURFACE ( 'NONE', #1383, 1.249999999999992450 ) ;
#3584 = AXIS2_PLACEMENT_3D ( 'NONE', #5937, #1328, #488 ) ;
#3585 = DIRECTION ( 'NONE',  ( 9.251858538542971828E-16, 0.000000000000000000, 1.000000000000000000 ) ) ;
#3586 = VERTEX_POINT ( 'NONE', #8661 ) ;
#3587 = VERTEX_POINT ( 'NONE', #8515 ) ;
#3588 = ORIENTED_EDGE ( 'NONE', *, *, #8144, .T. ) ;
#3589 = DIRECTION ( 'NONE',  ( 1.000000000000000000, -2.161476583036237957E-16, -5.473344771987708442E-16 ) ) ;
#3590 = ORIENTED_EDGE ( 'NONE', *, *, #1059, .T. ) ;
#3591 = EDGE_CURVE ( 'NONE', #5319, #1524, #9744, .T. ) ;
#3592 = VERTEX_POINT ( 'NONE', #4782 ) ;
#3593 = EDGE_CURVE ( 'NONE', #9054, #7749, #7684, .T. ) ;
#3594 = DIRECTION ( 'NONE',  ( -1.000000000000000000, 2.161476583036224152E-16, 5.473344771987640402E-16 ) ) ;
#3595 = CARTESIAN_POINT ( 'NONE',  ( -29.29999999999997229, 17.72403791909884418, 20.90202088431324867 ) ) ;
#3596 = DIRECTION ( 'NONE',  ( 0.000000000000000000, -1.000000000000000000, 0.000000000000000000 ) ) ;
#3597 = EDGE_CURVE ( 'NONE', #7173, #8548, #491, .T. ) ;
#3598 = CARTESIAN_POINT ( 'NONE',  ( -23.49999999999995381, 18.50000000000098410, 22.99999999999998934 ) ) ;
#3599 = CYLINDRICAL_SURFACE ( 'NONE', #6843, 3.750000000000000000 ) ;
#3600 = FACE_OUTER_BOUND ( 'NONE', #1063, .T. ) ;
#3601 = CIRCLE ( 'NONE', #4882, 1.249999999999987121 ) ;
#3602 = VECTOR ( 'NONE', #6591, 1000.000000000000114 ) ;
#3603 = CARTESIAN_POINT ( 'NONE',  ( -32.89999999999998437, -31.79094230992143721, 4.450000000001623768 ) ) ;
#3604 = CARTESIAN_POINT ( 'NONE',  ( -33.89999999999998437, 13.28949793360104792, -16.89121196084472132 ) ) ;
#3605 = CARTESIAN_POINT ( 'NONE',  ( -32.39999999999999147, 30.25852531317753602, 0.07405444337400812760 ) ) ;
#3606 = CARTESIAN_POINT ( 'NONE',  ( -32.90000002351116848, -23.23001400988823306, -23.17699200024924622 ) ) ;
#3607 = VERTEX_POINT ( 'NONE', #7075 ) ;
#3608 = VERTEX_POINT ( 'NONE', #5439 ) ;
#3609 = DIRECTION ( 'NONE',  ( 0.7071067811865378028, 0.000000000000000000, -0.7071067811865573427 ) ) ;
#3610 = ORIENTED_EDGE ( 'NONE', *, *, #1557, .F. ) ;
#3611 = CARTESIAN_POINT ( 'NONE',  ( -33.70000000000000284, 28.25903377553478180, -4.671328639480596401 ) ) ;
#3612 = CARTESIAN_POINT ( 'NONE',  ( -23.49999999999997513, 19.23330444827511343, -19.23330444827406538 ) ) ;
#3613 = CARTESIAN_POINT ( 'NONE',  ( -33.89999999999999858, -14.99999999999900169, -14.99999999999995204 ) ) ;
#3614 = FACE_OUTER_BOUND ( 'NONE', #7426, .T. ) ;
#3615 = DIRECTION ( 'NONE',  ( 1.000000000000000000, -2.161476583036237957E-16, -5.473344771987708442E-16 ) ) ;
#3616 = EDGE_LOOP ( 'NONE', ( #1276, #6626, #6633, #3540 ) ) ;
#3617 = EDGE_CURVE ( 'NONE', #175, #5791, #5133, .T. ) ;
#3618 = ORIENTED_EDGE ( 'NONE', *, *, #5160, .F. ) ;
#3619 = CARTESIAN_POINT ( 'NONE',  ( -42.91599376778213326, -32.48544952681287157, 0.9724037437341219725 ) ) ;
#3620 = DIRECTION ( 'NONE',  ( 0.000000000000000000, 0.000000000000000000, 1.000000000000000000 ) ) ;
#3621 = ORIENTED_EDGE ( 'NONE', *, *, #4742, .T. ) ;
#3622 = CARTESIAN_POINT ( 'NONE',  ( -29.29999999999998650, 15.00000000000016875, -14.99999999999982592 ) ) ;
#3623 = CARTESIAN_POINT ( 'NONE',  ( -32.89999999999998437, -32.39418616781173199, 4.792977445707627737 ) ) ;
#3624 =( GEOMETRIC_REPRESENTATION_CONTEXT ( 3 ) GLOBAL_UNCERTAINTY_ASSIGNED_CONTEXT ( ( #4942 ) ) GLOBAL_UNIT_ASSIGNED_CONTEXT ( ( #5744, #6587, #8027 ) ) REPRESENTATION_CONTEXT ( 'NONE', 'WORKASPACE' ) );
#3625 = ORIENTED_EDGE ( 'NONE', *, *, #353, .F. ) ;
#3626 = LINE ( 'NONE', #2864, #4458 ) ;
#3627 = VERTEX_POINT ( 'NONE', #2513 ) ;
#3628 = CIRCLE ( 'NONE', #9205, 2.249999999999998668 ) ;
#3629 = ADVANCED_FACE ( 'NONE', ( #8466 ), #4480, .F. ) ;
#3630 = EDGE_CURVE ( 'NONE', #1400, #8009, #8614, .T. ) ;
#3631 = ORIENTED_EDGE ( 'NONE', *, *, #2278, .F. ) ;
#3632 = ORIENTED_EDGE ( 'NONE', *, *, #7842, .T. ) ;
#3633 = DIRECTION ( 'NONE',  ( 0.000000000000000000, 0.000000000000000000, 1.000000000000000000 ) ) ;
#3634 = ORIENTED_EDGE ( 'NONE', *, *, #5591, .F. ) ;
#3635 = ORIENTED_EDGE ( 'NONE', *, *, #2826, .T. ) ;
#3636 = FILL_AREA_STYLE ('',( #6733 ) ) ;
#3637 = CARTESIAN_POINT ( 'NONE',  ( -20.89999999999997371, -19.23499999999978982, 17.98500000000021970 ) ) ;
#3638 = AXIS2_PLACEMENT_3D ( 'NONE', #5181, #1360, #2156 ) ;
#3639 = VECTOR ( 'NONE', #5745, 1000.000000000000000 ) ;
#3640 = CARTESIAN_POINT ( 'NONE',  ( -22.70000000003631158, -31.70000000000002061, -1.399999999967234787 ) ) ;
#3641 = ADVANCED_FACE ( 'NONE', ( #1026 ), #7036, .F. ) ;
#3642 = DIRECTION ( 'NONE',  ( -4.565061778886329113E-16, -1.000000000000000000, 0.000000000000000000 ) ) ;
#3643 = ADVANCED_FACE ( 'NONE', ( #416 ), #5074, .F. ) ;
#3644 = AXIS2_PLACEMENT_3D ( 'NONE', #2597, #2049, #5121 ) ;
#3645 = FACE_OUTER_BOUND ( 'NONE', #2373, .T. ) ;
#3646 = CIRCLE ( 'NONE', #6355, 1.249999999999992450 ) ;
#3647 = CARTESIAN_POINT ( 'NONE',  ( -30.99999999999998579, 8.800000000001123368, -33.35880693310237177 ) ) ;
#3648 = VECTOR ( 'NONE', #7286, 1000.000000000000000 ) ;
#3649 = CARTESIAN_POINT ( 'NONE',  ( -83.77726090546464377, 8.800000000001130473, -33.35880693310237177 ) ) ;
#3650 = FACE_OUTER_BOUND ( 'NONE', #3930, .T. ) ;
#3651 = CIRCLE ( 'NONE', #6053, 14.69999999999999751 ) ;
#3652 = DIRECTION ( 'NONE',  ( 0.000000000000000000, -0.9881952472179332814, 0.1531997172839682231 ) ) ;
#3653 = EDGE_CURVE ( 'NONE', #5114, #6712, #2557, .T. ) ;
#3654 = ADVANCED_FACE ( 'NONE', ( #7368 ), #9457, .F. ) ;
#3655 = CARTESIAN_POINT ( 'NONE',  ( -32.89999999999998437, -21.77192396290154264, -24.53210681257285586 ) ) ;
#3656 = ORIENTED_EDGE ( 'NONE', *, *, #7166, .F. ) ;
#3657 = ORIENTED_EDGE ( 'NONE', *, *, #8447, .F. ) ;
#3658 = CARTESIAN_POINT ( 'NONE',  ( -25.19999999999997087, 30.97598580441739458, 4.492026652257679942 ) ) ;
#3659 = VERTEX_POINT ( 'NONE', #471 ) ;
#3660 = CARTESIAN_POINT ( 'NONE',  ( -33.54466991411008792, 28.05304010509376056, -4.950978037211161364 ) ) ;
#3661 = CARTESIAN_POINT ( 'NONE',  ( -33.89999999999998437, -16.24999999999878852, 15.00000000000015099 ) ) ;
#3662 = DIRECTION ( 'NONE',  ( 0.000000000000000000, -1.000000000000000000, 0.000000000000000000 ) ) ;
#3663 = VECTOR ( 'NONE', #8750, 1000.000000000000000 ) ;
#3664 = AXIS2_PLACEMENT_3D ( 'NONE', #638, #7431, #2827 ) ;
#3665 = DIRECTION ( 'NONE',  ( -1.175656832681595541E-18, 1.000000000000000000, 2.914616878206063915E-36 ) ) ;
#3666 = DIRECTION ( 'NONE',  ( -1.000000000000000000, -1.175656832681595541E-18, 2.479139147737537908E-18 ) ) ;
#3667 = ORIENTED_EDGE ( 'NONE', *, *, #1662, .T. ) ;
#3668 = AXIS2_PLACEMENT_3D ( 'NONE', #4422, #3728, #1515 ) ;
#3669 = VERTEX_POINT ( 'NONE', #4221 ) ;
#3670 = CARTESIAN_POINT ( 'NONE',  ( -30.89999999999997016, 19.23500000000001009, 20.48500000000000298 ) ) ;
#3671 = FACE_OUTER_BOUND ( 'NONE', #865, .T. ) ;
#3672 = VERTEX_POINT ( 'NONE', #4327 ) ;
#3673 = CARTESIAN_POINT ( 'NONE',  ( -32.89999999999998437, -14.99999999999888978, -15.00000000000006928 ) ) ;
#3674 = CIRCLE ( 'NONE', #8932, 1.249999999969407360 ) ;
#3675 = CARTESIAN_POINT ( 'NONE',  ( -32.40000000000000568, -31.04339568581391262, -1.285380919387465903 ) ) ;
#3676 = EDGE_LOOP ( 'NONE', ( #997, #9445, #5313, #5226 ) ) ;
#3677 = CARTESIAN_POINT ( 'NONE',  ( -23.49999999999997868, 9.923209738074770903E-13, -1.224778599053717573E-14 ) ) ;
#3678 = AXIS2_PLACEMENT_3D ( 'NONE', #4499, #5948, #644 ) ;
#3679 = CARTESIAN_POINT ( 'NONE',  ( -32.39999999999192681, 31.69999999999998508, -1.464757135027916490E-13 ) ) ;
#3680 = ORIENTED_EDGE ( 'NONE', *, *, #452, .F. ) ;
#3681 = AXIS2_PLACEMENT_3D ( 'NONE', #6623, #2767, #2966 ) ;
#3682 = ORIENTED_EDGE ( 'NONE', *, *, #6221, .F. ) ;
#3683 = CARTESIAN_POINT ( 'NONE',  ( -33.89999999999997016, 16.25000000000098410, 14.99999999999992717 ) ) ;
#3684 = ORIENTED_EDGE ( 'NONE', *, *, #5376, .T. ) ;
#3685 = CIRCLE ( 'NONE', #7504, 2.750000000000001776 ) ;
#3686 = DIRECTION ( 'NONE',  ( -1.000000000000000000, -1.175656832681595541E-18, 2.479139147737537908E-18 ) ) ;
#3687 = ORIENTED_EDGE ( 'NONE', *, *, #7234, .T. ) ;
#3688 = CARTESIAN_POINT ( 'NONE',  ( -32.89999996521128622, -4.939791897989504577, 32.42739724593448614 ) ) ;
#3689 = ORIENTED_EDGE ( 'NONE', *, *, #386, .T. ) ;
#3690 = EDGE_CURVE ( 'NONE', #8925, #3455, #8805, .T. ) ;
#3691 = ADVANCED_FACE ( 'NONE', ( #6518 ), #4267, .T. ) ;
#3692 = DIRECTION ( 'NONE',  ( -1.000000000000000000, 4.440892098500626162E-16, 2.121142188857532135E-16 ) ) ;
#3693 = AXIS2_PLACEMENT_3D ( 'NONE', #9310, #7815, #3218 ) ;
#3694 = DIRECTION ( 'NONE',  ( -4.270088556250603178E-16, -1.000000000000000000, 0.000000000000000000 ) ) ;
#3695 = CARTESIAN_POINT ( 'NONE',  ( -22.70000000003631158, -31.70000000000002061, 1.399999999967363129 ) ) ;
#3696 = CARTESIAN_POINT ( 'NONE',  ( -83.77726090546464377, -4.049999999998870948, -34.26145793745506296 ) ) ;
#3697 = AXIS2_PLACEMENT_3D ( 'NONE', #4200, #546, #5851 ) ;
#3698 = DIRECTION ( 'NONE',  ( 1.000000000000000000, -2.161476583036237957E-16, -5.473344771987708442E-16 ) ) ;
#3699 = EDGE_CURVE ( 'NONE', #7440, #466, #6421, .T. ) ;
#3700 = DIRECTION ( 'NONE',  ( -0.000000000000000000, -0.7071067811865501263, -0.7071067811865450192 ) ) ;
#3701 = EDGE_CURVE ( 'NONE', #8150, #6033, #3038, .T. ) ;
#3702 = EDGE_CURVE ( 'NONE', #8823, #3669, #786, .T. ) ;
#3703 = CARTESIAN_POINT ( 'NONE',  ( -32.39999999999998437, -1.199999999998877298, -33.27837135437975036 ) ) ;
#3704 = DIRECTION ( 'NONE',  ( 0.000000000000000000, 0.000000000000000000, 1.000000000000000000 ) ) ;
#3705 = CIRCLE ( 'NONE', #8001, 33.29999999999999716 ) ;
#3706 = CARTESIAN_POINT ( 'NONE',  ( -33.55932969675775723, -34.18547161059520079, -3.261826182739856250 ) ) ;
#3707 = CARTESIAN_POINT ( 'NONE',  ( -32.89999999999998437, -28.93904765351385677, -15.43941594999469302 ) ) ;
#3708 = ORIENTED_EDGE ( 'NONE', *, *, #7064, .F. ) ;
#3709 = VERTEX_POINT ( 'NONE', #4924 ) ;
#3710 = DIRECTION ( 'NONE',  ( 0.7071067811865573427, -2.750510391977872025E-15, 0.7071067811865378028 ) ) ;
#3711 = ORIENTED_EDGE ( 'NONE', *, *, #8316, .T. ) ;
#3712 = FACE_OUTER_BOUND ( 'NONE', #4387, .T. ) ;
#3713 = VECTOR ( 'NONE', #6425, 1000.000000000000000 ) ;
#3714 = CARTESIAN_POINT ( 'NONE',  ( -32.89999999999998437, -31.90580101289413406, 4.448517447234555888 ) ) ;
#3715 = EDGE_CURVE ( 'NONE', #9630, #451, #7315, .T. ) ;
#3716 = CARTESIAN_POINT ( 'NONE',  ( -33.32500000000000284, -37.84895836671253022, -0.05301890640157591594 ) ) ;
#3717 = ORIENTED_EDGE ( 'NONE', *, *, #3630, .T. ) ;
#3718 = CARTESIAN_POINT ( 'NONE',  ( -22.39999999999999858, 8.237508811983860769E-15, 1.157545637351138754E-14 ) ) ;
#3719 = ORIENTED_EDGE ( 'NONE', *, *, #6528, .T. ) ;
#3720 = ORIENTED_EDGE ( 'NONE', *, *, #7222, .F. ) ;
#3721 = DIRECTION ( 'NONE',  ( 0.000000000000000000, -1.000000000000000000, 0.000000000000000000 ) ) ;
#3722 = CARTESIAN_POINT ( 'NONE',  ( -33.32500000000000995, -32.95099923590319690, 2.448979565404738601 ) ) ;
#3723 = ORIENTED_EDGE ( 'NONE', *, *, #6382, .T. ) ;
#3724 = DIRECTION ( 'NONE',  ( -1.000000000000000000, 2.161476583036237957E-16, 5.473344771987708442E-16 ) ) ;
#3725 = CIRCLE ( 'NONE', #3079, 2.550000000000000266 ) ;
#3726 = CARTESIAN_POINT ( 'NONE',  ( -3.000000000000047518, -32.99999999999999289, 5.317557791660108052E-15 ) ) ;
#3727 = VERTEX_POINT ( 'NONE', #2708 ) ;
#3728 = DIRECTION ( 'NONE',  ( -1.000000000000000000, 4.440892098500626162E-16, 2.121142188857532135E-16 ) ) ;
#3729 =( NAMED_UNIT ( * ) PLANE_ANGLE_UNIT ( ) SI_UNIT ( $, .RADIAN. ) );
#3730 = ORIENTED_EDGE ( 'NONE', *, *, #2278, .T. ) ;
#3731 = TOROIDAL_SURFACE ( 'NONE', #7553, 0.4999999999999859002, 0.4999999999999993339 ) ;
#3732 = ORIENTED_EDGE ( 'NONE', *, *, #7581, .T. ) ;
#3733 = CARTESIAN_POINT ( 'NONE',  ( 70.33232511283226529, -9.481370026207550088E-14, -2.243993897086055271E-14 ) ) ;
#3734 = VERTEX_POINT ( 'NONE', #9506 ) ;
#3735 = DIRECTION ( 'NONE',  ( 6.938893903907226405E-16, 0.000000000000000000, 1.000000000000000000 ) ) ;
#3736 = ORIENTED_EDGE ( 'NONE', *, *, #9314, .F. ) ;
#3737 = CARTESIAN_POINT ( 'NONE',  ( -32.89999990620587766, -8.806067171084380973, 31.59618423005935384 ) ) ;
#3738 = ORIENTED_EDGE ( 'NONE', *, *, #5287, .T. ) ;
#3739 = AXIS2_PLACEMENT_3D ( 'NONE', #9581, #8069, #5738 ) ;
#3740 = CARTESIAN_POINT ( 'NONE',  ( -32.89999999999998437, -32.41280410874718143, -5.024950726914426014 ) ) ;
#3741 = FACE_OUTER_BOUND ( 'NONE', #5071, .T. ) ;
#3742 = FACE_OUTER_BOUND ( 'NONE', #8160, .T. ) ;
#3743 = EDGE_CURVE ( 'NONE', #7119, #1223, #9421, .T. ) ;
#3744 = FACE_BOUND ( 'NONE', #8166, .T. ) ;
#3745 = CARTESIAN_POINT ( 'NONE',  ( -25.19999999999998153, 9.930759254642223180E-13, -1.188719181843139373E-14 ) ) ;
#3746 = FACE_BOUND ( 'NONE', #5618, .T. ) ;
#3747 = DIRECTION ( 'NONE',  ( 1.000000000000000000, -1.348081413631192369E-15, -3.190558386184555325E-16 ) ) ;
#3748 = DIRECTION ( 'NONE',  ( 1.000000000000000000, -4.440892098500626162E-16, -2.121142188857532135E-16 ) ) ;
#3749 = CARTESIAN_POINT ( 'NONE',  ( -32.89999998670848669, -28.56242990316898656, -16.12877471940970864 ) ) ;
#3750 = VERTEX_POINT ( 'NONE', #2652 ) ;
#3751 = EDGE_CURVE ( 'NONE', #7623, #4160, #328, .T. ) ;
#3752 = EDGE_CURVE ( 'NONE', #6156, #3475, #1604, .T. ) ;
#3753 = ORIENTED_EDGE ( 'NONE', *, *, #8254, .F. ) ;
#3754 = AXIS2_PLACEMENT_3D ( 'NONE', #8486, #4805, #996 ) ;
#3755 = CARTESIAN_POINT ( 'NONE',  ( -30.90000000000000213, 8.500000000000012434, -33.49999999999998579 ) ) ;
#3756 = ORIENTED_EDGE ( 'NONE', *, *, #2636, .F. ) ;
#3757 = CARTESIAN_POINT ( 'NONE',  ( -32.39999999997924363, -31.70000000000001350, 6.613633252161577047E-14 ) ) ;
#3758 = DIRECTION ( 'NONE',  ( 0.000000000000000000, 0.000000000000000000, 1.000000000000000000 ) ) ;
#3759 = CARTESIAN_POINT ( 'NONE',  ( -32.69508667774751842, 31.85891773588923215, 3.949561317706380859 ) ) ;
#3760 = EDGE_LOOP ( 'NONE', ( #5271, #9443, #5474, #370 ) ) ;
#3761 = VECTOR ( 'NONE', #1113, 999.9999999999998863 ) ;
#3762 = CARTESIAN_POINT ( 'NONE',  ( -33.89999999999998437, 16.25000000000088107, -15.00000000000006750 ) ) ;
#3763 = VERTEX_POINT ( 'NONE', #7165 ) ;
#3764 = EDGE_CURVE ( 'NONE', #7695, #2294, #8464, .T. ) ;
#3765 = ADVANCED_FACE ( 'NONE', ( #5827, #8853 ), #9662, .F. ) ;
#3766 = EDGE_LOOP ( 'NONE', ( #1573, #5211 ) ) ;
#3767 = DIRECTION ( 'NONE',  ( 5.531002387172428574E-16, 0.000000000000000000, 1.000000000000000000 ) ) ;
#3768 = DIRECTION ( 'NONE',  ( -1.000000000000000000, -1.175656832681595541E-18, 2.479139147737537908E-18 ) ) ;
#3769 = VERTEX_POINT ( 'NONE', #8908 ) ;
#3770 = CARTESIAN_POINT ( 'NONE',  ( -30.69999999999998508, 31.79094230992349068, -2.949999999999887823 ) ) ;
#3771 = DIRECTION ( 'NONE',  ( -4.167503846190527060E-16, -1.000000000000000000, 2.664535259100375697E-15 ) ) ;
#3772 = ORIENTED_EDGE ( 'NONE', *, *, #9529, .T. ) ;
#3773 = CARTESIAN_POINT ( 'NONE',  ( -20.89999999999997371, 28.77408854166666785, 3.820143356340674590 ) ) ;
#3774 = ORIENTED_EDGE ( 'NONE', *, *, #386, .F. ) ;
#3775 = ADVANCED_FACE ( 'NONE', ( #1860 ), #1116, .T. ) ;
#3776 = EDGE_LOOP ( 'NONE', ( #1790, #5634 ) ) ;
#3777 = ADVANCED_FACE ( 'NONE', ( #5370 ), #2109, .T. ) ;
#3778 = CYLINDRICAL_SURFACE ( 'NONE', #3828, 18.80000000000000071 ) ;
#3779 = ORIENTED_EDGE ( 'NONE', *, *, #7073, .T. ) ;
#3780 = CARTESIAN_POINT ( 'NONE',  ( -32.89999999999998437, 9.989894952270185060E-13, -34.50000000000001421 ) ) ;
#3781 = ORIENTED_EDGE ( 'NONE', *, *, #4729, .F. ) ;
#3782 = CARTESIAN_POINT ( 'NONE',  ( -32.89999976703280282, -10.26280952766647303, 31.15359431417466851 ) ) ;
#3783 = VERTEX_POINT ( 'NONE', #3670 ) ;
#3784 = DIRECTION ( 'NONE',  ( -2.479139147737537908E-18, 0.000000000000000000, -1.000000000000000000 ) ) ;
#3785 = DIRECTION ( 'NONE',  ( -1.000000000000000000, -1.175656832681595541E-18, 2.479139147737537908E-18 ) ) ;
#3786 = VECTOR ( 'NONE', #5186, 1000.000000000000000 ) ;
#3787 = VECTOR ( 'NONE', #6437, 1000.000000000000000 ) ;
#3788 = DIRECTION ( 'NONE',  ( -1.000000000000000000, -1.175656832681595541E-18, 2.479139147737537908E-18 ) ) ;
#3789 = CARTESIAN_POINT ( 'NONE',  ( -29.30000000000000426, -8.499999999999989342, -33.49999999999998579 ) ) ;
#3790 = CIRCLE ( 'NONE', #2022, 18.00000000000000711 ) ;
#3791 = DIRECTION ( 'NONE',  ( 1.000000000000000000, -4.440892098500626162E-16, -2.121142188857532135E-16 ) ) ;
#3792 = CIRCLE ( 'NONE', #2023, 1.249999999999997558 ) ;
#3793 = DIRECTION ( 'NONE',  ( 0.000000000000000000, -1.454912579301748110E-14, 1.000000000000000000 ) ) ;
#3794 = AXIS2_PLACEMENT_3D ( 'NONE', #2414, #6363, #7901 ) ;
#3795 = CARTESIAN_POINT ( 'NONE',  ( -30.69999999999998508, 31.79094230992346581, 2.950000000000112532 ) ) ;
#3796 = AXIS2_PLACEMENT_3D ( 'NONE', #8827, #2530, #3491 ) ;
#3797 = CARTESIAN_POINT ( 'NONE',  ( -2.999999999999980016, 4.044244240893584208E-15, 34.50000000000000000 ) ) ;
#3798 = DIRECTION ( 'NONE',  ( -0.000000000000000000, 0.5437741451046699259, 0.8392316004034198196 ) ) ;
#3799 = AXIS2_PLACEMENT_3D ( 'NONE', #5925, #8961, #6270 ) ;
#3800 = PLANE ( 'NONE',  #4934 ) ;
#3801 = CARTESIAN_POINT ( 'NONE',  ( -32.89999997595462844, -30.09418388309260806, -13.04593227476972572 ) ) ;
#3802 = ORIENTED_EDGE ( 'NONE', *, *, #9269, .F. ) ;
#3803 = VECTOR ( 'NONE', #5016, 1000.000000000000000 ) ;
#3804 = COLOUR_RGB ( '',0.7764705882352941346, 0.7568627450980391913, 0.7372549019607843590 ) ;
#3805 = ORIENTED_EDGE ( 'NONE', *, *, #1252, .F. ) ;
#3806 = CIRCLE ( 'NONE', #8902, 33.50000000000001421 ) ;
#3807 = FACE_OUTER_BOUND ( 'NONE', #8189, .T. ) ;
#3808 = VECTOR ( 'NONE', #702, 1000.000000000000114 ) ;
#3809 = EDGE_LOOP ( 'NONE', ( #6128, #8923, #2611, #9241 ) ) ;
#3810 = DIRECTION ( 'NONE',  ( 1.000000000000000000, 1.179389324206870994E-17, -8.825547355056099929E-16 ) ) ;
#3811 = CARTESIAN_POINT ( 'NONE',  ( -32.39999999997924363, -31.70000000000001350, 6.613633252161577047E-14 ) ) ;
#3812 = DIRECTION ( 'NONE',  ( -1.000000000000000000, 4.440892098500626162E-16, 2.121142188857532135E-16 ) ) ;
#3813 = ADVANCED_FACE ( 'NONE', ( #1508 ), #6919, .F. ) ;
#3814 = AXIS2_PLACEMENT_3D ( 'NONE', #9653, #3363, #2599 ) ;
#3815 = EDGE_CURVE ( 'NONE', #9003, #999, #9888, .T. ) ;
#3816 = ORIENTED_EDGE ( 'NONE', *, *, #5422, .T. ) ;
#3817 = DIRECTION ( 'NONE',  ( 0.000000000000000000, 1.000000000000000000, 0.000000000000000000 ) ) ;
#3818 = ORIENTED_EDGE ( 'NONE', *, *, #9621, .F. ) ;
#3819 = ORIENTED_EDGE ( 'NONE', *, *, #7804, .T. ) ;
#3820 = CYLINDRICAL_SURFACE ( 'NONE', #2119, 0.7999999999999917177 ) ;
#3821 = VECTOR ( 'NONE', #3292, 1000.000000000000000 ) ;
#3822 = DIRECTION ( 'NONE',  ( 1.000000000000000000, -1.348081413631192369E-15, -3.190558386184555325E-16 ) ) ;
#3823 = ORIENTED_EDGE ( 'NONE', *, *, #331, .F. ) ;
#3824 = DIRECTION ( 'NONE',  ( -0.7071067811865410224, 0.7071067811865540120, 2.479949126428509910E-16 ) ) ;
#3825 = LINE ( 'NONE', #3675, #4657 ) ;
#3826 = ORIENTED_EDGE ( 'NONE', *, *, #7602, .T. ) ;
#3827 = CARTESIAN_POINT ( 'NONE',  ( -32.90279156301093622, 31.91870648514022690, 4.158019728601018983 ) ) ;
#3828 = AXIS2_PLACEMENT_3D ( 'NONE', #6821, #8972, #9017 ) ;
#3829 = EDGE_CURVE ( 'NONE', #8249, #8236, #761, .T. ) ;
#3830 = ADVANCED_FACE ( 'NONE', ( #3007 ), #3820, .F. ) ;
#3831 = MECHANICAL_DESIGN_GEOMETRIC_PRESENTATION_REPRESENTATION (  '', ( #8125 ), #7642 ) ;
#3832 = VERTEX_POINT ( 'NONE', #9155 ) ;
#3833 = EDGE_LOOP ( 'NONE', ( #1667, #4607, #7249, #2565 ) ) ;
#3834 = FACE_OUTER_BOUND ( 'NONE', #7840, .T. ) ;
#3835 = AXIS2_PLACEMENT_3D ( 'NONE', #4095, #2675, #5747 ) ;
#3836 = CARTESIAN_POINT ( 'NONE',  ( -29.50000000000000355, -32.90690173235614679, -5.101550585556416273 ) ) ;
#3837 = ORIENTED_EDGE ( 'NONE', *, *, #9540, .T. ) ;
#3838 = CARTESIAN_POINT ( 'NONE',  ( -32.89999993272460443, -4.507004689176867807, 32.49144026323877910 ) ) ;
#3839 = CIRCLE ( 'NONE', #9892, 1.599999999999998979 ) ;
#3840 = EDGE_LOOP ( 'NONE', ( #2502, #4759, #9315, #1504, #8573 ) ) ;
#3841 =( LENGTH_UNIT ( ) NAMED_UNIT ( * ) SI_UNIT ( .MILLI., .METRE. ) );
#3842 = ADVANCED_FACE ( 'NONE', ( #2204 ), #2153, .T. ) ;
#3843 = FACE_BOUND ( 'NONE', #1066, .T. ) ;
#3844 = VECTOR ( 'NONE', #329, 1000.000000000000000 ) ;
#3845 = CARTESIAN_POINT ( 'NONE',  ( -29.49999999999998934, 31.79094230992348002, 1.126181537092746615E-13 ) ) ;
#3846 = VECTOR ( 'NONE', #2984, 1000.000000000000000 ) ;
#3847 = FACE_OUTER_BOUND ( 'NONE', #9612, .T. ) ;
#3848 = FACE_BOUND ( 'NONE', #1472, .T. ) ;
#3849 = AXIS2_PLACEMENT_3D ( 'NONE', #7120, #922, #223 ) ;
#3850 = CARTESIAN_POINT ( 'NONE',  ( -29.29999999999999716, 8.500000000000012434, -28.98275349237886545 ) ) ;
#3851 = CARTESIAN_POINT ( 'NONE',  ( -32.89999999999999147, -13.49711937698364039, 29.89428109903340669 ) ) ;
#3852 = CARTESIAN_POINT ( 'NONE',  ( -83.77726090546464377, 34.33129643110145679, -3.407651003243831411 ) ) ;
#3853 = CARTESIAN_POINT ( 'NONE',  ( -30.89999999999999503, 15.00000000000016875, -18.74999999999982236 ) ) ;
#3854 = PLANE ( 'NONE',  #4588 ) ;
#3855 = CARTESIAN_POINT ( 'NONE',  ( -30.89999999999997016, 15.00000000000001243, 15.00000000000001599 ) ) ;
#3856 = CARTESIAN_POINT ( 'NONE',  ( -32.89999993785051657, -27.49002937136392077, -17.89287194175399520 ) ) ;
#3857 = ORIENTED_EDGE ( 'NONE', *, *, #6987, .T. ) ;
#3858 = VECTOR ( 'NONE', #1307, 1000.000000000000000 ) ;
#3859 = ORIENTED_EDGE ( 'NONE', *, *, #8445, .F. ) ;
#3860 = DIRECTION ( 'NONE',  ( 0.000000000000000000, -1.000000000000000000, 8.881784197001252323E-16 ) ) ;
#3861 = ORIENTED_EDGE ( 'NONE', *, *, #195, .F. ) ;
#3862 = DIRECTION ( 'NONE',  ( 1.000000000000000000, -4.440892098500626162E-16, -2.121142188857532135E-16 ) ) ;
#3863 = LINE ( 'NONE', #6903, #1296 ) ;
#3864 = CARTESIAN_POINT ( 'NONE',  ( -32.90275887879867156, 31.86252540250556109, 4.159176782598391853 ) ) ;
#3865 = ORIENTED_EDGE ( 'NONE', *, *, #4976, .F. ) ;
#3866 = DIRECTION ( 'NONE',  ( -1.000000000000000000, 2.161476583036237957E-16, 5.473344771987708442E-16 ) ) ;
#3867 = EDGE_LOOP ( 'NONE', ( #8319, #6592 ) ) ;
#3868 = ORIENTED_EDGE ( 'NONE', *, *, #3265, .F. ) ;
#3869 = CARTESIAN_POINT ( 'NONE',  ( -33.89999999999998437, -14.99999999999879563, 15.00000000000015099 ) ) ;
#3870 = CIRCLE ( 'NONE', #3221, 2.000000000000008882 ) ;
#3871 = EDGE_CURVE ( 'NONE', #9111, #1370, #5274, .T. ) ;
#3872 = CARTESIAN_POINT ( 'NONE',  ( -30.90000000000000213, 8.500000000000010658, -11.08986650213440761 ) ) ;
#3873 = EDGE_LOOP ( 'NONE', ( #4256, #3141, #6899, #3682 ) ) ;
#3874 = CARTESIAN_POINT ( 'NONE',  ( -31.79999999999998650, -6.549999999998864730, -36.76039406148827027 ) ) ;
#3875 = CARTESIAN_POINT ( 'NONE',  ( -2.999999999999999112, 4.044244240893584208E-15, 9.571675158553656116E-16 ) ) ;
#3876 = VERTEX_POINT ( 'NONE', #6659 ) ;
#3877 = DIRECTION ( 'NONE',  ( 0.000000000000000000, 0.9999167070499448418, 0.01290654726852772695 ) ) ;
#3878 = ORIENTED_EDGE ( 'NONE', *, *, #6750, .F. ) ;
#3879 = ORIENTED_EDGE ( 'NONE', *, *, #2084, .F. ) ;
#3880 = FACE_OUTER_BOUND ( 'NONE', #4226, .T. ) ;
#3881 = CIRCLE ( 'NONE', #5163, 1.649999999999995248 ) ;
#3882 = EDGE_CURVE ( 'NONE', #56, #8238, #6016, .T. ) ;
#3883 = EDGE_CURVE ( 'NONE', #3282, #826, #6861, .T. ) ;
#3884 = CARTESIAN_POINT ( 'NONE',  ( -20.89999999999998437, 15.00000000000016698, -11.24999999999983302 ) ) ;
#3885 = VERTEX_POINT ( 'NONE', #12 ) ;
#3886 = CARTESIAN_POINT ( 'NONE',  ( -32.89999990195939716, -1.855526974855169708, 32.74781022000190234 ) ) ;
#3887 = ORIENTED_EDGE ( 'NONE', *, *, #3344, .F. ) ;
#3888 = DIRECTION ( 'NONE',  ( -1.000000000000000000, -1.175656832681595541E-18, 2.479139147737537908E-18 ) ) ;
#3889 = CARTESIAN_POINT ( 'NONE',  ( -32.89999999999999858, 32.39418616781368598, -4.792977445707755635 ) ) ;
#3890 = VECTOR ( 'NONE', #1611, 1000.000000000000000 ) ;
#3891 = DIRECTION ( 'NONE',  ( 0.000000000000000000, -1.000000000000000000, 0.000000000000000000 ) ) ;
#3892 = DIRECTION ( 'NONE',  ( 0.000000000000000000, 1.000000000000000000, 0.000000000000000000 ) ) ;
#3893 = EDGE_CURVE ( 'NONE', #2722, #3220, #2857, .T. ) ;
#3894 = ADVANCED_FACE ( 'NONE', ( #4519 ), #3731, .F. ) ;
#3895 = PLANE ( 'NONE',  #4056 ) ;
#3896 = AXIS2_PLACEMENT_3D ( 'NONE', #4542, #6189, #5452 ) ;
#3897 = DIRECTION ( 'NONE',  ( 0.000000000000000000, 0.000000000000000000, -1.000000000000000000 ) ) ;
#3898 = FACE_OUTER_BOUND ( 'NONE', #6377, .T. ) ;
#3899 = AXIS2_PLACEMENT_3D ( 'NONE', #7293, #2633, #6549 ) ;
#3900 = DIRECTION ( 'NONE',  ( -1.000000000000000000, -1.175656832681595541E-18, 2.479139147737537908E-18 ) ) ;
#3901 = DIRECTION ( 'NONE',  ( -4.513101726118522915E-16, -1.000000000000000000, 0.000000000000000000 ) ) ;
#3902 = CARTESIAN_POINT ( 'NONE',  ( -1.690000354235580238E-14, -12.50000000000000000, -6.938893903907175130E-16 ) ) ;
#3903 = AXIS2_PLACEMENT_3D ( 'NONE', #629, #6777, #5984 ) ;
#3904 = DIRECTION ( 'NONE',  ( 0.000000000000000000, -0.4549088130556934728, 0.8905380237835216484 ) ) ;
#3905 = CARTESIAN_POINT ( 'NONE',  ( -32.89999997144583688, -30.52488500681918282, -12.00371427266300195 ) ) ;
#3906 = ORIENTED_EDGE ( 'NONE', *, *, #2636, .T. ) ;
#3907 = EDGE_CURVE ( 'NONE', #3383, #8823, #6808, .T. ) ;
#3908 = VERTEX_POINT ( 'NONE', #2357 ) ;
#3909 = DIRECTION ( 'NONE',  ( 0.000000000000000000, 3.513364001978341695E-15, -1.000000000000000000 ) ) ;
#3910 = ORIENTED_EDGE ( 'NONE', *, *, #1792, .T. ) ;
#3911 = LINE ( 'NONE', #6952, #3821 ) ;
#3912 = CARTESIAN_POINT ( 'NONE',  ( -33.89999999999998437, -14.99999999999879563, 15.00000000000015099 ) ) ;
#3913 = CARTESIAN_POINT ( 'NONE',  ( -32.89999999999997726, 32.41280410874922069, -5.024950726914164889 ) ) ;
#3914 = FACE_OUTER_BOUND ( 'NONE', #8370, .T. ) ;
#3915 = DIRECTION ( 'NONE',  ( 1.000000000000000000, -2.161476583036237957E-16, -5.473344771987708442E-16 ) ) ;
#3916 = FACE_OUTER_BOUND ( 'NONE', #5357, .T. ) ;
#3917 = VERTEX_POINT ( 'NONE', #1014 ) ;
#3918 = ORIENTED_EDGE ( 'NONE', *, *, #9783, .T. ) ;
#3919 = LINE ( 'NONE', #4024, #8350 ) ;
#3920 = PRODUCT_DEFINITION_SHAPE ( 'NONE', 'NONE',  #7710 ) ;
#3921 = CARTESIAN_POINT ( 'NONE',  ( -25.19999999999996732, 9.930759254642225199E-13, -1.188719181843140004E-14 ) ) ;
#3922 = VERTEX_POINT ( 'NONE', #7015 ) ;
#3923 = CARTESIAN_POINT ( 'NONE',  ( -29.50000000000000711, -32.95528202195001199, -4.779057109270982373 ) ) ;
#3924 = DIRECTION ( 'NONE',  ( 0.000000000000000000, 0.000000000000000000, 1.000000000000000000 ) ) ;
#3925 = EDGE_LOOP ( 'NONE', ( #9167, #1251 ) ) ;
#3926 = CARTESIAN_POINT ( 'NONE',  ( -32.69511273523498573, 31.91870648514022690, 3.948350868272410441 ) ) ;
#3927 = CIRCLE ( 'NONE', #7876, 1.249999999999990674 ) ;
#3928 = CIRCLE ( 'NONE', #3754, 34.50000000000000000 ) ;
#3929 = EDGE_CURVE ( 'NONE', #4385, #5987, #8452, .T. ) ;
#3930 = EDGE_LOOP ( 'NONE', ( #5143, #6582, #5677, #51 ) ) ;
#3931 = EDGE_LOOP ( 'NONE', ( #8208, #8699 ) ) ;
#3932 = CARTESIAN_POINT ( 'NONE',  ( -33.89999999999681535, -33.82451034383454669, 3.449999999996688160 ) ) ;
#3933 = DIRECTION ( 'NONE',  ( 1.000000000000000000, -1.348081413631192369E-15, -3.190558386184555325E-16 ) ) ;
#3934 = EDGE_LOOP ( 'NONE', ( #6580, #8321 ) ) ;
#3935 = CARTESIAN_POINT ( 'NONE',  ( -32.39999999999999147, 33.92634505945878942, 1.137272032639081720 ) ) ;
#3936 = ORIENTED_EDGE ( 'NONE', *, *, #3041, .F. ) ;
#3937 = CARTESIAN_POINT ( 'NONE',  ( -25.19999999999996376, 4.000000000000994760, 24.67792535850613334 ) ) ;
#3938 = CARTESIAN_POINT ( 'NONE',  ( -32.89999999999999147, 32.41898035509489517, -4.917417681805792640 ) ) ;
#3939 = EDGE_CURVE ( 'NONE', #414, #242, #7856, .T. ) ;
#3940 = EDGE_CURVE ( 'NONE', #3672, #1824, #4278, .T. ) ;
#3941 = CARTESIAN_POINT ( 'NONE',  ( -4.516409136775488329E-14, -33.50000000000001421, -3.205467292565838918E-16 ) ) ;
#3942 = ORIENTED_EDGE ( 'NONE', *, *, #4513, .F. ) ;
#3943 = FACE_BOUND ( 'NONE', #4530, .T. ) ;
#3944 = PLANE ( 'NONE',  #6817 ) ;
#3945 = CARTESIAN_POINT ( 'NONE',  ( -32.89999999999998437, -23.87233274627750390, 22.49347549426177650 ) ) ;
#3946 = FACE_OUTER_BOUND ( 'NONE', #7599, .T. ) ;
#3947 = LINE ( 'NONE', #2440, #5557 ) ;
#3948 = EDGE_CURVE ( 'NONE', #2863, #4880, #1765, .T. ) ;
#3949 = ADVANCED_FACE ( 'NONE', ( #3107 ), #4069, .T. ) ;
#3950 = CARTESIAN_POINT ( 'NONE',  ( -32.39999999999998437, 31.91870648514020914, 3.948350868272409553 ) ) ;
#3951 = CARTESIAN_POINT ( 'NONE',  ( -33.39999999999999858, -31.79094230992147985, -2.950000000000135181 ) ) ;
#3952 = VECTOR ( 'NONE', #9136, 1000.000000000000114 ) ;
#3953 = CARTESIAN_POINT ( 'NONE',  ( -32.89999999837178990, -30.91155563312069532, -10.97148120151111073 ) ) ;
#3954 = ORIENTED_EDGE ( 'NONE', *, *, #5347, .T. ) ;
#3955 = VECTOR ( 'NONE', #300, 1000.000000000000114 ) ;
#3956 = ORIENTED_EDGE ( 'NONE', *, *, #1529, .F. ) ;
#3957 = AXIS2_PLACEMENT_3D ( 'NONE', #2081, #2926, #6589 ) ;
#3958 = CARTESIAN_POINT ( 'NONE',  ( -33.89999999999997016, 15.00000000000098943, 14.99999999999992895 ) ) ;
#3959 = EDGE_LOOP ( 'NONE', ( #948, #6374, #2211, #3560 ) ) ;
#3960 = CARTESIAN_POINT ( 'NONE',  ( -22.70000000000001350, -31.70000000000002061, 6.409852547655119470E-14 ) ) ;
#3961 = CYLINDRICAL_SURFACE ( 'NONE', #4345, 1.249999999999994227 ) ;
#3962 = CIRCLE ( 'NONE', #5551, 3.750000000000000000 ) ;
#3963 = DIRECTION ( 'NONE',  ( 0.000000000000000000, 0.000000000000000000, 1.000000000000000000 ) ) ;
#3964 = EDGE_CURVE ( 'NONE', #4877, #2126, #1168, .T. ) ;
#3965 = CARTESIAN_POINT ( 'NONE',  ( -83.77726090546464377, -6.549999999998870059, -33.87251835928358190 ) ) ;
#3966 = EDGE_CURVE ( 'NONE', #8478, #1343, #55, .T. ) ;
#3967 = CIRCLE ( 'NONE', #7620, 3.950000000000002842 ) ;
#3968 = AXIS2_PLACEMENT_3D ( 'NONE', #7731, #3785, #9172 ) ;
#3969 = ORIENTED_EDGE ( 'NONE', *, *, #2730, .F. ) ;
#3970 = AXIS2_PLACEMENT_3D ( 'NONE', #8155, #2003, #1909 ) ;
#3971 = LINE ( 'NONE', #4863, #1099 ) ;
#3972 = ORIENTED_EDGE ( 'NONE', *, *, #7858, .F. ) ;
#3973 = AXIS2_PLACEMENT_3D ( 'NONE', #5860, #8893, #5061 ) ;
#3974 = ORIENTED_EDGE ( 'NONE', *, *, #5224, .F. ) ;
#3975 = DIRECTION ( 'NONE',  ( -1.000000000000000000, -4.073328734088115622E-14, -3.582704801079423484E-14 ) ) ;
#3976 = VERTEX_POINT ( 'NONE', #7810 ) ;
#3977 = FACE_OUTER_BOUND ( 'NONE', #9545, .T. ) ;
#3978 = AXIS2_PLACEMENT_3D ( 'NONE', #3757, #2997, #2251 ) ;
#3979 = CARTESIAN_POINT ( 'NONE',  ( -32.90275887879867156, 31.86252540250558596, -4.159176782598165367 ) ) ;
#3980 = CARTESIAN_POINT ( 'NONE',  ( -30.99999999999998579, -8.799999999998883382, -32.11619529147256458 ) ) ;
#3981 = CIRCLE ( 'NONE', #6358, 6.349999999997635314 ) ;
#3982 = ORIENTED_EDGE ( 'NONE', *, *, #9086, .F. ) ;
#3983 = ORIENTED_EDGE ( 'NONE', *, *, #7734, .F. ) ;
#3984 = DIRECTION ( 'NONE',  ( 0.000000000000000000, -1.000000000000000000, 0.000000000000000000 ) ) ;
#3985 = DIRECTION ( 'NONE',  ( -1.000000000000000000, 4.440892098500626162E-16, 2.121142188857532135E-16 ) ) ;
#3986 = ORIENTED_EDGE ( 'NONE', *, *, #3083, .T. ) ;
#3987 = DIRECTION ( 'NONE',  ( -1.000000000000000000, 2.161476583036224152E-16, 5.473344771987640402E-16 ) ) ;
#3988 = ORIENTED_EDGE ( 'NONE', *, *, #5531, .F. ) ;
#3989 = FACE_OUTER_BOUND ( 'NONE', #4389, .T. ) ;
#3990 = VECTOR ( 'NONE', #4042, 1000.000000000000000 ) ;
#3991 = CARTESIAN_POINT ( 'NONE',  ( -32.89999999999997726, 32.31840398927968749, -4.640293516596890377 ) ) ;
#3992 = AXIS2_PLACEMENT_3D ( 'NONE', #7256, #2647, #2798 ) ;
#3993 = DIRECTION ( 'NONE',  ( 0.000000000000000000, 0.000000000000000000, -1.000000000000000000 ) ) ;
#3994 = VECTOR ( 'NONE', #4145, 1000.000000000000000 ) ;
#3995 = AXIS2_PLACEMENT_3D ( 'NONE', #8003, #8702, #7255 ) ;
#3996 = EDGE_LOOP ( 'NONE', ( #4635, #4706 ) ) ;
#3997 = FACE_OUTER_BOUND ( 'NONE', #9292, .T. ) ;
#3998 = EDGE_CURVE ( 'NONE', #7846, #63, #3919, .T. ) ;
#3999 = EDGE_CURVE ( 'NONE', #3103, #8057, #7066, .T. ) ;
#4000 = AXIS2_PLACEMENT_3D ( 'NONE', #5449, #4044, #3891 ) ;
#4001 = CARTESIAN_POINT ( 'NONE',  ( -32.89999999999999147, -24.72928016933060746, 21.55467986242371126 ) ) ;
#4002 = DIRECTION ( 'NONE',  ( -1.000000000000000000, 1.349229370204183383E-15, 3.166558725989409619E-16 ) ) ;
#4003 = CARTESIAN_POINT ( 'NONE',  ( -33.70000000000000995, -32.48487037263636523, -1.211326476013321551 ) ) ;
#4004 = VECTOR ( 'NONE', #4664, 1000.000000000000000 ) ;
#4005 = DIRECTION ( 'NONE',  ( 1.000000000000000000, -4.440892098500626162E-16, -2.121142188857532135E-16 ) ) ;
#4006 = CARTESIAN_POINT ( 'NONE',  ( -29.49999999999996803, 32.97598580441740523, 4.492026652257679942 ) ) ;
#4007 = ORIENTED_EDGE ( 'NONE', *, *, #8963, .F. ) ;
#4008 = AXIS2_PLACEMENT_3D ( 'NONE', #9318, #5492, #1671 ) ;
#4009 = ORIENTED_EDGE ( 'NONE', *, *, #3591, .F. ) ;
#4010 = EDGE_CURVE ( 'NONE', #466, #5026, #9309, .T. ) ;
#4011 = ADVANCED_FACE ( 'NONE', ( #7660 ), #4619, .F. ) ;
#4012 = ADVANCED_FACE ( 'NONE', ( #9400 ), #2552, .F. ) ;
#4013 = FACE_OUTER_BOUND ( 'NONE', #1859, .T. ) ;
#4014 = EDGE_LOOP ( 'NONE', ( #988, #8147, #7756, #7072 ) ) ;
#4015 = DIRECTION ( 'NONE',  ( -1.000000000000000000, 4.440892098500626162E-16, 2.121142188857532135E-16 ) ) ;
#4016 = DIRECTION ( 'NONE',  ( -1.000000000000000000, 4.440892098500626162E-16, 2.121142188857532135E-16 ) ) ;
#4017 = DIRECTION ( 'NONE',  ( 1.000000000000000000, 1.175656832681595541E-18, -2.479139147737537908E-18 ) ) ;
#4018 = DIRECTION ( 'NONE',  ( 0.000000000000000000, -6.938893903907228378E-15, 1.000000000000000000 ) ) ;
#4019 = CIRCLE ( 'NONE', #9590, 2.550000000000003819 ) ;
#4020 = DIRECTION ( 'NONE',  ( 0.000000000000000000, 0.000000000000000000, 1.000000000000000000 ) ) ;
#4021 = DIRECTION ( 'NONE',  ( -1.000000000000000000, 4.440892098500626162E-16, 2.121142188857532135E-16 ) ) ;
#4022 = ORIENTED_EDGE ( 'NONE', *, *, #6888, .F. ) ;
#4023 = ORIENTED_EDGE ( 'NONE', *, *, #1186, .T. ) ;
#4024 = CARTESIAN_POINT ( 'NONE',  ( -83.77726090546464377, 9.946990652005932957E-13, 34.49999999999998579 ) ) ;
#4025 = EDGE_CURVE ( 'NONE', #6172, #5496, #1648, .T. ) ;
#4026 = EDGE_CURVE ( 'NONE', #3014, #3383, #2596, .T. ) ;
#4027 = CARTESIAN_POINT ( 'NONE',  ( -1.700000000000031264, -18.00000000000000355, 2.714853580254776507E-15 ) ) ;
#4028 = ORIENTED_EDGE ( 'NONE', *, *, #7126, .T. ) ;
#4029 = CARTESIAN_POINT ( 'NONE',  ( -33.89999999999999858, -13.74999999999900879, -14.99999999999995204 ) ) ;
#4030 = AXIS2_PLACEMENT_3D ( 'NONE', #8641, #7801, #957 ) ;
#4031 = DIRECTION ( 'NONE',  ( -1.000000000000000000, 4.440892098500626162E-16, 2.121142188857532135E-16 ) ) ;
#4032 = CARTESIAN_POINT ( 'NONE',  ( -42.91599376778210484, 30.73958990536377911, 0.8000702782374498057 ) ) ;
#4033 = ORIENTED_EDGE ( 'NONE', *, *, #90, .T. ) ;
#4034 = VECTOR ( 'NONE', #5156, 1000.000000000000114 ) ;
#4035 = ORIENTED_EDGE ( 'NONE', *, *, #4309, .F. ) ;
#4036 = CARTESIAN_POINT ( 'NONE',  ( -22.69999999998617568, 31.69999999999998508, -1.400000000043866155 ) ) ;
#4037 = EDGE_CURVE ( 'NONE', #2817, #999, #7138, .T. ) ;
#4038 = CARTESIAN_POINT ( 'NONE',  ( -25.19999999999997087, 16.89121196084584753, 13.28949793359987730 ) ) ;
#4039 = ORIENTED_EDGE ( 'NONE', *, *, #5489, .T. ) ;
#4040 = CARTESIAN_POINT ( 'NONE',  ( -20.89999999999999503, -19.23499999999999233, -17.98499999999999943 ) ) ;
#4041 = VERTEX_POINT ( 'NONE', #9784 ) ;
#4042 = DIRECTION ( 'NONE',  ( 1.000000000000000000, -2.161476583036237957E-16, -5.473344771987708442E-16 ) ) ;
#4043 = DIRECTION ( 'NONE',  ( 0.000000000000000000, 1.000000000000000000, 0.000000000000000000 ) ) ;
#4044 = DIRECTION ( 'NONE',  ( -1.000000000000000000, 4.440892098500626162E-16, 2.121142188857532135E-16 ) ) ;
#4045 = ORIENTED_EDGE ( 'NONE', *, *, #2222, .F. ) ;
#4046 = ORIENTED_EDGE ( 'NONE', *, *, #8766, .T. ) ;
#4047 = CYLINDRICAL_SURFACE ( 'NONE', #8830, 3.749999999999998224 ) ;
#4048 = CIRCLE ( 'NONE', #7388, 1.649999999999995248 ) ;
#4049 = DIRECTION ( 'NONE',  ( 0.000000000000000000, 0.000000000000000000, 1.000000000000000000 ) ) ;
#4050 = CARTESIAN_POINT ( 'NONE',  ( -83.77726090546464377, 9.946990652005932957E-13, -1.094535733474896288E-14 ) ) ;
#4051 = CARTESIAN_POINT ( 'NONE',  ( -3.499999999999978684, 16.19999999999997442, 5.746271514173151807E-16 ) ) ;
#4052 = LINE ( 'NONE', #7091, #791 ) ;
#4053 = PLANE ( 'NONE',  #5358 ) ;
#4054 = EDGE_CURVE ( 'NONE', #3115, #3659, #6914, .T. ) ;
#4055 = VERTEX_POINT ( 'NONE', #5200 ) ;
#4056 = AXIS2_PLACEMENT_3D ( 'NONE', #733, #2327, #5345 ) ;
#4057 = ORIENTED_EDGE ( 'NONE', *, *, #8819, .T. ) ;
#4058 = CYLINDRICAL_SURFACE ( 'NONE', #7945, 3.749999999999998224 ) ;
#4059 = CARTESIAN_POINT ( 'NONE',  ( -23.49999999999999645, -30.73958990536177893, -0.8000702782374491395 ) ) ;
#4060 = DIRECTION ( 'NONE',  ( -4.440892098500626162E-16, -1.000000000000000000, 0.000000000000000000 ) ) ;
#4061 = CARTESIAN_POINT ( 'NONE',  ( -29.29999999999997939, 8.500000000000012434, 1.535206426618293050E-14 ) ) ;
#4062 = DIRECTION ( 'NONE',  ( -1.000000000000000000, 4.440892098500626162E-16, 2.121142188857532135E-16 ) ) ;
#4063 = EDGE_CURVE ( 'NONE', #1966, #4877, #1382, .T. ) ;
#4064 = DIRECTION ( 'NONE',  ( 0.000000000000000000, 0.000000000000000000, 1.000000000000000000 ) ) ;
#4065 = EDGE_CURVE ( 'NONE', #7799, #1370, #687, .T. ) ;
#4066 = DIRECTION ( 'NONE',  ( 1.000000000000000000, -4.440892098493158114E-16, -2.121142188919196899E-16 ) ) ;
#4067 = EDGE_LOOP ( 'NONE', ( #3201, #6963, #667, #2954, #3708, #8555, #6822, #876 ) ) ;
#4068 = ORIENTED_EDGE ( 'NONE', *, *, #8529, .T. ) ;
#4069 = CYLINDRICAL_SURFACE ( 'NONE', #8505, 1.000000000000000000 ) ;
#4070 = CARTESIAN_POINT ( 'NONE',  ( -32.89999999999998437, -31.90580101289534909, 4.448517447281393977 ) ) ;
#4071 = EDGE_LOOP ( 'NONE', ( #7409, #2938 ) ) ;
#4072 = CARTESIAN_POINT ( 'NONE',  ( -25.19999999999997087, 30.97598580441739458, 4.492026652257679942 ) ) ;
#4073 = FACE_OUTER_BOUND ( 'NONE', #5873, .T. ) ;
#4074 = LINE ( 'NONE', #4032, #2070 ) ;
#4075 = ADVANCED_FACE ( 'NONE', ( #1202 ), #1997, .F. ) ;
#4076 = ADVANCED_FACE ( 'NONE', ( #2745 ), #1811, .F. ) ;
#4077 = CYLINDRICAL_SURFACE ( 'NONE', #5527, 0.7999999999999917177 ) ;
#4078 = VERTEX_POINT ( 'NONE', #7997 ) ;
#4079 = ORIENTED_EDGE ( 'NONE', *, *, #7618, .T. ) ;
#4080 = CARTESIAN_POINT ( 'NONE',  ( -33.69999999999999574, 30.25852531317753602, 0.07405444337400841903 ) ) ;
#4081 = CARTESIAN_POINT ( 'NONE',  ( -32.39999999999998437, -31.90580101289413406, 4.448517447234552336 ) ) ;
#4082 = ORIENTED_EDGE ( 'NONE', *, *, #2522, .F. ) ;
#4083 = CARTESIAN_POINT ( 'NONE',  ( -33.89999999999998437, 15.00000000000089706, -17.60000000000005116 ) ) ;
#4084 = ORIENTED_EDGE ( 'NONE', *, *, #1792, .F. ) ;
#4085 = CIRCLE ( 'NONE', #9175, 1.599999999999997202 ) ;
#4086 = FACE_BOUND ( 'NONE', #8783, .T. ) ;
#4087 = FACE_OUTER_BOUND ( 'NONE', #5939, .T. ) ;
#4088 = EDGE_CURVE ( 'NONE', #5552, #2199, #4908, .T. ) ;
#4089 = DIRECTION ( 'NONE',  ( -2.223366291967073925E-15, 0.1531997172839739685, -0.9881952472179323932 ) ) ;
#4090 = EDGE_CURVE ( 'NONE', #9603, #2455, #8180, .T. ) ;
#4091 = AXIS2_PLACEMENT_3D ( 'NONE', #8156, #3462, #1260 ) ;
#4092 = ORIENTED_EDGE ( 'NONE', *, *, #6815, .F. ) ;
#4093 = FACE_OUTER_BOUND ( 'NONE', #7826, .T. ) ;
#4094 = CARTESIAN_POINT ( 'NONE',  ( -29.29999999999999716, -19.23499999999998877, -20.48499999999997101 ) ) ;
#4095 = CARTESIAN_POINT ( 'NONE',  ( -83.77726090546464377, -31.91870648513821962, -4.948350868272433978 ) ) ;
#4096 = LINE ( 'NONE', #9385, #396 ) ;
#4097 = EDGE_LOOP ( 'NONE', ( #49, #2151, #7151, #8914 ) ) ;
#4098 = CARTESIAN_POINT ( 'NONE',  ( -39.92017501842903471, 31.29423380247609643, 2.517509442474072934 ) ) ;
#4099 = FACE_OUTER_BOUND ( 'NONE', #7148, .T. ) ;
#4100 = CARTESIAN_POINT ( 'NONE',  ( -2.999999999999999112, 4.044244240893584208E-15, 9.571675158553656116E-16 ) ) ;
#4101 = CYLINDRICAL_SURFACE ( 'NONE', #9416, 2.550000000000003819 ) ;
#4102 = FACE_BOUND ( 'NONE', #3931, .T. ) ;
#4103 = ORIENTED_EDGE ( 'NONE', *, *, #4628, .F. ) ;
#4104 = DIRECTION ( 'NONE',  ( -0.7071067811865359154, 0.000000000000000000, -0.7071067811865591191 ) ) ;
#4105 = ORIENTED_EDGE ( 'NONE', *, *, #8519, .T. ) ;
#4106 = EDGE_LOOP ( 'NONE', ( #1507, #3717, #8436, #4786, #4895 ) ) ;
#4107 = CARTESIAN_POINT ( 'NONE',  ( -33.89999999999998437, -14.99999999999901235, 14.99999999999992539 ) ) ;
#4108 = DIRECTION ( 'NONE',  ( -1.000000000000000000, 2.161476583036237957E-16, 5.473344771987708442E-16 ) ) ;
#4109 = CIRCLE ( 'NONE', #8087, 2.000000000000005329 ) ;
#4110 = ORIENTED_EDGE ( 'NONE', *, *, #5521, .F. ) ;
#4111 = CARTESIAN_POINT ( 'NONE',  ( -33.89999999996020819, -31.79094230992149406, -1.348747502571967516E-13 ) ) ;
#4112 = AXIS2_PLACEMENT_3D ( 'NONE', #4502, #8233, #2242 ) ;
#4113 = EDGE_CURVE ( 'NONE', #727, #9707, #4963, .T. ) ;
#4114 = FACE_OUTER_BOUND ( 'NONE', #4714, .T. ) ;
#4115 = EDGE_CURVE ( 'NONE', #1104, #799, #8669, .T. ) ;
#4116 = CARTESIAN_POINT ( 'NONE',  ( -33.69999999999999574, 31.69999999999998508, -1.453106463826135547E-13 ) ) ;
#4117 = CIRCLE ( 'NONE', #4437, 1.500000000000001332 ) ;
#4118 = AXIS2_PLACEMENT_3D ( 'NONE', #6041, #5197, #1433 ) ;
#4119 = AXIS2_PLACEMENT_3D ( 'NONE', #308, #7251, #7205 ) ;
#4120 = DIRECTION ( 'NONE',  ( 0.000000000000000000, 0.000000000000000000, 1.000000000000000000 ) ) ;
#4121 = ORIENTED_EDGE ( 'NONE', *, *, #136, .T. ) ;
#4122 = ORIENTED_EDGE ( 'NONE', *, *, #7711, .T. ) ;
#4123 = DIRECTION ( 'NONE',  ( 0.000000000000000000, 0.000000000000000000, 1.000000000000000000 ) ) ;
#4124 = CIRCLE ( 'NONE', #2362, 34.50000000000000000 ) ;
#4125 = FACE_OUTER_BOUND ( 'NONE', #7014, .T. ) ;
#4126 = ORIENTED_EDGE ( 'NONE', *, *, #6141, .T. ) ;
#4127 = AXIS2_PLACEMENT_3D ( 'NONE', #4616, #860, #1457 ) ;
#4128 = LINE ( 'NONE', #2427, #31 ) ;
#4129 = ADVANCED_FACE ( 'NONE', ( #4210 ), #6410, .T. ) ;
#4130 = CARTESIAN_POINT ( 'NONE',  ( -22.89999999999998437, 9.920545202815670932E-13, -1.237505452186862588E-14 ) ) ;
#4131 = ORIENTED_EDGE ( 'NONE', *, *, #7894, .F. ) ;
#4132 = EDGE_CURVE ( 'NONE', #6243, #8309, #3573, .T. ) ;
#4133 = CIRCLE ( 'NONE', #4771, 2.550000000000000266 ) ;
#4134 = FACE_OUTER_BOUND ( 'NONE', #2396, .T. ) ;
#4135 = VECTOR ( 'NONE', #9418, 1000.000000000000000 ) ;
#4136 = CARTESIAN_POINT ( 'NONE',  ( -32.39999999999999858, -31.82493143843177208, 3.949999999999868727 ) ) ;
#4137 = ORIENTED_EDGE ( 'NONE', *, *, #4798, .T. ) ;
#4138 = ORIENTED_EDGE ( 'NONE', *, *, #646, .F. ) ;
#4139 = CARTESIAN_POINT ( 'NONE',  ( -32.39999999999998437, 6.600000000001118750, -32.63939337671580887 ) ) ;
#4140 = CONICAL_SURFACE ( 'NONE', #1097, 34.50000000000000000, 0.7853981633974430610 ) ;
#4141 = EDGE_CURVE ( 'NONE', #625, #9562, #4529, .T. ) ;
#4142 = PLANE ( 'NONE',  #5381 ) ;
#4143 = CARTESIAN_POINT ( 'NONE',  ( -32.89999999999998437, -32.41889583625638238, 4.948350868272150649 ) ) ;
#4144 = VECTOR ( 'NONE', #4348, 1000.000000000000000 ) ;
#4145 = DIRECTION ( 'NONE',  ( -1.000000000000000000, 4.519004466006561052E-17, 8.796272378248064388E-16 ) ) ;
#4146 = CIRCLE ( 'NONE', #9726, 2.550000000000000266 ) ;
#4147 = DIRECTION ( 'NONE',  ( -1.000000000000000000, 5.706327223607910652E-16, 2.282530889443164557E-16 ) ) ;
#4148 = ORIENTED_EDGE ( 'NONE', *, *, #9795, .F. ) ;
#4149 = AXIS2_PLACEMENT_3D ( 'NONE', #785, #882, #2380 ) ;
#4150 = DIRECTION ( 'NONE',  ( -1.000000000000000000, 4.440892098500626162E-16, 2.121142188857532135E-16 ) ) ;
#4151 = DIRECTION ( 'NONE',  ( -1.000000000000000000, -1.179389324206871456E-17, 8.825547355056098943E-16 ) ) ;
#4152 = TOROIDAL_SURFACE ( 'NONE', #6702, 32.80000000000002558, 0.5000000000000119904 ) ;
#4153 = LINE ( 'NONE', #1293, #991 ) ;
#4154 = CARTESIAN_POINT ( 'NONE',  ( -23.49999999999996447, 30.73958990536376845, 0.8000702782374441435 ) ) ;
#4155 = DIRECTION ( 'NONE',  ( -1.000000000000000000, 2.161476583036224152E-16, 5.473344771987640402E-16 ) ) ;
#4156 = DIRECTION ( 'NONE',  ( -1.000000000000000000, 4.440892098500626162E-16, 2.121142188857532135E-16 ) ) ;
#4157 = CARTESIAN_POINT ( 'NONE',  ( -29.29999999999998650, -13.28949793359901221, 16.89121196084474619 ) ) ;
#4158 = ORIENTED_EDGE ( 'NONE', *, *, #8988, .T. ) ;
#4159 = AXIS2_PLACEMENT_3D ( 'NONE', #5903, #3747, #5998 ) ;
#4160 = VERTEX_POINT ( 'NONE', #6886 ) ;
#4161 = CARTESIAN_POINT ( 'NONE',  ( -32.89999999999998437, 31.95679039164365420, 4.448714137637246324 ) ) ;
#4162 = CARTESIAN_POINT ( 'NONE',  ( -32.89999999999998437, -14.99999999999888978, -15.00000000000006928 ) ) ;
#4163 = ORIENTED_EDGE ( 'NONE', *, *, #2535, .F. ) ;
#4164 = LINE ( 'NONE', #3410, #7940 ) ;
#4165 = CARTESIAN_POINT ( 'NONE',  ( -32.39999999998895674, -32.48487037263636523, -1.211326476013321995 ) ) ;
#4166 = AXIS2_PLACEMENT_3D ( 'NONE', #9873, #721, #4576 ) ;
#4167 = FACE_OUTER_BOUND ( 'NONE', #6701, .T. ) ;
#4168 = VECTOR ( 'NONE', #8608, 1000.000000000000227 ) ;
#4169 = FACE_OUTER_BOUND ( 'NONE', #9814, .T. ) ;
#4170 = ORIENTED_EDGE ( 'NONE', *, *, #807, .F. ) ;
#4171 = ADVANCED_FACE ( 'NONE', ( #8376, #3744, #4646, #5393, #888, #3943, #9176, #3848, #2237 ), #3895, .T. ) ;
#4172 = ORIENTED_EDGE ( 'NONE', *, *, #9795, .T. ) ;
#4173 = DIRECTION ( 'NONE',  ( 2.185478394931410575E-15, 1.000000000000000000, 0.000000000000000000 ) ) ;
#4174 = AXIS2_PLACEMENT_3D ( 'NONE', #1501, #2998, #3758 ) ;
#4175 = FACE_BOUND ( 'NONE', #7526, .T. ) ;
#4176 = ORIENTED_EDGE ( 'NONE', *, *, #1980, .F. ) ;
#4177 = DIRECTION ( 'NONE',  ( 1.261617073437677062E-15, 0.000000000000000000, 1.000000000000000000 ) ) ;
#4178 = CARTESIAN_POINT ( 'NONE',  ( -83.77726090546464377, -34.33129643109944595, -3.407651003244102306 ) ) ;
#4179 = ORIENTED_EDGE ( 'NONE', *, *, #9783, .F. ) ;
#4180 = FILL_AREA_STYLE_COLOUR ( '', #9561 ) ;
#4181 = DIRECTION ( 'NONE',  ( 1.000000000000000000, 1.179389324206871456E-17, -8.825547355056098943E-16 ) ) ;
#4182 = CARTESIAN_POINT ( 'NONE',  ( -32.89997779355446283, -31.90592264230384600, 4.453228196504640302 ) ) ;
#4183 = EDGE_LOOP ( 'NONE', ( #3257, #5437 ) ) ;
#4184 = EDGE_CURVE ( 'NONE', #3750, #1226, #9634, .T. ) ;
#4185 = EDGE_CURVE ( 'NONE', #8971, #3025, #4851, .T. ) ;
#4186 = ORIENTED_EDGE ( 'NONE', *, *, #8630, .F. ) ;
#4187 = LINE ( 'NONE', #5543, #2451 ) ;
#4188 = AXIS2_PLACEMENT_3D ( 'NONE', #2065, #3576, #2712 ) ;
#4189 = EDGE_LOOP ( 'NONE', ( #7212, #6232, #1850, #5036 ) ) ;
#4190 = CARTESIAN_POINT ( 'NONE',  ( -29.29999999999997584, -19.23499999999978627, 17.98500000000022325 ) ) ;
#4191 = DIRECTION ( 'NONE',  ( 0.000000000000000000, 1.000000000000000000, 0.000000000000000000 ) ) ;
#4192 = DIRECTION ( 'NONE',  ( 0.000000000000000000, 0.000000000000000000, -1.000000000000000000 ) ) ;
#4193 = EDGE_CURVE ( 'NONE', #3450, #3592, #9231, .T. ) ;
#4194 = CARTESIAN_POINT ( 'NONE',  ( -32.89999999999998437, 31.90580101289600279, 4.448517447231293609 ) ) ;
#4195 = EDGE_CURVE ( 'NONE', #426, #6172, #9885, .T. ) ;
#4196 = EDGE_LOOP ( 'NONE', ( #3376, #7505, #1822, #1579, #3194, #4820, #4793, #4638, #9146, #4870, #7139, #97 ) ) ;
#4197 = AXIS2_PLACEMENT_3D ( 'NONE', #5631, #7868, #4684 ) ;
#4198 = DIRECTION ( 'NONE',  ( 0.000000000000000000, -1.000000000000000000, 0.000000000000000000 ) ) ;
#4199 = FACE_BOUND ( 'NONE', #3063, .T. ) ;
#4200 = CARTESIAN_POINT ( 'NONE',  ( -39.92017501842903471, 30.97598580441740168, 4.492026652257683494 ) ) ;
#4201 = CARTESIAN_POINT ( 'NONE',  ( -33.39999999999999858, -33.87364542785550725, 2.949999999999857625 ) ) ;
#4202 = CARTESIAN_POINT ( 'NONE',  ( -19.89732793106028552, -31.79094230992149406, -1.348017965037069699E-13 ) ) ;
#4203 = AXIS2_PLACEMENT_3D ( 'NONE', #2802, #8707, #5870 ) ;
#4204 = CARTESIAN_POINT ( 'NONE',  ( -30.89999999999999503, -29.11588541666666430, -4.745020168928392401 ) ) ;
#4205 = EDGE_CURVE ( 'NONE', #1496, #6472, #8674, .T. ) ;
#4206 = EDGE_CURVE ( 'NONE', #6023, #2126, #9833, .T. ) ;
#4207 = DIRECTION ( 'NONE',  ( 0.000000000000000000, 0.000000000000000000, 1.000000000000000000 ) ) ;
#4208 = ORIENTED_EDGE ( 'NONE', *, *, #2328, .T. ) ;
#4209 = VERTEX_POINT ( 'NONE', #1439 ) ;
#4210 = FACE_OUTER_BOUND ( 'NONE', #9154, .T. ) ;
#4211 = LINE ( 'NONE', #8796, #2184 ) ;
#4212 = ORIENTED_EDGE ( 'NONE', *, *, #7867, .F. ) ;
#4213 = CARTESIAN_POINT ( 'NONE',  ( -30.70000000000001350, -31.70000000000001350, 6.579543922768655202E-14 ) ) ;
#4214 = AXIS2_PLACEMENT_3D ( 'NONE', #686, #5993, #6145 ) ;
#4215 = CARTESIAN_POINT ( 'NONE',  ( -29.50000000000000000, -31.29423380247414599, -2.517509442474099135 ) ) ;
#4216 = LINE ( 'NONE', #6652, #5595 ) ;
#4217 = CARTESIAN_POINT ( 'NONE',  ( -32.89999999999988489, -31.15357752993558904, -10.26132116505790925 ) ) ;
#4218 = CARTESIAN_POINT ( 'NONE',  ( -33.70000000000000995, -37.01046404397902023, -0.04578905552862821277 ) ) ;
#4219 = ORIENTED_EDGE ( 'NONE', *, *, #5651, .F. ) ;
#4220 = ORIENTED_EDGE ( 'NONE', *, *, #2358, .T. ) ;
#4221 = CARTESIAN_POINT ( 'NONE',  ( -31.79999999999998650, -6.549999999998881606, -32.64946400785169800 ) ) ;
#4222 = DIRECTION ( 'NONE',  ( 1.348081413631192369E-15, 1.000000000000000000, 0.000000000000000000 ) ) ;
#4223 = ORIENTED_EDGE ( 'NONE', *, *, #6627, .F. ) ;
#4224 = DIRECTION ( 'NONE',  ( 1.000000000000000000, 1.179389324206871456E-17, -8.825547355056098943E-16 ) ) ;
#4225 = CARTESIAN_POINT ( 'NONE',  ( -2.999999999999980904, 4.044244240893584208E-15, 33.00000000000000000 ) ) ;
#4226 = EDGE_LOOP ( 'NONE', ( #2939, #8855, #5060, #2770, #9667, #4483, #2670, #199, #4864, #7379, #1957, #6223, #9203, #9307 ) ) ;
#4227 = DIRECTION ( 'NONE',  ( 0.000000000000000000, -0.9986829581603670070, 0.05130642338010697745 ) ) ;
#4228 = ORIENTED_EDGE ( 'NONE', *, *, #2037, .T. ) ;
#4229 = ORIENTED_EDGE ( 'NONE', *, *, #3593, .T. ) ;
#4230 = ORIENTED_EDGE ( 'NONE', *, *, #8777, .T. ) ;
#4231 = CIRCLE ( 'NONE', #8533, 1.249999999969407805 ) ;
#4232 = DIRECTION ( 'NONE',  ( -1.000000000000000000, 5.706327223607910652E-16, 2.282530889443164557E-16 ) ) ;
#4233 = VERTEX_POINT ( 'NONE', #7582 ) ;
#4234 = VERTEX_POINT ( 'NONE', #5302 ) ;
#4235 = EDGE_CURVE ( 'NONE', #3727, #7440, #1817, .T. ) ;
#4236 = EDGE_CURVE ( 'NONE', #2047, #2018, #8283, .T. ) ;
#4237 = DIRECTION ( 'NONE',  ( 1.369518533665900410E-15, 1.000000000000000000, 0.000000000000000000 ) ) ;
#4238 = DIRECTION ( 'NONE',  ( -2.479139147737537908E-18, -0.000000000000000000, -1.000000000000000000 ) ) ;
#4239 = AXIS2_PLACEMENT_3D ( 'NONE', #8332, #1381, #7481 ) ;
#4240 = LINE ( 'NONE', #1140, #8286 ) ;
#4241 = CARTESIAN_POINT ( 'NONE',  ( -20.89999999999997371, 32.00000000000000711, 1.253081149711350777E-14 ) ) ;
#4242 = ORIENTED_EDGE ( 'NONE', *, *, #3277, .T. ) ;
#4243 = CARTESIAN_POINT ( 'NONE',  ( -32.39999999999999147, 32.35660431418607885, -1.285380919387682619 ) ) ;
#4244 = DIRECTION ( 'NONE',  ( -4.720335989052536868E-16, -1.000000000000000000, 0.000000000000000000 ) ) ;
#4245 = ADVANCED_FACE ( 'NONE', ( #8333 ), #7635, .F. ) ;
#4246 = LINE ( 'NONE', #2738, #6895 ) ;
#4247 = ADVANCED_FACE ( 'NONE', ( #6838 ), #840, .F. ) ;
#4248 = DIRECTION ( 'NONE',  ( 0.000000000000000000, -8.256405404649101208E-14, 1.000000000000000000 ) ) ;
#4249 = CYLINDRICAL_SURFACE ( 'NONE', #5871, 3.950000000000002842 ) ;
#4250 = CARTESIAN_POINT ( 'NONE',  ( -29.49999999999996803, 31.29423380247610353, 2.517509442474075154 ) ) ;
#4251 = CYLINDRICAL_SURFACE ( 'NONE', #7485, 2.600000000000001421 ) ;
#4252 = EDGE_LOOP ( 'NONE', ( #7219, #6109 ) ) ;
#4253 = EDGE_LOOP ( 'NONE', ( #8067, #5881, #2775, #3326 ) ) ;
#4254 = DIRECTION ( 'NONE',  ( -1.000000000000000000, 4.440892098500626162E-16, 2.121142188857532135E-16 ) ) ;
#4255 = DIRECTION ( 'NONE',  ( -0.000000000000000000, 1.000000000000000000, 3.890984756615977524E-15 ) ) ;
#4256 = ORIENTED_EDGE ( 'NONE', *, *, #3565, .T. ) ;
#4257 = LINE ( 'NONE', #5767, #3001 ) ;
#4258 = CARTESIAN_POINT ( 'NONE',  ( -29.49999999999998934, 31.70000000000099050, 1.600000000000111333 ) ) ;
#4259 = ADVANCED_FACE ( 'NONE', ( #2282 ), #3037, .T. ) ;
#4260 = DIRECTION ( 'NONE',  ( 0.000000000000000000, -0.6707851240783740954, -0.7416517493508393288 ) ) ;
#4261 = AXIS2_PLACEMENT_3D ( 'NONE', #9013, #5229, #4423 ) ;
#4262 = DIRECTION ( 'NONE',  ( 1.000000000000000000, -4.440892098500626162E-16, -2.121142188857532135E-16 ) ) ;
#4263 = CARTESIAN_POINT ( 'NONE',  ( -32.39999999999043467, 30.58682747028422710, -0.5686360163127891498 ) ) ;
#4264 = VERTEX_POINT ( 'NONE', #8479 ) ;
#4265 = AXIS2_PLACEMENT_3D ( 'NONE', #324, #1531, #3897 ) ;
#4266 = ORIENTED_EDGE ( 'NONE', *, *, #9074, .F. ) ;
#4267 = PLANE ( 'NONE',  #9105 ) ;
#4268 = AXIS2_PLACEMENT_3D ( 'NONE', #1246, #4155, #7199 ) ;
#4269 = CARTESIAN_POINT ( 'NONE',  ( -32.39999999999998437, -31.79094230992147985, -3.950000000000137401 ) ) ;
#4270 = EDGE_LOOP ( 'NONE', ( #3109, #2273, #3730, #7416 ) ) ;
#4271 = CARTESIAN_POINT ( 'NONE',  ( -30.69999999999998508, 9.947614658450367396E-13, -1.107694325011438000E-14 ) ) ;
#4272 = AXIS2_PLACEMENT_3D ( 'NONE', #387, #8779, #9381 ) ;
#4273 = CARTESIAN_POINT ( 'NONE',  ( -1.699999999999982858, 18.00000000000001066, 5.104893417895297395E-16 ) ) ;
#4274 = ORIENTED_EDGE ( 'NONE', *, *, #220, .T. ) ;
#4275 = SURFACE_STYLE_FILL_AREA ( #478 ) ;
#4276 = DIRECTION ( 'NONE',  ( 0.000000000000000000, -1.000000000000000000, 0.000000000000000000 ) ) ;
#4277 = CARTESIAN_POINT ( 'NONE',  ( -32.89997779355446283, -31.82927440852761691, 4.454712319216442395 ) ) ;
#4278 = B_SPLINE_CURVE_WITH_KNOTS ( 'NONE', 3,
 ( #6910, #6170, #2411, #6360, #212, #1560, #1707, #7758, #8602, #863, #6219, #9201, #4822, #910, #6961, #3157, #4670, #61, #2457 ),
 .UNSPECIFIED., .F., .F.,
 ( 4, 1, 1, 2, 2, 2, 2, 1, 2, 2, 4 ),
 ( 0.000000000000000000, 0.1250000000001144085, 0.1875000000001594280, 0.2187500000001692535, 0.2500000000001790790, 0.3750000000001543765, 0.5000000000001296740, 0.6250000000001049161, 0.6875000000000884848, 0.7500000000000719425, 1.000000000000000000 ),
 .UNSPECIFIED. ) ;
#4279 = ORIENTED_EDGE ( 'NONE', *, *, #9494, .F. ) ;
#4280 = CIRCLE ( 'NONE', #3794, 2.249999999999998668 ) ;
#4281 = AXIS2_PLACEMENT_3D ( 'NONE', #7680, #7828, #5387 ) ;
#4282 = VERTEX_POINT ( 'NONE', #1638 ) ;
#4283 = AXIS2_PLACEMENT_3D ( 'NONE', #5419, #2353, #8448 ) ;
#4284 = ORIENTED_EDGE ( 'NONE', *, *, #5406, .T. ) ;
#4285 = CIRCLE ( 'NONE', #4606, 0.5000000000000004441 ) ;
#4286 = FACE_OUTER_BOUND ( 'NONE', #3776, .T. ) ;
#4287 = ORIENTED_EDGE ( 'NONE', *, *, #833, .T. ) ;
#4288 = ORIENTED_EDGE ( 'NONE', *, *, #1842, .T. ) ;
#4289 = AXIS2_PLACEMENT_3D ( 'NONE', #7444, #9040, #6850 ) ;
#4290 = DIRECTION ( 'NONE',  ( 0.000000000000000000, 0.000000000000000000, 1.000000000000000000 ) ) ;
#4291 = CYLINDRICAL_SURFACE ( 'NONE', #8727, 30.75000000000000000 ) ;
#4292 = DIRECTION ( 'NONE',  ( 0.000000000000000000, -1.000000000000000000, 0.000000000000000000 ) ) ;
#4293 = AXIS2_PLACEMENT_3D ( 'NONE', #1093, #346, #3395 ) ;
#4294 = CARTESIAN_POINT ( 'NONE',  ( -33.39999999999997726, 31.79094230992346581, 2.950000000000112532 ) ) ;
#4295 = AXIS2_PLACEMENT_3D ( 'NONE', #9879, #5386, #3031 ) ;
#4296 = EDGE_CURVE ( 'NONE', #1158, #6795, #5970, .T. ) ;
#4297 = VERTEX_POINT ( 'NONE', #1035 ) ;
#4298 = DIRECTION ( 'NONE',  ( 1.000000000000000000, -2.161476583036237957E-16, -5.473344771987708442E-16 ) ) ;
#4299 = LINE ( 'NONE', #1838, #7009 ) ;
#4300 = DIRECTION ( 'NONE',  ( 1.000000000000000000, -2.161476583036224152E-16, -5.473344771987640402E-16 ) ) ;
#4301 = FACE_OUTER_BOUND ( 'NONE', #4340, .T. ) ;
#4302 = CIRCLE ( 'NONE', #788, 32.49999999999999289 ) ;
#4303 = PLANE ( 'NONE',  #8245 ) ;
#4304 = VECTOR ( 'NONE', #4104, 1000.000000000000000 ) ;
#4305 = DIRECTION ( 'NONE',  ( -1.000000000000000000, -1.175656832681595541E-18, 2.479139147737537908E-18 ) ) ;
#4306 = CARTESIAN_POINT ( 'NONE',  ( -32.89999999999998437, -21.75072446367745016, -24.55090332783251839 ) ) ;
#4307 = VERTEX_POINT ( 'NONE', #4796 ) ;
#4308 = AXIS2_PLACEMENT_3D ( 'NONE', #541, #8227, #3694 ) ;
#4309 = EDGE_CURVE ( 'NONE', #953, #6856, #7039, .T. ) ;
#4310 = EDGE_CURVE ( 'NONE', #8171, #2856, #7781, .T. ) ;
#4311 = EDGE_CURVE ( 'NONE', #6057, #4973, #2236, .T. ) ;
#4312 = VERTEX_POINT ( 'NONE', #6292 ) ;
#4313 = AXIS2_PLACEMENT_3D ( 'NONE', #2253, #5917, #5169 ) ;
#4314 = DIRECTION ( 'NONE',  ( 0.000000000000000000, 0.000000000000000000, -1.000000000000000000 ) ) ;
#4315 = VERTEX_POINT ( 'NONE', #235 ) ;
#4316 = CARTESIAN_POINT ( 'NONE',  ( -33.70000000000000995, -31.04339568581391262, -1.285380919387465459 ) ) ;
#4317 = CARTESIAN_POINT ( 'NONE',  ( -30.89999999999997016, 19.23500000000001009, 17.98500000000002785 ) ) ;
#4318 = LINE ( 'NONE', #514, #795 ) ;
#4319 = CIRCLE ( 'NONE', #1277, 0.7999999999999917177 ) ;
#4320 = AXIS2_PLACEMENT_3D ( 'NONE', #3398, #8684, #4248 ) ;
#4321 = CARTESIAN_POINT ( 'NONE',  ( -32.39999999999998437, -31.79094230992147985, -3.950000000000137401 ) ) ;
#4322 = CARTESIAN_POINT ( 'NONE',  ( -32.39999999997924363, -31.70000000000001350, 6.613633252161577047E-14 ) ) ;
#4323 = ORIENTED_EDGE ( 'NONE', *, *, #8584, .F. ) ;
#4324 = ADVANCED_FACE ( 'NONE', ( #5688 ), #938, .T. ) ;
#4325 = EDGE_CURVE ( 'NONE', #4613, #6441, #2127, .T. ) ;
#4326 = ORIENTED_EDGE ( 'NONE', *, *, #3507, .F. ) ;
#4327 = CARTESIAN_POINT ( 'NONE',  ( -32.89999999999998437, -31.91870648513822672, -4.448350868272433090 ) ) ;
#4328 = CIRCLE ( 'NONE', #3528, 1.000000000000000000 ) ;
#4329 = DIRECTION ( 'NONE',  ( -0.000000000000000000, 3.890984756615977524E-15, -1.000000000000000000 ) ) ;
#4330 = VERTEX_POINT ( 'NONE', #3384 ) ;
#4331 = DIRECTION ( 'NONE',  ( -1.395492723005034298E-15, -0.1531997172839793531, 0.9881952472179315050 ) ) ;
#4332 = CARTESIAN_POINT ( 'NONE',  ( -22.69999999998617568, 31.69999999999998508, 1.400000000043556181 ) ) ;
#4333 = ORIENTED_EDGE ( 'NONE', *, *, #1854, .T. ) ;
#4334 = FILL_AREA_STYLE ('',( #4180 ) ) ;
#4335 = FACE_OUTER_BOUND ( 'NONE', #3539, .T. ) ;
#4336 = CARTESIAN_POINT ( 'NONE',  ( -3.000000000000017319, 8.085578678079850408E-15, -33.00000000000000000 ) ) ;
#4337 = EDGE_LOOP ( 'NONE', ( #1915, #6343 ) ) ;
#4338 = AXIS2_PLACEMENT_3D ( 'NONE', #715, #6127, #9864 ) ;
#4339 = EDGE_CURVE ( 'NONE', #3475, #6156, #9156, .T. ) ;
#4340 = EDGE_LOOP ( 'NONE', ( #7229, #6454, #2608, #2486 ) ) ;
#4341 = ORIENTED_EDGE ( 'NONE', *, *, #469, .T. ) ;
#4342 = DIRECTION ( 'NONE',  ( 0.000000000000000000, -1.000000000000000000, 0.000000000000000000 ) ) ;
#4343 = ORIENTED_EDGE ( 'NONE', *, *, #1311, .T. ) ;
#4344 = ORIENTED_EDGE ( 'NONE', *, *, #3535, .T. ) ;
#4345 = AXIS2_PLACEMENT_3D ( 'NONE', #3912, #7006, #3146 ) ;
#4346 =( NAMED_UNIT ( * ) SI_UNIT ( $, .STERADIAN. ) SOLID_ANGLE_UNIT ( ) );
#4347 = DIRECTION ( 'NONE',  ( -5.880418562633243017E-16, 0.000000000000000000, -1.000000000000000000 ) ) ;
#4348 = DIRECTION ( 'NONE',  ( 1.000000000000000000, -4.381188419098487382E-16, -2.238019231383146969E-16 ) ) ;
#4349 = PLANE ( 'NONE',  #5992 ) ;
#4350 = AXIS2_PLACEMENT_3D ( 'NONE', #2518, #3987, #2470 ) ;
#4351 = CARTESIAN_POINT ( 'NONE',  ( -1.462668333789844679E-14, -10.85000000000000497, -6.938893903907175130E-16 ) ) ;
#4352 = DIRECTION ( 'NONE',  ( 1.000000000000000000, -1.348081413631192369E-15, -3.190558386184555325E-16 ) ) ;
#4353 = CARTESIAN_POINT ( 'NONE',  ( -30.89999999999999147, -28.77408854166666785, 3.820143356340681251 ) ) ;
#4354 = DIRECTION ( 'NONE',  ( 0.000000000000000000, 0.6707851240783689883, 0.7416517493508441028 ) ) ;
#4355 = CIRCLE ( 'NONE', #3555, 33.30000000000001137 ) ;
#4356 = EDGE_CURVE ( 'NONE', #3530, #4810, #4187, .T. ) ;
#4357 = DIRECTION ( 'NONE',  ( 0.000000000000000000, -1.000000000000000000, 8.881784197001252323E-16 ) ) ;
#4358 = FACE_BOUND ( 'NONE', #3404, .T. ) ;
#4359 = CARTESIAN_POINT ( 'NONE',  ( -22.19999999999999574, -32.48544952681287867, 0.9724037437341175316 ) ) ;
#4360 = VERTEX_POINT ( 'NONE', #9425 ) ;
#4361 = EDGE_LOOP ( 'NONE', ( #5814, #8740, #2068, #2843, #674 ) ) ;
#4362 = CARTESIAN_POINT ( 'NONE',  ( -29.29999999999999005, -20.90202088431246352, 17.72403791909764337 ) ) ;
#4363 = ORIENTED_EDGE ( 'NONE', *, *, #1632, .T. ) ;
#4364 = PLANE ( 'NONE',  #3489 ) ;
#4365 = CARTESIAN_POINT ( 'NONE',  ( -30.89999999999998437, 28.77408854166667851, -3.820143356340633733 ) ) ;
#4366 = DIRECTION ( 'NONE',  ( -5.880418562633243017E-16, 0.000000000000000000, -1.000000000000000000 ) ) ;
#4367 = VECTOR ( 'NONE', #417, 1000.000000000000000 ) ;
#4368 = EDGE_CURVE ( 'NONE', #8391, #2953, #2573, .T. ) ;
#4369 = ADVANCED_FACE ( 'NONE', ( #135 ), #3235, .F. ) ;
#4370 = DIRECTION ( 'NONE',  ( 1.000000000000000000, -4.440892098500626162E-16, -2.121142188857532135E-16 ) ) ;
#4371 = CARTESIAN_POINT ( 'NONE',  ( -33.70000000000000995, -32.78040843101915414, 2.115027806509128805 ) ) ;
#4372 = ORIENTED_EDGE ( 'NONE', *, *, #7967, .T. ) ;
#4373 = VERTEX_POINT ( 'NONE', #1878 ) ;
#4374 = CARTESIAN_POINT ( 'NONE',  ( -32.89999999712291867, 3.873082345194414078, 32.62810649525748374 ) ) ;
#4375 = DIRECTION ( 'NONE',  ( 0.000000000000000000, 5.551115123261903018E-15, 1.000000000000000000 ) ) ;
#4376 = ORIENTED_EDGE ( 'NONE', *, *, #4392, .F. ) ;
#4377 = CARTESIAN_POINT ( 'NONE',  ( -29.29999999999996518, 7.500000000000007994, 28.53068523537423573 ) ) ;
#4378 = CARTESIAN_POINT ( 'NONE',  ( -32.89999999999997726, -32.41898035509280618, 4.917417681805825502 ) ) ;
#4379 = ORIENTED_EDGE ( 'NONE', *, *, #7049, .F. ) ;
#4380 = DIRECTION ( 'NONE',  ( 1.365923996832131609E-15, 1.000000000000000000, 0.000000000000000000 ) ) ;
#4381 = ADVANCED_FACE ( 'NONE', ( #9471 ), #4047, .F. ) ;
#4382 = ADVANCED_FACE ( 'NONE', ( #3997 ), #6244, .F. ) ;
#4383 = DIRECTION ( 'NONE',  ( -1.000000000000000000, 4.440892098500626162E-16, 2.121142188857532135E-16 ) ) ;
#4384 = AXIS2_PLACEMENT_3D ( 'NONE', #2929, #3791, #2384 ) ;
#4385 = VERTEX_POINT ( 'NONE', #1737 ) ;
#4386 = ORIENTED_EDGE ( 'NONE', *, *, #575, .F. ) ;
#4387 = EDGE_LOOP ( 'NONE', ( #1816, #1030, #9060, #1069, #8547, #8919 ) ) ;
#4388 = LINE ( 'NONE', #8023, #4860 ) ;
#4389 = EDGE_LOOP ( 'NONE', ( #2021, #1702, #8264, #1372, #9512, #3559 ) ) ;
#4390 = EDGE_LOOP ( 'NONE', ( #2352, #7420, #2148, #9277 ) ) ;
#4391 = ADVANCED_FACE ( 'NONE', ( #2435, #4093 ), #990, .T. ) ;
#4392 = EDGE_CURVE ( 'NONE', #1809, #7568, #2527, .T. ) ;
#4393 = DIRECTION ( 'NONE',  ( 1.000000000000000000, -4.440892098500626162E-16, -2.121142188857532135E-16 ) ) ;
#4394 = DIRECTION ( 'NONE',  ( 1.405735542323508352E-16, 0.6707851240783979652, -0.7416517493508179015 ) ) ;
#4395 = CARTESIAN_POINT ( 'NONE',  ( -30.99999999999998579, 9.947611131479868873E-13, -1.107619950837005845E-14 ) ) ;
#4396 = CARTESIAN_POINT ( 'NONE',  ( -25.19999999999997087, -3.743999999999007233, 23.09853813556174273 ) ) ;
#4397 = CARTESIAN_POINT ( 'NONE',  ( -25.19999999999999218, -30.97598580441541216, 4.492026652257676389 ) ) ;
#4398 = VECTOR ( 'NONE', #1437, 1000.000000000000000 ) ;
#4399 = CARTESIAN_POINT ( 'NONE',  ( -32.39999999999998437, 1.016005855836166205E-12, -3.035766082959412415E-15 ) ) ;
#4400 = DIRECTION ( 'NONE',  ( -1.000000000000000000, 2.161476583036224152E-16, 5.473344771987640402E-16 ) ) ;
#4401 = LINE ( 'NONE', #7438, #6017 ) ;
#4402 = CARTESIAN_POINT ( 'NONE',  ( -32.39999999999998437, 31.91870648514024467, -4.948350868272185288 ) ) ;
#4403 = ORIENTED_EDGE ( 'NONE', *, *, #5603, .T. ) ;
#4404 = ORIENTED_EDGE ( 'NONE', *, *, #3535, .F. ) ;
#4405 = LINE ( 'NONE', #6058, #8583 ) ;
#4406 = EDGE_LOOP ( 'NONE', ( #5639, #3772, #15, #4842 ) ) ;
#4407 = CARTESIAN_POINT ( 'NONE',  ( -32.40000000000001279, -33.92634505945881074, -1.137272032639177866 ) ) ;
#4408 = CARTESIAN_POINT ( 'NONE',  ( -30.69999999999998508, -31.69999999999900808, -1.600000000000131761 ) ) ;
#4409 = CARTESIAN_POINT ( 'NONE',  ( -30.89999999999999147, -28.12890625000000000, 4.584172027608813593 ) ) ;
#4410 = CARTESIAN_POINT ( 'NONE',  ( -33.89999999999998437, -17.54999999999879634, 15.00000000000015099 ) ) ;
#4411 = CARTESIAN_POINT ( 'NONE',  ( -32.39999999999631086, 32.35660431418607885, -1.285380919387682619 ) ) ;
#4412 = EDGE_LOOP ( 'NONE', ( #7760, #2345, #9199, #4122, #9773, #6362 ) ) ;
#4413 = ORIENTED_EDGE ( 'NONE', *, *, #9422, .T. ) ;
#4414 = CARTESIAN_POINT ( 'NONE',  ( -32.89999999999998437, 32.41280410874917806, 5.024950726914402921 ) ) ;
#4415 = EDGE_CURVE ( 'NONE', #5858, #4315, #4844, .T. ) ;
#4416 = ADVANCED_FACE ( 'NONE', ( #9723 ), #1928, .F. ) ;
#4417 = DIRECTION ( 'NONE',  ( 0.000000000000000000, -0.7416517493508131276, -0.6707851240784030722 ) ) ;
#4418 = EDGE_LOOP ( 'NONE', ( #2017, #2651, #773, #3118 ) ) ;
#4419 = CARTESIAN_POINT ( 'NONE',  ( -29.29999999999997229, 29.11588541666668206, 4.745020168928406612 ) ) ;
#4420 = CARTESIAN_POINT ( 'NONE',  ( -30.89999999999999503, -14.99999999999998934, -11.24999999999998401 ) ) ;
#4421 = ORIENTED_EDGE ( 'NONE', *, *, #6792, .F. ) ;
#4422 = CARTESIAN_POINT ( 'NONE',  ( -23.49999999999998224, 9.923209738074770903E-13, -1.224778599053717415E-14 ) ) ;
#4423 = DIRECTION ( 'NONE',  ( 0.000000000000000000, 1.387778780781445676E-14, 1.000000000000000000 ) ) ;
#4424 = EDGE_LOOP ( 'NONE', ( #3209, #305, #1356, #9047 ) ) ;
#4425 = CIRCLE ( 'NONE', #3467, 1.249999999999994227 ) ;
#4426 = EDGE_LOOP ( 'NONE', ( #2413, #94, #3006 ) ) ;
#4427 = DIRECTION ( 'NONE',  ( 0.000000000000000000, -0.02581094448822503565, -0.9996668420752115036 ) ) ;
#4428 = ORIENTED_EDGE ( 'NONE', *, *, #8271, .T. ) ;
#4429 = ADVANCED_FACE ( 'NONE', ( #8220 ), #8123, .T. ) ;
#4430 = ADVANCED_FACE ( 'NONE', ( #5886, #4286 ), #3486, .T. ) ;
#4431 = EDGE_CURVE ( 'NONE', #5780, #2918, #1175, .T. ) ;
#4432 = DIRECTION ( 'NONE',  ( -1.000000000000000000, 2.161476583036237957E-16, 5.473344771987708442E-16 ) ) ;
#4433 = ORIENTED_EDGE ( 'NONE', *, *, #1870, .F. ) ;
#4434 = CARTESIAN_POINT ( 'NONE',  ( -32.89999978307431405, -2.592625007430516160, 32.69841225454216982 ) ) ;
#4435 = VERTEX_POINT ( 'NONE', #1281 ) ;
#4436 = DIRECTION ( 'NONE',  ( -1.000000000000000000, 4.381188419098487382E-16, 2.238019231383146969E-16 ) ) ;
#4437 = AXIS2_PLACEMENT_3D ( 'NONE', #16, #6718, #764 ) ;
#4438 = AXIS2_PLACEMENT_3D ( 'NONE', #634, #9025, #5843 ) ;
#4439 = CARTESIAN_POINT ( 'NONE',  ( -39.92017501842906313, -29.14999999999902158, -1.052453688656660695E-14 ) ) ;
#4440 = DIRECTION ( 'NONE',  ( -1.000000000000000000, 4.440892098500626162E-16, 2.121142188857532135E-16 ) ) ;
#4441 = ADVANCED_FACE ( 'NONE', ( #8922, #7332 ), #9520, .F. ) ;
#4442 = DIRECTION ( 'NONE',  ( -1.175656832681585334E-18, 1.000000000000000000, 4.133657621222720042E-15 ) ) ;
#4443 = CIRCLE ( 'NONE', #6352, 6.349999999997635314 ) ;
#4444 = CARTESIAN_POINT ( 'NONE',  ( -32.39999999999999858, -31.91010164247742154, 3.948350868272160863 ) ) ;
#4445 = AXIS2_PLACEMENT_3D ( 'NONE', #2952, #6907, #58 ) ;
#4446 = DIRECTION ( 'NONE',  ( 0.000000000000000000, -1.000000000000000000, 0.000000000000000000 ) ) ;
#4447 = AXIS2_PLACEMENT_3D ( 'NONE', #5912, #8949, #2097 ) ;
#4448 = DIRECTION ( 'NONE',  ( 1.000000000000000000, 9.646292633376703921E-33, -2.479139147737542530E-18 ) ) ;
#4449 = DIRECTION ( 'NONE',  ( -1.000000000000000000, 0.000000000000000000, 0.000000000000000000 ) ) ;
#4450 = AXIS2_PLACEMENT_3D ( 'NONE', #6543, #8729, #3396 ) ;
#4451 = LINE ( 'NONE', #9094, #5931 ) ;
#4452 = CARTESIAN_POINT ( 'NONE',  ( -32.89999999968527078, -25.78299239611839511, -20.27508244770756818 ) ) ;
#4453 = VERTEX_POINT ( 'NONE', #8974 ) ;
#4454 = EDGE_LOOP ( 'NONE', ( #1946, #7470, #2554, #4875 ) ) ;
#4455 = CARTESIAN_POINT ( 'NONE',  ( -29.29999999999997229, 17.72403791909884418, 20.90202088431324867 ) ) ;
#4456 = EDGE_LOOP ( 'NONE', ( #424, #2873, #534, #8387, #7374 ) ) ;
#4457 = DIRECTION ( 'NONE',  ( -1.000000000000000000, 4.440892098493158114E-16, 2.121142188919196899E-16 ) ) ;
#4458 = VECTOR ( 'NONE', #9513, 1000.000000000000000 ) ;
#4459 = LINE ( 'NONE', #3714, #1137 ) ;
#4460 = CARTESIAN_POINT ( 'NONE',  ( -33.54466991411009502, -30.44900076409685852, -2.448979565404611591 ) ) ;
#4461 = CIRCLE ( 'NONE', #3019, 33.30000000000001137 ) ;
#4462 = CIRCLE ( 'NONE', #149, 31.00000000000000000 ) ;
#4463 = EDGE_LOOP ( 'NONE', ( #9842, #5817, #962, #6667 ) ) ;
#4464 = DIRECTION ( 'NONE',  ( 2.479139147737537908E-18, 0.000000000000000000, 1.000000000000000000 ) ) ;
#4465 = VERTEX_POINT ( 'NONE', #8822 ) ;
#4466 = CIRCLE ( 'NONE', #5272, 1.249999999999987121 ) ;
#4467 = ORIENTED_EDGE ( 'NONE', *, *, #8519, .F. ) ;
#4468 = DIRECTION ( 'NONE',  ( -1.000000000000000000, -1.175656832681595541E-18, 2.479139147737537908E-18 ) ) ;
#4469 = CARTESIAN_POINT ( 'NONE',  ( -33.54466991411009502, -28.05304010509381740, 4.950978037211115179 ) ) ;
#4470 = ORIENTED_EDGE ( 'NONE', *, *, #3523, .T. ) ;
#4471 = DIRECTION ( 'NONE',  ( 0.000000000000000000, 0.000000000000000000, 1.000000000000000000 ) ) ;
#4472 = AXIS2_PLACEMENT_3D ( 'NONE', #6289, #1733, #6981 ) ;
#4473 = FACE_OUTER_BOUND ( 'NONE', #7086, .T. ) ;
#4474 = ORIENTED_EDGE ( 'NONE', *, *, #1240, .F. ) ;
#4475 = DIRECTION ( 'NONE',  ( 1.000000000000000000, -4.440892098500626162E-16, -2.121142188857532135E-16 ) ) ;
#4476 = AXIS2_PLACEMENT_3D ( 'NONE', #1891, #2589, #7991 ) ;
#4477 = CARTESIAN_POINT ( 'NONE',  ( -32.39999999999998437, -31.79094230992150116, 3.949999999999868727 ) ) ;
#4478 = EDGE_CURVE ( 'NONE', #6472, #3497, #4388, .T. ) ;
#4479 = ORIENTED_EDGE ( 'NONE', *, *, #8198, .F. ) ;
#4480 = CONICAL_SURFACE ( 'NONE', #5107, 3.449999999873056389, 0.7853981633406048601 ) ;
#4481 = ORIENTED_EDGE ( 'NONE', *, *, #2811, .T. ) ;
#4482 = DIRECTION ( 'NONE',  ( -1.000000000000000000, -1.175656832681595541E-18, 2.479139147737537908E-18 ) ) ;
#4483 = ORIENTED_EDGE ( 'NONE', *, *, #7317, .T. ) ;
#4484 = AXIS2_PLACEMENT_3D ( 'NONE', #3285, #943, #846 ) ;
#4485 = FACE_OUTER_BOUND ( 'NONE', #6826, .T. ) ;
#4486 = ORIENTED_EDGE ( 'NONE', *, *, #6276, .T. ) ;
#4487 = CARTESIAN_POINT ( 'NONE',  ( -32.90000000449590090, -5.803526915649842799, 32.28781715508187489 ) ) ;
#4488 = VERTEX_POINT ( 'NONE', #1181 ) ;
#4489 = CARTESIAN_POINT ( 'NONE',  ( -23.49999999999997158, 18.80000000000099192, -1.031664989119022164E-14 ) ) ;
#4490 = AXIS2_PLACEMENT_3D ( 'NONE', #3875, #5225, #6915 ) ;
#4491 = EDGE_CURVE ( 'NONE', #4734, #6723, #9639, .T. ) ;
#4492 = EDGE_CURVE ( 'NONE', #2526, #1726, #5178, .T. ) ;
#4493 = CARTESIAN_POINT ( 'NONE',  ( -1.999999999999973133, 31.50000000000000000, 3.857637417314162689E-15 ) ) ;
#4494 = CARTESIAN_POINT ( 'NONE',  ( -29.30000000000001137, -19.23330444827312746, -19.23330444827405472 ) ) ;
#4495 = CARTESIAN_POINT ( 'NONE',  ( -20.89999999999997016, 15.00000000000001066, 11.25000000000001243 ) ) ;
#4496 = AXIS2_PLACEMENT_3D ( 'NONE', #7952, #2001, #7209 ) ;
#4497 = DIRECTION ( 'NONE',  ( 1.000000000000000000, -4.440892098500626162E-16, -2.121142188857532135E-16 ) ) ;
#4498 = DIRECTION ( 'NONE',  ( 1.000000000000000000, 9.646292633376703921E-33, -2.479139147737542530E-18 ) ) ;
#4499 = CARTESIAN_POINT ( 'NONE',  ( -29.49999999999998934, -31.79094230992149406, -1.347779901434579812E-13 ) ) ;
#4500 = EDGE_CURVE ( 'NONE', #8068, #3763, #7720, .T. ) ;
#4501 = EDGE_CURVE ( 'NONE', #8006, #8045, #5017, .T. ) ;
#4502 = CARTESIAN_POINT ( 'NONE',  ( -29.29999999999997939, 15.00000000000088818, -15.00000000000006928 ) ) ;
#4503 = VECTOR ( 'NONE', #4746, 1000.000000000000000 ) ;
#4504 = DIRECTION ( 'NONE',  ( 2.479139147737537908E-18, 0.000000000000000000, 1.000000000000000000 ) ) ;
#4505 = CARTESIAN_POINT ( 'NONE',  ( -32.89999993780571685, -27.44853275542159565, -17.95649226754063577 ) ) ;
#4506 = ORIENTED_EDGE ( 'NONE', *, *, #2947, .F. ) ;
#4507 = EDGE_LOOP ( 'NONE', ( #5022, #241, #1517, #7671 ) ) ;
#4508 = DIRECTION ( 'NONE',  ( 1.175656832681585527E-18, -1.000000000000000000, -4.012321188919349177E-15 ) ) ;
#4509 = ORIENTED_EDGE ( 'NONE', *, *, #5916, .T. ) ;
#4510 = DIRECTION ( 'NONE',  ( 1.349229370204182792E-15, 1.000000000000000000, 0.000000000000000000 ) ) ;
#4511 = CARTESIAN_POINT ( 'NONE',  ( -29.29999999999998650, -19.23330444827314167, 19.23330444827405472 ) ) ;
#4512 = CARTESIAN_POINT ( 'NONE',  ( -32.69508667774751842, 31.82493143843373673, 3.950000000000114753 ) ) ;
#4513 = EDGE_CURVE ( 'NONE', #9872, #4580, #5657, .T. ) ;
#4514 = EDGE_CURVE ( 'NONE', #1428, #1929, #535, .T. ) ;
#4515 = ORIENTED_EDGE ( 'NONE', *, *, #7967, .F. ) ;
#4516 = CARTESIAN_POINT ( 'NONE',  ( -32.53209990761456538, -1.199999999998877298, -33.27837135437973615 ) ) ;
#4517 = ORIENTED_EDGE ( 'NONE', *, *, #9133, .T. ) ;
#4518 = ORIENTED_EDGE ( 'NONE', *, *, #4729, .T. ) ;
#4519 = FACE_OUTER_BOUND ( 'NONE', #2093, .T. ) ;
#4520 = DIRECTION ( 'NONE',  ( 1.369518533665900410E-15, 1.000000000000000000, 0.000000000000000000 ) ) ;
#4521 = ORIENTED_EDGE ( 'NONE', *, *, #1134, .T. ) ;
#4522 = DIRECTION ( 'NONE',  ( 0.000000000000000000, -3.890984756615976735E-15, 1.000000000000000000 ) ) ;
#4523 = CIRCLE ( 'NONE', #4197, 2.600000000000000089 ) ;
#4524 = CARTESIAN_POINT ( 'NONE',  ( -25.19999999999998153, 9.930759254642223180E-13, -1.188719181843139373E-14 ) ) ;
#4525 = VERTEX_POINT ( 'NONE', #6531 ) ;
#4526 = DIRECTION ( 'NONE',  ( 0.000000000000000000, 0.000000000000000000, 1.000000000000000000 ) ) ;
#4527 = DIRECTION ( 'NONE',  ( 1.000000000000000000, -1.348081413631192369E-15, -3.190558386184555325E-16 ) ) ;
#4528 = VERTEX_POINT ( 'NONE', #2019 ) ;
#4529 = CIRCLE ( 'NONE', #216, 4.450000000000003730 ) ;
#4530 = EDGE_LOOP ( 'NONE', ( #8342, #4288 ) ) ;
#4531 = CYLINDRICAL_SURFACE ( 'NONE', #5453, 3.950000000000002842 ) ;
#4532 = VERTEX_POINT ( 'NONE', #3429 ) ;
#4533 = DIRECTION ( 'NONE',  ( 1.000000000000000000, -2.161476583036237957E-16, -5.473344771987708442E-16 ) ) ;
#4534 = VERTEX_POINT ( 'NONE', #6479 ) ;
#4535 = CARTESIAN_POINT ( 'NONE',  ( -32.89999984895312934, -2.201910503984412237, 32.72657719042581448 ) ) ;
#4536 = ORIENTED_EDGE ( 'NONE', *, *, #5349, .F. ) ;
#4537 = DIRECTION ( 'NONE',  ( 2.479139147737537908E-18, 0.000000000000000000, 1.000000000000000000 ) ) ;
#4538 = AXIS2_PLACEMENT_3D ( 'NONE', #5597, #2479, #3283 ) ;
#4539 = CARTESIAN_POINT ( 'NONE',  ( -29.50000000000000000, -30.97598580441540861, 4.492026652257677277 ) ) ;
#4540 = CYLINDRICAL_SURFACE ( 'NONE', #7338, 1.649999999999995248 ) ;
#4541 = LINE ( 'NONE', #6098, #3761 ) ;
#4542 = CARTESIAN_POINT ( 'NONE',  ( -42.91599376778211905, 1.000943407138265277E-12, -8.129377638593412891E-15 ) ) ;
#4543 = EDGE_CURVE ( 'NONE', #182, #3115, #5598, .T. ) ;
#4544 = CARTESIAN_POINT ( 'NONE',  ( -33.47972284927208619, 34.25841580016511045, 3.334770372307760411 ) ) ;
#4545 = DIRECTION ( 'NONE',  ( 1.000000000000000000, -1.348081413631192369E-15, -3.190558386184555325E-16 ) ) ;
#4546 = DIRECTION ( 'NONE',  ( 0.000000000000000000, -0.02775459294663214574, -0.9996147670829832466 ) ) ;
#4547 = FACE_OUTER_BOUND ( 'NONE', #3382, .T. ) ;
#4548 = CARTESIAN_POINT ( 'NONE',  ( -33.63881712674210434, -34.11246249110354967, -3.188817126742251595 ) ) ;
#4549 = CARTESIAN_POINT ( 'NONE',  ( -32.89999998262158698, -25.54982289622398994, -20.56895756757951688 ) ) ;
#4550 = ORIENTED_EDGE ( 'NONE', *, *, #5675, .F. ) ;
#4551 = ORIENTED_EDGE ( 'NONE', *, *, #6100, .T. ) ;
#4552 = EDGE_CURVE ( 'NONE', #7556, #6441, #694, .T. ) ;
#4553 = VECTOR ( 'NONE', #2592, 1000.000000000000000 ) ;
#4554 = EDGE_CURVE ( 'NONE', #3608, #6797, #6293, .T. ) ;
#4555 = AXIS2_PLACEMENT_3D ( 'NONE', #8228, #6736, #4585 ) ;
#4556 = LINE ( 'NONE', #3755, #7792 ) ;
#4557 = VERTEX_POINT ( 'NONE', #2372 ) ;
#4558 = CARTESIAN_POINT ( 'NONE',  ( -32.39999999988185664, 31.69999999999998508, -1.464757135027916490E-13 ) ) ;
#4559 = FACE_OUTER_BOUND ( 'NONE', #5813, .T. ) ;
#4560 = CARTESIAN_POINT ( 'NONE',  ( -29.29999999999996518, 17.72403791909884418, 20.90202088431324867 ) ) ;
#4561 = ORIENTED_EDGE ( 'NONE', *, *, #4236, .T. ) ;
#4562 = VECTOR ( 'NONE', #315, 1000.000000000000000 ) ;
#4563 = DIRECTION ( 'NONE',  ( 0.000000000000000000, 0.000000000000000000, -1.000000000000000000 ) ) ;
#4564 = ORIENTED_EDGE ( 'NONE', *, *, #4675, .T. ) ;
#4565 = ORIENTED_EDGE ( 'NONE', *, *, #2221, .T. ) ;
#4566 = CARTESIAN_POINT ( 'NONE',  ( -32.89999998465562925, 9.561551212302111580, 31.43525414571177024 ) ) ;
#4567 = ADVANCED_FACE ( 'NONE', ( #2272 ), #5291, .F. ) ;
#4568 = CARTESIAN_POINT ( 'NONE',  ( -1.500000000000001332, 2.021548142160295019E-15, -1.583279362994751155E-16 ) ) ;
#4569 = EDGE_LOOP ( 'NONE', ( #1321, #3301, #75, #9664 ) ) ;
#4570 = DIRECTION ( 'NONE',  ( 0.000000000000000000, 0.000000000000000000, 1.000000000000000000 ) ) ;
#4571 = DIRECTION ( 'NONE',  ( 1.000000000000000000, -4.440892098500626162E-16, -2.121142188857532135E-16 ) ) ;
#4572 = VERTEX_POINT ( 'NONE', #6728 ) ;
#4573 = CARTESIAN_POINT ( 'NONE',  ( -3.499999999999988010, 10.85000000000001030, 1.454303829832329080E-15 ) ) ;
#4574 = EDGE_LOOP ( 'NONE', ( #2671, #7104 ) ) ;
#4575 = ORIENTED_EDGE ( 'NONE', *, *, #3070, .F. ) ;
#4576 = DIRECTION ( 'NONE',  ( 0.000000000000000000, 0.000000000000000000, 1.000000000000000000 ) ) ;
#4577 = CYLINDRICAL_SURFACE ( 'NONE', #7730, 1.000000000000000000 ) ;
#4578 = ORIENTED_EDGE ( 'NONE', *, *, #6790, .T. ) ;
#4579 = CARTESIAN_POINT ( 'NONE',  ( -32.89999977963174160, -10.30722797171829086, 31.13892107060129888 ) ) ;
#4580 = VERTEX_POINT ( 'NONE', #3836 ) ;
#4581 = CARTESIAN_POINT ( 'NONE',  ( -30.69999999999998508, -31.79094230992149406, -1.347750151764807077E-13 ) ) ;
#4582 = DIRECTION ( 'NONE',  ( 4.440892098493158114E-16, 1.000000000000000000, 0.000000000000000000 ) ) ;
#4583 = CIRCLE ( 'NONE', #4903, 1.000000000000000000 ) ;
#4584 = CARTESIAN_POINT ( 'NONE',  ( -19.89732793106028552, 31.91870648514024467, -4.948350868272185288 ) ) ;
#4585 = DIRECTION ( 'NONE',  ( 1.348081413631192172E-15, 1.000000000000000000, 0.000000000000000000 ) ) ;
#4586 = CIRCLE ( 'NONE', #7136, 2.550000000000000266 ) ;
#4587 = DIRECTION ( 'NONE',  ( -1.000000000000000000, 2.161476583036237957E-16, 5.473344771987708442E-16 ) ) ;
#4588 = AXIS2_PLACEMENT_3D ( 'NONE', #6744, #2135, #9742 ) ;
#4589 = DIRECTION ( 'NONE',  ( -4.167503846190528046E-16, -1.000000000000000000, 0.000000000000000000 ) ) ;
#4590 = VECTOR ( 'NONE', #3824, 1000.000000000000114 ) ;
#4591 = CARTESIAN_POINT ( 'NONE',  ( -30.99999999999998579, 8.800000000001153566, -41.66652461438930288 ) ) ;
#4592 = VECTOR ( 'NONE', #6683, 1000.000000000000000 ) ;
#4593 = CARTESIAN_POINT ( 'NONE',  ( -33.89999999999997726, 33.82451034383462485, 3.449999999984249666 ) ) ;
#4594 = CARTESIAN_POINT ( 'NONE',  ( -29.49999999999998934, 31.89289554065200605, -3.948684026196974450 ) ) ;
#4595 = DIRECTION ( 'NONE',  ( 5.102127870520021968E-16, 0.000000000000000000, 1.000000000000000000 ) ) ;
#4596 = AXIS2_PLACEMENT_3D ( 'NONE', #7017, #2500, #5427 ) ;
#4597 = CARTESIAN_POINT ( 'NONE',  ( -33.47972285298283879, -34.25841579677087623, 3.334770368915222161 ) ) ;
#4598 = ADVANCED_FACE ( 'NONE', ( #5335 ), #2607, .F. ) ;
#4599 = CARTESIAN_POINT ( 'NONE',  ( -32.89999994215109780, -25.27979746383322635, -20.90199502230456829 ) ) ;
#4600 = EDGE_LOOP ( 'NONE', ( #2594, #5983, #5519, #9386 ) ) ;
#4601 = VECTOR ( 'NONE', #5512, 1000.000000000000000 ) ;
#4602 = VECTOR ( 'NONE', #9222, 1000.000000000000000 ) ;
#4603 = ORIENTED_EDGE ( 'NONE', *, *, #2950, .F. ) ;
#4604 = CIRCLE ( 'NONE', #6205, 1.000000000000000000 ) ;
#4605 = DIRECTION ( 'NONE',  ( -1.000000000000000000, 4.440892098493159100E-16, 2.121142188919197885E-16 ) ) ;
#4606 = AXIS2_PLACEMENT_3D ( 'NONE', #3142, #6209, #7647 ) ;
#4607 = ORIENTED_EDGE ( 'NONE', *, *, #4876, .T. ) ;
#4608 = CYLINDRICAL_SURFACE ( 'NONE', #137, 0.7999999999999917177 ) ;
#4609 = DIRECTION ( 'NONE',  ( 1.000000000000000000, -1.348081413631192369E-15, -3.190558386184555325E-16 ) ) ;
#4610 = CARTESIAN_POINT ( 'NONE',  ( -32.89997779355446283, 31.79094230992345871, 4.454712319216687533 ) ) ;
#4611 =( GEOMETRIC_REPRESENTATION_CONTEXT ( 3 ) GLOBAL_UNCERTAINTY_ASSIGNED_CONTEXT ( ( #7923 ) ) GLOBAL_UNIT_ASSIGNED_CONTEXT ( ( #2036, #4885, #930 ) ) REPRESENTATION_CONTEXT ( 'NONE', 'WORKASPACE' ) );
#4612 = ADVANCED_FACE ( 'NONE', ( #4485 ), #2921, .F. ) ;
#4613 = VERTEX_POINT ( 'NONE', #7571 ) ;
#4614 = ADVANCED_FACE ( 'NONE', ( #8468 ), #4577, .T. ) ;
#4615 = EDGE_CURVE ( 'NONE', #9876, #5570, #3117, .T. ) ;
#4616 = CARTESIAN_POINT ( 'NONE',  ( -3.999999999999979128, -3.999999999999014566, 24.67792535850612978 ) ) ;
#4617 = ORIENTED_EDGE ( 'NONE', *, *, #2950, .T. ) ;
#4618 = ORIENTED_EDGE ( 'NONE', *, *, #5118, .F. ) ;
#4619 = CYLINDRICAL_SURFACE ( 'NONE', #8825, 1.599999999999999423 ) ;
#4620 = AXIS2_PLACEMENT_3D ( 'NONE', #5083, #5878, #6474 ) ;
#4621 = DIRECTION ( 'NONE',  ( 1.000000000000000000, -1.348081413631192369E-15, -3.190558386184555325E-16 ) ) ;
#4622 = ORIENTED_EDGE ( 'NONE', *, *, #5966, .F. ) ;
#4623 = LINE ( 'NONE', #5223, #1238 ) ;
#4624 = CARTESIAN_POINT ( 'NONE',  ( -22.99999999999996803, 32.48544952681486109, 0.9724037437340973256 ) ) ;
#4625 = ORIENTED_EDGE ( 'NONE', *, *, #2576, .F. ) ;
#4626 = CARTESIAN_POINT ( 'NONE',  ( -23.49999999999998934, -14.99999999999900702, -14.99999999999995381 ) ) ;
#4627 = AXIS2_PLACEMENT_3D ( 'NONE', #2778, #5100, #4292 ) ;
#4628 = EDGE_CURVE ( 'NONE', #8045, #1215, #9875, .T. ) ;
#4629 = EDGE_CURVE ( 'NONE', #2859, #6713, #8415, .T. ) ;
#4630 = ORIENTED_EDGE ( 'NONE', *, *, #8806, .F. ) ;
#4631 = ORIENTED_EDGE ( 'NONE', *, *, #1542, .F. ) ;
#4632 = CARTESIAN_POINT ( 'NONE',  ( -23.49999999999998934, -14.99999999999900702, -14.99999999999995381 ) ) ;
#4633 = VECTOR ( 'NONE', #5047, 1000.000000000000000 ) ;
#4634 = CARTESIAN_POINT ( 'NONE',  ( -20.89999999999997016, -15.00000000000004263, 18.74999999999995737 ) ) ;
#4635 = ORIENTED_EDGE ( 'NONE', *, *, #4115, .F. ) ;
#4636 = CARTESIAN_POINT ( 'NONE',  ( -32.89999975305759961, -3.620524895508126395, 32.60010331436064490 ) ) ;
#4637 = CIRCLE ( 'NONE', #5911, 3.749999999999998224 ) ;
#4638 = ORIENTED_EDGE ( 'NONE', *, *, #3702, .F. ) ;
#4639 = CARTESIAN_POINT ( 'NONE',  ( -23.49999999999998579, -18.43330444827315162, 19.23330444827405472 ) ) ;
#4640 = DIRECTION ( 'NONE',  ( 0.000000000000000000, 4.012321188919349177E-15, -1.000000000000000000 ) ) ;
#4641 = VECTOR ( 'NONE', #7224, 1000.000000000000000 ) ;
#4642 = EDGE_CURVE ( 'NONE', #9583, #6231, #9071, .T. ) ;
#4643 = DIRECTION ( 'NONE',  ( -1.000000000000000000, 0.000000000000000000, 5.473344771987708442E-16 ) ) ;
#4644 = AXIS2_PLACEMENT_3D ( 'NONE', #7436, #9891, #6692 ) ;
#4645 = DIRECTION ( 'NONE',  ( 1.000000000000000000, -4.440892098500626162E-16, -2.121142188857532135E-16 ) ) ;
#4646 = FACE_BOUND ( 'NONE', #1410, .T. ) ;
#4647 = AXIS2_PLACEMENT_3D ( 'NONE', #1960, #8058, #1213 ) ;
#4648 = LINE ( 'NONE', #1124, #8885 ) ;
#4649 = CIRCLE ( 'NONE', #5144, 34.50000000000000000 ) ;
#4650 = DIRECTION ( 'NONE',  ( 0.000000000000000000, 0.000000000000000000, 1.000000000000000000 ) ) ;
#4651 = CARTESIAN_POINT ( 'NONE',  ( -39.92017501842907024, -30.97598580441540861, -4.492026652257700370 ) ) ;
#4652 = LINE ( 'NONE', #192, #5080 ) ;
#4653 = CARTESIAN_POINT ( 'NONE',  ( -30.69999999999997797, 33.87364542785750388, -2.949999999999882050 ) ) ;
#4654 = CARTESIAN_POINT ( 'NONE',  ( -30.99999999999998579, -8.799999999998872724, -33.35880693310244283 ) ) ;
#4655 = CARTESIAN_POINT ( 'NONE',  ( -32.89999995883805894, -30.15481429596135854, -12.90507122171603349 ) ) ;
#4656 = ORIENTED_EDGE ( 'NONE', *, *, #2279, .T. ) ;
#4657 = VECTOR ( 'NONE', #1565, 1000.000000000000000 ) ;
#4658 = VERTEX_POINT ( 'NONE', #2968 ) ;
#4659 = CARTESIAN_POINT ( 'NONE',  ( -32.39999999999998437, 31.79094230992348002, 1.127570259384924611E-13 ) ) ;
#4660 = ORIENTED_EDGE ( 'NONE', *, *, #9014, .T. ) ;
#4661 = DIRECTION ( 'NONE',  ( -1.348181831873279607E-15, -1.000000000000000000, 0.000000000000000000 ) ) ;
#4662 = CYLINDRICAL_SURFACE ( 'NONE', #9755, 9.500000000000000000 ) ;
#4663 = EDGE_CURVE ( 'NONE', #6477, #6625, #8995, .T. ) ;
#4664 = DIRECTION ( 'NONE',  ( -1.000000000000000000, 2.161476583036237957E-16, 5.473344771987708442E-16 ) ) ;
#4665 = VECTOR ( 'NONE', #1839, 1000.000000000000114 ) ;
#4666 = ORIENTED_EDGE ( 'NONE', *, *, #8807, .T. ) ;
#4667 = DIRECTION ( 'NONE',  ( -1.000000000000000000, 2.161476583036237957E-16, 5.473344771987708442E-16 ) ) ;
#4668 = EDGE_LOOP ( 'NONE', ( #1624, #6976, #5237, #8409 ) ) ;
#4669 = ORIENTED_EDGE ( 'NONE', *, *, #5044, .T. ) ;
#4670 = CARTESIAN_POINT ( 'NONE',  ( -32.89999999999998437, -32.41981317548602703, -4.889509668675981580 ) ) ;
#4671 = AXIS2_PLACEMENT_3D ( 'NONE', #8037, #1890, #2630 ) ;
#4672 = LINE ( 'NONE', #7811, #3156 ) ;
#4673 = EDGE_LOOP ( 'NONE', ( #9599, #4521, #4578, #3656 ) ) ;
#4674 = DIRECTION ( 'NONE',  ( 2.479139147737542530E-18, -3.890984756615977524E-15, 1.000000000000000000 ) ) ;
#4675 = EDGE_CURVE ( 'NONE', #4488, #9098, #5978, .T. ) ;
#4676 = FACE_BOUND ( 'NONE', #7051, .T. ) ;
#4677 = ORIENTED_EDGE ( 'NONE', *, *, #6987, .F. ) ;
#4678 = EDGE_CURVE ( 'NONE', #366, #7556, #7544, .T. ) ;
#4679 = CARTESIAN_POINT ( 'NONE',  ( -25.19999999999996376, 3.744000000000994088, 23.09853813556174273 ) ) ;
#4680 = ORIENTED_EDGE ( 'NONE', *, *, #2084, .T. ) ;
#4681 = VERTEX_POINT ( 'NONE', #3780 ) ;
#4682 = CARTESIAN_POINT ( 'NONE',  ( -3.499999999999996447, 1.649999999999955502, 12.50000000000000178 ) ) ;
#4683 = CIRCLE ( 'NONE', #5327, 3.750000000000000000 ) ;
#4684 = DIRECTION ( 'NONE',  ( 0.000000000000000000, 0.000000000000000000, 1.000000000000000000 ) ) ;
#4685 = VERTEX_POINT ( 'NONE', #7622 ) ;
#4686 = CARTESIAN_POINT ( 'NONE',  ( -32.89999999999486846, -0.1507878249152060923, 32.79971470376807474 ) ) ;
#4687 = ADVANCED_FACE ( 'NONE', ( #27 ), #8322, .F. ) ;
#4688 = VERTEX_POINT ( 'NONE', #9166 ) ;
#4689 = EDGE_CURVE ( 'NONE', #6204, #9650, #828, .T. ) ;
#4690 = CARTESIAN_POINT ( 'NONE',  ( -32.89999999999998437, 15.00000000000089706, -17.60000000000005116 ) ) ;
#4691 = AXIS2_PLACEMENT_3D ( 'NONE', #8357, #9110, #6714 ) ;
#4692 = FACE_OUTER_BOUND ( 'NONE', #1408, .T. ) ;
#4693 = LINE ( 'NONE', #4971, #3436 ) ;
#4694 = VERTEX_POINT ( 'NONE', #72 ) ;
#4695 = CARTESIAN_POINT ( 'NONE',  ( -22.79999999999999361, 31.69999999999998508, -1.549304929996247123E-13 ) ) ;
#4696 = ADVANCED_FACE ( 'NONE', ( #9216 ), #5441, .T. ) ;
#4697 = DIRECTION ( 'NONE',  ( -3.132139609402567160E-16, 5.551115123125788865E-17, -1.000000000000000000 ) ) ;
#4698 = ADVANCED_FACE ( 'NONE', ( #4125 ), #4783, .F. ) ;
#4699 = FACE_OUTER_BOUND ( 'NONE', #898, .T. ) ;
#4700 = DIRECTION ( 'NONE',  ( 1.000000000000000000, -4.440892098500626162E-16, -2.121142188857532135E-16 ) ) ;
#4701 = CARTESIAN_POINT ( 'NONE',  ( -1.763863650239056768E-15, 1.650000000000126921, -12.50000000000000000 ) ) ;
#4702 = CARTESIAN_POINT ( 'NONE',  ( -25.19999999999997087, 13.28949793360126641, 16.89121196084430210 ) ) ;
#4703 = AXIS2_PLACEMENT_3D ( 'NONE', #7472, #724, #3735 ) ;
#4704 = DIRECTION ( 'NONE',  ( 0.000000000000000000, 1.000000000000000000, 0.000000000000000000 ) ) ;
#4705 = CARTESIAN_POINT ( 'NONE',  ( -32.89999998667978787, -30.69450249185813107, -11.56266041859602467 ) ) ;
#4706 = ORIENTED_EDGE ( 'NONE', *, *, #1958, .F. ) ;
#4707 = ORIENTED_EDGE ( 'NONE', *, *, #8998, .T. ) ;
#4708 = CARTESIAN_POINT ( 'NONE',  ( -33.69999999999999574, 33.14147468682243414, -0.07405444337429936685 ) ) ;
#4709 = VERTEX_POINT ( 'NONE', #1774 ) ;
#4710 = DIRECTION ( 'NONE',  ( 1.349229370204182792E-15, 1.000000000000000000, 0.000000000000000000 ) ) ;
#4711 = CARTESIAN_POINT ( 'NONE',  ( -32.39999999999998437, -31.91870648513821962, -4.948350868272433978 ) ) ;
#4712 = CYLINDRICAL_SURFACE ( 'NONE', #2232, 2.600000000000000089 ) ;
#4713 = PLANE ( 'NONE',  #2653 ) ;
#4714 = EDGE_LOOP ( 'NONE', ( #1972, #8221, #2649, #8803 ) ) ;
#4715 = CARTESIAN_POINT ( 'NONE',  ( -29.30000000000000071, 9.728927654278865694E-15, -33.49999999999998579 ) ) ;
#4716 = ORIENTED_EDGE ( 'NONE', *, *, #2172, .F. ) ;
#4717 = AXIS2_PLACEMENT_3D ( 'NONE', #6687, #9734, #2928 ) ;
#4718 = EDGE_LOOP ( 'NONE', ( #4428, #325, #9727, #533 ) ) ;
#4719 = DIRECTION ( 'NONE',  ( -1.000000000000000000, 2.161476583036237957E-16, 5.473344771987708442E-16 ) ) ;
#4720 = CARTESIAN_POINT ( 'NONE',  ( -3.000000000000002665, 4.044244240893609452E-15, 9.571675158553733030E-16 ) ) ;
#4721 = EDGE_LOOP ( 'NONE', ( #154, #5790, #4219, #7941 ) ) ;
#4722 = CARTESIAN_POINT ( 'NONE',  ( -22.19999999999997087, 32.48544952681486109, 0.9724037437340971035 ) ) ;
#4723 = DIRECTION ( 'NONE',  ( -1.000000000000000000, -5.260939983112882261E-16, 1.029891477379908339E-15 ) ) ;
#4724 = ORIENTED_EDGE ( 'NONE', *, *, #1119, .T. ) ;
#4725 = FACE_OUTER_BOUND ( 'NONE', #6605, .T. ) ;
#4726 = CIRCLE ( 'NONE', #1682, 1.249999999969407360 ) ;
#4727 = B_SPLINE_CURVE_WITH_KNOTS ( 'NONE', 3,
 ( #2713, #4378, #5783, #1919, #6619, #3623, #5929, #525, #7415, #9666, #6471, #3578, #8014, #1362, #8857, #569 ),
 .UNSPECIFIED., .F., .F.,
 ( 4, 2, 2, 2, 2, 2, 2, 4 ),
 ( 0.09280962470381351470, 0.2062084216158228678, 0.2629078200718314995, 0.3196072185278401312, 0.5464048123518917555, 0.6598036092639184558, 0.7732024061759452671, 1.000000000000000000 ),
 .UNSPECIFIED. ) ;
#4728 = ORIENTED_EDGE ( 'NONE', *, *, #6487, .T. ) ;
#4729 = EDGE_CURVE ( 'NONE', #4770, #8365, #9453, .T. ) ;
#4730 = EDGE_CURVE ( 'NONE', #2743, #373, #4523, .T. ) ;
#4731 = ORIENTED_EDGE ( 'NONE', *, *, #1177, .F. ) ;
#4732 = DIRECTION ( 'NONE',  ( -1.000000000000000000, 4.440892098500626162E-16, 2.121142188857532135E-16 ) ) ;
#4733 = DIRECTION ( 'NONE',  ( -1.000000000000000000, 4.440892098500626162E-16, 2.121142188857532135E-16 ) ) ;
#4734 = VERTEX_POINT ( 'NONE', #875 ) ;
#4735 = DIRECTION ( 'NONE',  ( -1.000000000000000000, -1.179389324206870994E-17, 8.825547355056099929E-16 ) ) ;
#4736 = ORIENTED_EDGE ( 'NONE', *, *, #1556, .T. ) ;
#4737 = LINE ( 'NONE', #6378, #3990 ) ;
#4738 = DIRECTION ( 'NONE',  ( -3.912910096188286323E-16, -1.000000000000000000, 0.000000000000000000 ) ) ;
#4739 = CYLINDRICAL_SURFACE ( 'NONE', #3519, 1.000000000000000000 ) ;
#4740 = EDGE_CURVE ( 'NONE', #8056, #8120, #9459, .T. ) ;
#4741 = EDGE_CURVE ( 'NONE', #6136, #9707, #9504, .T. ) ;
#4742 = EDGE_CURVE ( 'NONE', #5496, #6172, #4683, .T. ) ;
#4743 = EDGE_LOOP ( 'NONE', ( #9547, #8094, #279, #8, #4229 ) ) ;
#4744 = CARTESIAN_POINT ( 'NONE',  ( -29.29999999999996518, 9.728927654278865694E-15, 28.53068523537423573 ) ) ;
#4745 = DIRECTION ( 'NONE',  ( -3.690901012716610650E-16, -1.000000000000000000, 0.000000000000000000 ) ) ;
#4746 = DIRECTION ( 'NONE',  ( -1.000000000000000000, 4.440892098500626162E-16, 2.121142188857532135E-16 ) ) ;
#4747 = VECTOR ( 'NONE', #7277, 1000.000000000000000 ) ;
#4748 = DIRECTION ( 'NONE',  ( 0.000000000000000000, -1.000000000000000000, 0.000000000000000000 ) ) ;
#4749 = DIRECTION ( 'NONE',  ( 1.000000000000000000, -1.348081413631192369E-15, -3.190558386184555325E-16 ) ) ;
#4750 = DIRECTION ( 'NONE',  ( 4.440892098500626162E-16, 1.000000000000000000, 0.000000000000000000 ) ) ;
#4751 = PLANE ( 'NONE',  #2622 ) ;
#4752 = ADVANCED_FACE ( 'NONE', ( #5533 ), #3173, .F. ) ;
#4753 = CIRCLE ( 'NONE', #2819, 2.249999999999998668 ) ;
#4754 = ORIENTED_EDGE ( 'NONE', *, *, #152, .T. ) ;
#4755 = AXIS2_PLACEMENT_3D ( 'NONE', #448, #1151, #4357 ) ;
#4756 = VERTEX_POINT ( 'NONE', #1722 ) ;
#4757 = AXIS2_PLACEMENT_3D ( 'NONE', #4847, #1184, #4191 ) ;
#4758 = DIRECTION ( 'NONE',  ( 1.000000000000000000, -2.161476583036237957E-16, -5.473344771987708442E-16 ) ) ;
#4759 = ORIENTED_EDGE ( 'NONE', *, *, #1424, .T. ) ;
#4760 = CARTESIAN_POINT ( 'NONE',  ( -20.00000000000000000, -14.69999999999900808, -1.299018575663730817E-14 ) ) ;
#4761 = CARTESIAN_POINT ( 'NONE',  ( -30.89999999999998082, -19.23499999999978627, 20.48500000000020904 ) ) ;
#4762 = AXIS2_PLACEMENT_3D ( 'NONE', #967, #3304, #3158 ) ;
#4763 = CARTESIAN_POINT ( 'NONE',  ( -33.70000000000000284, -37.01046404397900602, -0.04578905552862690825 ) ) ;
#4764 = FACE_BOUND ( 'NONE', #6424, .T. ) ;
#4765 = AXIS2_PLACEMENT_3D ( 'NONE', #8504, #2460, #9264 ) ;
#4766 = DIRECTION ( 'NONE',  ( -1.000000000000000000, -1.175656832681595541E-18, 2.479139147737537908E-18 ) ) ;
#4767 = EDGE_CURVE ( 'NONE', #4435, #4525, #9362, .T. ) ;
#4768 = VECTOR ( 'NONE', #8090, 1000.000000000000000 ) ;
#4769 = PLANE ( 'NONE',  #7787 ) ;
#4770 = VERTEX_POINT ( 'NONE', #4038 ) ;
#4771 = AXIS2_PLACEMENT_3D ( 'NONE', #6796, #8297, #6005 ) ;
#4772 = ORIENTED_EDGE ( 'NONE', *, *, #3224, .F. ) ;
#4773 = DIRECTION ( 'NONE',  ( 1.000000000000000000, -4.440892098500626162E-16, -2.121142188857532135E-16 ) ) ;
#4774 = DIRECTION ( 'NONE',  ( 0.000000000000000000, -0.6707851240783740954, -0.7416517493508393288 ) ) ;
#4775 = ORIENTED_EDGE ( 'NONE', *, *, #9671, .F. ) ;
#4776 = FACE_OUTER_BOUND ( 'NONE', #8907, .T. ) ;
#4777 = AXIS2_PLACEMENT_3D ( 'NONE', #954, #3247, #3100 ) ;
#4778 = LINE ( 'NONE', #1769, #6246 ) ;
#4779 = PLANE ( 'NONE',  #9092 ) ;
#4780 = ORIENTED_EDGE ( 'NONE', *, *, #9119, .T. ) ;
#4781 = ORIENTED_EDGE ( 'NONE', *, *, #3882, .T. ) ;
#4782 = CARTESIAN_POINT ( 'NONE',  ( -3.499999999999990230, 9.500000000000005329, 1.116695435164598604E-15 ) ) ;
#4783 = CYLINDRICAL_SURFACE ( 'NONE', #4846, 1.000000000000000888 ) ;
#4784 = EDGE_LOOP ( 'NONE', ( #1016, #1647, #1022, #5736 ) ) ;
#4785 = CARTESIAN_POINT ( 'NONE',  ( -29.29999999999999005, -19.23330444827314167, 19.23330444827405472 ) ) ;
#4786 = ORIENTED_EDGE ( 'NONE', *, *, #2568, .T. ) ;
#4787 = AXIS2_PLACEMENT_3D ( 'NONE', #7034, #7081, #6239 ) ;
#4788 = EDGE_CURVE ( 'NONE', #2868, #3627, #3725, .T. ) ;
#4789 = CARTESIAN_POINT ( 'NONE',  ( -29.29999999999997939, 21.48330444827511698, -19.23330444827406538 ) ) ;
#4790 = VECTOR ( 'NONE', #7690, 1000.000000000000114 ) ;
#4791 = CARTESIAN_POINT ( 'NONE',  ( -33.89999999999998437, 12.45000000000088569, -15.00000000000006928 ) ) ;
#4792 = CIRCLE ( 'NONE', #5899, 0.5000000000000004441 ) ;
#4793 = ORIENTED_EDGE ( 'NONE', *, *, #1436, .T. ) ;
#4794 = AXIS2_PLACEMENT_3D ( 'NONE', #5821, #5066, #4366 ) ;
#4795 = ORIENTED_EDGE ( 'NONE', *, *, #9361, .F. ) ;
#4796 = CARTESIAN_POINT ( 'NONE',  ( -30.89999999999998792, -15.00000000000004086, 11.24999999999996270 ) ) ;
#4797 = CIRCLE ( 'NONE', #3681, 0.7999999999999917177 ) ;
#4798 = EDGE_CURVE ( 'NONE', #677, #1999, #6973, .T. ) ;
#4799 = CARTESIAN_POINT ( 'NONE',  ( -32.89999999999999147, -13.54236595826000489, 29.87383874875488488 ) ) ;
#4800 = EDGE_CURVE ( 'NONE', #2659, #4821, #7910, .T. ) ;
#4801 = CYLINDRICAL_SURFACE ( 'NONE', #1123, 34.50000000000000000 ) ;
#4802 = LINE ( 'NONE', #4701, #7296 ) ;
#4803 = AXIS2_PLACEMENT_3D ( 'NONE', #5109, #5053, #3352 ) ;
#4804 = LINE ( 'NONE', #8431, #5746 ) ;
#4805 = DIRECTION ( 'NONE',  ( -1.000000000000000000, -1.175656832681595541E-18, 2.479139147737537908E-18 ) ) ;
#4806 = ORIENTED_EDGE ( 'NONE', *, *, #2772, .F. ) ;
#4807 = VECTOR ( 'NONE', #1064, 1000.000000000000000 ) ;
#4808 = ORIENTED_EDGE ( 'NONE', *, *, #5782, .T. ) ;
#4809 = DIRECTION ( 'NONE',  ( -1.000000000000000000, 4.440892098500626162E-16, 2.121142188857532135E-16 ) ) ;
#4810 = VERTEX_POINT ( 'NONE', #321 ) ;
#4811 = CARTESIAN_POINT ( 'NONE',  ( -32.39999999999043467, 31.63586697077563770, -1.248353697685300245 ) ) ;
#4812 = EDGE_CURVE ( 'NONE', #4385, #4973, #1006, .T. ) ;
#4813 = PLANE ( 'NONE',  #6887 ) ;
#4814 = EDGE_CURVE ( 'NONE', #3439, #1224, #2911, .T. ) ;
#4815 = CARTESIAN_POINT ( 'NONE',  ( -29.29999999999999716, -17.72403791909671966, -20.90202088431339078 ) ) ;
#4816 = FACE_OUTER_BOUND ( 'NONE', #251, .T. ) ;
#4817 = CIRCLE ( 'NONE', #3693, 15.20000000000001883 ) ;
#4818 = ORIENTED_EDGE ( 'NONE', *, *, #5376, .F. ) ;
#4819 = CARTESIAN_POINT ( 'NONE',  ( -22.70000000000001350, -31.70000000000002061, 6.409852547655119470E-14 ) ) ;
#4820 = ORIENTED_EDGE ( 'NONE', *, *, #6920, .T. ) ;
#4821 = VERTEX_POINT ( 'NONE', #3226 ) ;
#4822 = CARTESIAN_POINT ( 'NONE',  ( -32.89999999999998437, -32.35572279665716877, -4.700130480880362782 ) ) ;
#4823 = DIRECTION ( 'NONE',  ( -3.582704801079422853E-14, -1.224646799161946641E-16, 1.000000000000000000 ) ) ;
#4824 = ORIENTED_EDGE ( 'NONE', *, *, #8253, .T. ) ;
#4825 = CARTESIAN_POINT ( 'NONE',  ( -33.63881709647570517, -34.11246252433122095, 3.188817096475565993 ) ) ;
#4826 = AXIS2_PLACEMENT_3D ( 'NONE', #361, #9607, #2849 ) ;
#4827 = CARTESIAN_POINT ( 'NONE',  ( -32.89997779355446283, 31.86760331434214066, -4.454217584173901123 ) ) ;
#4828 = EDGE_CURVE ( 'NONE', #801, #5584, #5493, .T. ) ;
#4829 = LINE ( 'NONE', #7160, #2694 ) ;
#4830 = EDGE_CURVE ( 'NONE', #2306, #9675, #8616, .T. ) ;
#4831 = ORIENTED_EDGE ( 'NONE', *, *, #7005, .F. ) ;
#4832 = AXIS2_PLACEMENT_3D ( 'NONE', #2586, #1244, #500 ) ;
#4833 = ORIENTED_EDGE ( 'NONE', *, *, #883, .T. ) ;
#4834 = CARTESIAN_POINT ( 'NONE',  ( -33.70000000000000995, -30.25852531317756089, -0.07405444337407732225 ) ) ;
#4835 = CARTESIAN_POINT ( 'NONE',  ( -29.29999999999998650, -20.03330444827313173, 19.23330444827405472 ) ) ;
#4836 = ORIENTED_EDGE ( 'NONE', *, *, #4800, .F. ) ;
#4837 = DIRECTION ( 'NONE',  ( 0.000000000000000000, 0.000000000000000000, 1.000000000000000000 ) ) ;
#4838 = ORIENTED_EDGE ( 'NONE', *, *, #9431, .T. ) ;
#4839 = DIRECTION ( 'NONE',  ( 1.000000000000000000, 1.175656832681595541E-18, -2.479139147737537908E-18 ) ) ;
#4840 = CARTESIAN_POINT ( 'NONE',  ( -29.29999999999999716, -19.23330444827312746, -19.23330444827405472 ) ) ;
#4841 = CARTESIAN_POINT ( 'NONE',  ( -32.69508667774754684, -31.85891773588725684, 3.949561317706133945 ) ) ;
#4842 = ORIENTED_EDGE ( 'NONE', *, *, #9208, .T. ) ;
#4843 = VERTEX_POINT ( 'NONE', #7767 ) ;
#4844 = LINE ( 'NONE', #7879, #8033 ) ;
#4845 = UNCERTAINTY_MEASURE_WITH_UNIT (LENGTH_MEASURE( 1.000000000000000082E-05 ), #7418, 'distance_accuracy_value', 'NONE');
#4846 = AXIS2_PLACEMENT_3D ( 'NONE', #7077, #9319, #1674 ) ;
#4847 = CARTESIAN_POINT ( 'NONE',  ( -29.50000000000000355, -30.97598580441540861, -4.492026652257703034 ) ) ;
#4848 = CARTESIAN_POINT ( 'NONE',  ( -33.63881709647570517, -34.11246252433121384, 3.188817096475566437 ) ) ;
#4849 = DIRECTION ( 'NONE',  ( 1.000000000000000000, -4.440892098500626162E-16, -2.121142188857532135E-16 ) ) ;
#4850 = ORIENTED_EDGE ( 'NONE', *, *, #9633, .T. ) ;
#4851 = CIRCLE ( 'NONE', #4214, 0.7999999999999917177 ) ;
#4852 = EDGE_CURVE ( 'NONE', #1343, #6753, #6281, .T. ) ;
#4853 = EDGE_CURVE ( 'NONE', #5218, #1226, #6280, .T. ) ;
#4854 = ORIENTED_EDGE ( 'NONE', *, *, #5103, .F. ) ;
#4855 = LINE ( 'NONE', #4098, #9546 ) ;
#4856 = AXIS2_PLACEMENT_3D ( 'NONE', #549, #4156, #8140 ) ;
#4857 = PLANE ( 'NONE',  #2205 ) ;
#4858 = DIRECTION ( 'NONE',  ( 9.251858538542975772E-16, 0.000000000000000000, 1.000000000000000000 ) ) ;
#4859 = CARTESIAN_POINT ( 'NONE',  ( -22.89999999999998437, 9.920545202815670932E-13, -1.237505452186862588E-14 ) ) ;
#4860 = VECTOR ( 'NONE', #2124, 1000.000000000000000 ) ;
#4861 = DIRECTION ( 'NONE',  ( 0.000000000000000000, 0.000000000000000000, 1.000000000000000000 ) ) ;
#4862 = ORIENTED_EDGE ( 'NONE', *, *, #1349, .T. ) ;
#4863 = CARTESIAN_POINT ( 'NONE',  ( -30.69999999999998508, 31.79094230992349068, -2.949999999999887823 ) ) ;
#4864 = ORIENTED_EDGE ( 'NONE', *, *, #8766, .F. ) ;
#4865 = EDGE_CURVE ( 'NONE', #8044, #3014, #6373, .T. ) ;
#4866 = ADVANCED_FACE ( 'NONE', ( #5872 ), #6468, .T. ) ;
#4867 = ORIENTED_EDGE ( 'NONE', *, *, #755, .T. ) ;
#4868 = DIRECTION ( 'NONE',  ( 1.348081413631192172E-15, 1.000000000000000000, 0.000000000000000000 ) ) ;
#4869 = DIRECTION ( 'NONE',  ( -4.440892098500626162E-16, -1.000000000000000000, 0.000000000000000000 ) ) ;
#4870 = ORIENTED_EDGE ( 'NONE', *, *, #1237, .T. ) ;
#4871 = PLANE ( 'NONE',  #8092 ) ;
#4872 = LINE ( 'NONE', #7902, #1290 ) ;
#4873 = CARTESIAN_POINT ( 'NONE',  ( -32.39999999999998437, 31.89289554065198473, 3.948684026197199159 ) ) ;
#4874 = CARTESIAN_POINT ( 'NONE',  ( -29.50000000000000355, -30.44999999999903295, -1.258172332136011044E-14 ) ) ;
#4875 = ORIENTED_EDGE ( 'NONE', *, *, #7166, .T. ) ;
#4876 = EDGE_CURVE ( 'NONE', #7422, #6083, #1316, .T. ) ;
#4877 = VERTEX_POINT ( 'NONE', #4269 ) ;
#4878 = LINE ( 'NONE', #3116, #5607 ) ;
#4879 = DIRECTION ( 'NONE',  ( 1.000000000000000000, -2.161476583036237957E-16, -5.473344771987708442E-16 ) ) ;
#4880 = VERTEX_POINT ( 'NONE', #2803 ) ;
#4881 = CARTESIAN_POINT ( 'NONE',  ( -33.89999999999999858, -17.54999999999900240, -14.99999999999995381 ) ) ;
#4882 = AXIS2_PLACEMENT_3D ( 'NONE', #8645, #3915, #4020 ) ;
#4883 = ORIENTED_EDGE ( 'NONE', *, *, #932, .T. ) ;
#4884 = CIRCLE ( 'NONE', #6158, 2.750000000000001776 ) ;
#4885 =( NAMED_UNIT ( * ) PLANE_ANGLE_UNIT ( ) SI_UNIT ( $, .RADIAN. ) );
#4886 = CARTESIAN_POINT ( 'NONE',  ( -32.39999999998894253, 30.91512962736362624, -1.211326476013528275 ) ) ;
#4887 = CARTESIAN_POINT ( 'NONE',  ( -22.99999999999996803, 31.70000000000096918, -1.059413960594918178E-14 ) ) ;
#4888 = ORIENTED_EDGE ( 'NONE', *, *, #2626, .T. ) ;
#4889 = ORIENTED_EDGE ( 'NONE', *, *, #1143, .F. ) ;
#4890 = CARTESIAN_POINT ( 'NONE',  ( -42.91599376778212616, -14.69999999999899742, -8.129377638593412891E-15 ) ) ;
#4891 = DIRECTION ( 'NONE',  ( 0.000000000000000000, 0.000000000000000000, -1.000000000000000000 ) ) ;
#4892 = DIRECTION ( 'NONE',  ( 1.000000000000000000, -4.440892098500626162E-16, -2.121142188857532135E-16 ) ) ;
#4893 = CARTESIAN_POINT ( 'NONE',  ( -21.59999999999999432, 8.064590685340961693E-15, 1.113758879175237465E-14 ) ) ;
#4894 = FACE_OUTER_BOUND ( 'NONE', #2079, .T. ) ;
#4895 = ORIENTED_EDGE ( 'NONE', *, *, #6010, .T. ) ;
#4896 = AXIS2_PLACEMENT_3D ( 'NONE', #6295, #4700, #6148 ) ;
#4897 = DIRECTION ( 'NONE',  ( 0.000000000000000000, -1.000000000000000000, 0.000000000000000000 ) ) ;
#4898 = CARTESIAN_POINT ( 'NONE',  ( -3.999999999999979128, -4.255999999999017014, 26.25731258145050617 ) ) ;
#4899 = CARTESIAN_POINT ( 'NONE',  ( -29.50000000000000355, -31.69999999999902585, -1.273480417125352938E-14 ) ) ;
#4900 = CARTESIAN_POINT ( 'NONE',  ( -33.39999999999998437, 34.33129643110145679, -3.407651003243834964 ) ) ;
#4901 = EDGE_CURVE ( 'NONE', #3709, #8256, #4926, .T. ) ;
#4902 = DIRECTION ( 'NONE',  ( -4.440892098500626162E-16, -1.000000000000000000, 0.000000000000000000 ) ) ;
#4903 = AXIS2_PLACEMENT_3D ( 'NONE', #5473, #5614, #4018 ) ;
#4904 = ORIENTED_EDGE ( 'NONE', *, *, #1502, .F. ) ;
#4905 = CARTESIAN_POINT ( 'NONE',  ( -3.000000000000048850, -34.49999999999999289, 4.863143134295315092E-15 ) ) ;
#4906 = ORIENTED_EDGE ( 'NONE', *, *, #6732, .T. ) ;
#4907 = ORIENTED_EDGE ( 'NONE', *, *, #7233, .F. ) ;
#4908 = LINE ( 'NONE', #7947, #5170 ) ;
#4909 = DIRECTION ( 'NONE',  ( 1.000000000000000000, -1.348081413631192369E-15, -3.190558386184555325E-16 ) ) ;
#4910 = VECTOR ( 'NONE', #1320, 1000.000000000000000 ) ;
#4911 = ORIENTED_EDGE ( 'NONE', *, *, #8351, .T. ) ;
#4912 = LINE ( 'NONE', #6413, #5407 ) ;
#4913 = AXIS2_PLACEMENT_3D ( 'NONE', #3044, #2290, #7490 ) ;
#4914 = DIRECTION ( 'NONE',  ( 1.348081413631192369E-15, 1.000000000000000000, 0.000000000000000000 ) ) ;
#4915 = FACE_OUTER_BOUND ( 'NONE', #7281, .T. ) ;
#4916 = EDGE_CURVE ( 'NONE', #9158, #4979, #5803, .T. ) ;
#4917 = VECTOR ( 'NONE', #6864, 1000.000000000000000 ) ;
#4918 = CIRCLE ( 'NONE', #4118, 34.50000000000000000 ) ;
#4919 = EDGE_CURVE ( 'NONE', #2953, #8057, #1481, .T. ) ;
#4920 = VECTOR ( 'NONE', #6411, 1000.000000000000000 ) ;
#4921 = CARTESIAN_POINT ( 'NONE',  ( -33.39999999996702229, 31.79094230992346581, 2.949999999967158892 ) ) ;
#4922 = ORIENTED_EDGE ( 'NONE', *, *, #4310, .F. ) ;
#4923 = VERTEX_POINT ( 'NONE', #1914 ) ;
#4924 = CARTESIAN_POINT ( 'NONE',  ( -3.000000000000018208, 1.036590798349709851E-14, -34.50000000000000000 ) ) ;
#4925 = VECTOR ( 'NONE', #256, 1000.000000000000000 ) ;
#4926 = LINE ( 'NONE', #3574, #2437 ) ;
#4927 = EDGE_LOOP ( 'NONE', ( #913, #8395, #4656, #5001 ) ) ;
#4928 = DIRECTION ( 'NONE',  ( 1.000000000000000000, -2.161476583036237957E-16, -5.473344771987708442E-16 ) ) ;
#4929 = DIRECTION ( 'NONE',  ( 0.000000000000000000, -1.000000000000000000, 0.000000000000000000 ) ) ;
#4930 = ORIENTED_EDGE ( 'NONE', *, *, #2730, .T. ) ;
#4931 = CIRCLE ( 'NONE', #2676, 1.500000000000001332 ) ;
#4932 = DIRECTION ( 'NONE',  ( -1.000000000000000000, -0.000000000000000000, 0.000000000000000000 ) ) ;
#4933 = EDGE_CURVE ( 'NONE', #6202, #7068, #8910, .T. ) ;
#4934 = AXIS2_PLACEMENT_3D ( 'NONE', #8187, #5258, #5206 ) ;
#4935 = ADVANCED_FACE ( 'NONE', ( #8757, #9508, #566, #8011, #5135, #5025, #8808, #4175, #5828 ), #369, .F. ) ;
#4936 = AXIS2_PLACEMENT_3D ( 'NONE', #1044, #9535, #5004 ) ;
#4937 = DIRECTION ( 'NONE',  ( 1.000000000000000000, -4.440892098500626162E-16, -2.121142188857532135E-16 ) ) ;
#4938 = EDGE_LOOP ( 'NONE', ( #6387, #7162, #3417, #4404 ) ) ;
#4939 = ORIENTED_EDGE ( 'NONE', *, *, #7844, .T. ) ;
#4940 = CARTESIAN_POINT ( 'NONE',  ( -29.29999999999998650, -19.23330444827314167, 19.23330444827405472 ) ) ;
#4941 = PRESENTATION_LAYER_ASSIGNMENT (  '', '', ( #8125 ) ) ;
#4942 = UNCERTAINTY_MEASURE_WITH_UNIT (LENGTH_MEASURE( 1.000000000000000082E-05 ), #5744, 'distance_accuracy_value', 'NONE');
#4943 = CIRCLE ( 'NONE', #6534, 1.000000000000000000 ) ;
#4944 = ADVANCED_FACE ( 'NONE', ( #6519 ), #5638, .F. ) ;
#4945 = CARTESIAN_POINT ( 'NONE',  ( -20.89999999999997371, -19.23499999999978982, 19.23500000000020904 ) ) ;
#4946 = CARTESIAN_POINT ( 'NONE',  ( -25.19999999999999574, -8.799999999999013056, -48.80433501989505629 ) ) ;
#4947 = CIRCLE ( 'NONE', #8928, 2.549999999999998490 ) ;
#4948 = FACE_OUTER_BOUND ( 'NONE', #5975, .T. ) ;
#4949 = VECTOR ( 'NONE', #9702, 1000.000000000000000 ) ;
#4950 = DIRECTION ( 'NONE',  ( -1.000000000000000000, 1.348081413631192369E-15, 3.190558386184555325E-16 ) ) ;
#4951 = ORIENTED_EDGE ( 'NONE', *, *, #1921, .F. ) ;
#4952 = AXIS2_PLACEMENT_3D ( 'NONE', #276, #1924, #1871 ) ;
#4953 = DIRECTION ( 'NONE',  ( 0.000000000000000000, -1.000000000000000000, 0.000000000000000000 ) ) ;
#4954 = DIRECTION ( 'NONE',  ( -1.000000000000000000, 4.440892098493159100E-16, 2.121142188919197885E-16 ) ) ;
#4955 = DIRECTION ( 'NONE',  ( -2.479139147737537908E-18, -0.000000000000000000, -1.000000000000000000 ) ) ;
#4956 = PLANE ( 'NONE',  #4476 ) ;
#4957 = CARTESIAN_POINT ( 'NONE',  ( -23.49999999999996447, 31.70000000000096918, -1.048808249650630640E-14 ) ) ;
#4958 = DIRECTION ( 'NONE',  ( 1.314184451497584957E-15, 1.000000000000000000, 0.000000000000000000 ) ) ;
#4959 = LINE ( 'NONE', #3448, #4768 ) ;
#4960 = ORIENTED_EDGE ( 'NONE', *, *, #4865, .F. ) ;
#4961 = AXIS2_PLACEMENT_3D ( 'NONE', #5399, #5457, #9380 ) ;
#4962 = ORIENTED_EDGE ( 'NONE', *, *, #699, .F. ) ;
#4963 = LINE ( 'NONE', #3512, #6132 ) ;
#4964 = EDGE_CURVE ( 'NONE', #6033, #3393, #844, .T. ) ;
#4965 = CARTESIAN_POINT ( 'NONE',  ( -30.69999999999999929, 31.69999999999998508, -1.479583105891303829E-13 ) ) ;
#4966 = EDGE_LOOP ( 'NONE', ( #2744, #1836, #8439, #5490 ) ) ;
#4967 = CARTESIAN_POINT ( 'NONE',  ( -29.29999999999997939, 19.23330444827511698, -19.23330444827406538 ) ) ;
#4968 = DIRECTION ( 'NONE',  ( -1.000000000000000000, 0.000000000000000000, 0.000000000000000000 ) ) ;
#4969 = PLANE ( 'NONE',  #7650 ) ;
#4970 = CARTESIAN_POINT ( 'NONE',  ( -32.39999999999631086, 30.91512962736362624, -1.211326476013528275 ) ) ;
#4971 = CARTESIAN_POINT ( 'NONE',  ( -32.39999999999999147, 32.48487037263634392, 1.211326476013236730 ) ) ;
#4972 = ORIENTED_EDGE ( 'NONE', *, *, #7414, .T. ) ;
#4973 = VERTEX_POINT ( 'NONE', #7411 ) ;
#4974 = DIRECTION ( 'NONE',  ( -4.565061778886329113E-16, -1.000000000000000000, 0.000000000000000000 ) ) ;
#4975 = VECTOR ( 'NONE', #3397, 1000.000000000000000 ) ;
#4976 = EDGE_CURVE ( 'NONE', #826, #9010, #4048, .T. ) ;
#4977 = EDGE_CURVE ( 'NONE', #2138, #2495, #1265, .T. ) ;
#4978 = DIRECTION ( 'NONE',  ( -1.000000000000000000, 2.161476583036224152E-16, 5.473344771987640402E-16 ) ) ;
#4979 = VERTEX_POINT ( 'NONE', #1862 ) ;
#4980 = DIRECTION ( 'NONE',  ( 1.000000000000000000, -2.161476583036237957E-16, -5.473344771987708442E-16 ) ) ;
#4981 = CARTESIAN_POINT ( 'NONE',  ( -30.89999999999999503, -28.77408854166666785, -3.820143356340651941 ) ) ;
#4982 = ORIENTED_EDGE ( 'NONE', *, *, #9178, .F. ) ;
#4983 =( NAMED_UNIT ( * ) PLANE_ANGLE_UNIT ( ) SI_UNIT ( $, .RADIAN. ) );
#4984 = CARTESIAN_POINT ( 'NONE',  ( -29.29999999999997584, 15.00000000000001243, 11.25000000000001776 ) ) ;
#4985 = CIRCLE ( 'NONE', #836, 1.000000000000000888 ) ;
#4986 = DIRECTION ( 'NONE',  ( 1.000000000000000000, -4.440892098500626162E-16, -2.121142188857532135E-16 ) ) ;
#4987 = VERTEX_POINT ( 'NONE', #9565 ) ;
#4988 = ORIENTED_EDGE ( 'NONE', *, *, #48, .F. ) ;
#4989 = EDGE_CURVE ( 'NONE', #7590, #5496, #473, .T. ) ;
#4990 = EDGE_CURVE ( 'NONE', #6160, #7367, #8662, .T. ) ;
#4991 = ADVANCED_FACE ( 'NONE', ( #5076 ), #8111, .F. ) ;
#4992 = DIRECTION ( 'NONE',  ( 5.473344771987640402E-16, 0.000000000000000000, 1.000000000000000000 ) ) ;
#4993 = EDGE_LOOP ( 'NONE', ( #4007, #9718, #2948 ) ) ;
#4994 = CIRCLE ( 'NONE', #4188, 2.750000000000002665 ) ;
#4995 = ORIENTED_EDGE ( 'NONE', *, *, #3690, .F. ) ;
#4996 = DIRECTION ( 'NONE',  ( 0.000000000000000000, -1.000000000000000000, 0.000000000000000000 ) ) ;
#4997 = DIRECTION ( 'NONE',  ( 6.938893903907226405E-16, 0.000000000000000000, 1.000000000000000000 ) ) ;
#4998 = CARTESIAN_POINT ( 'NONE',  ( -32.39999999998895674, -30.25852531317756444, -0.07405444337407754429 ) ) ;
#4999 = ADVANCED_FACE ( 'NONE', ( #3671 ), #2154, .F. ) ;
#5001 = ORIENTED_EDGE ( 'NONE', *, *, #1742, .F. ) ;
#5000 = EDGE_CURVE ( 'NONE', #4330, #7497, #7226, .T. ) ;
#5002 = VECTOR ( 'NONE', #2610, 1000.000000000000000 ) ;
#5003 = CARTESIAN_POINT ( 'NONE',  ( -32.89999999999997726, 32.41280410874922069, -5.024950726914164889 ) ) ;
#5004 = DIRECTION ( 'NONE',  ( 0.000000000000000000, 0.000000000000000000, -1.000000000000000000 ) ) ;
#5005 = CARTESIAN_POINT ( 'NONE',  ( -1.685101767038990580E-14, -12.50000000000000000, -6.938893903907175130E-16 ) ) ;
#5006 = CARTESIAN_POINT ( 'NONE',  ( -20.89999999999998792, 19.23499999999993904, -19.23500000000005272 ) ) ;
#5007 = DIRECTION ( 'NONE',  ( 1.206764157201257143E-15, 1.000000000000000000, 0.000000000000000000 ) ) ;
#5008 = AXIS2_PLACEMENT_3D ( 'NONE', #8399, #1105, #1948 ) ;
#5009 = DIRECTION ( 'NONE',  ( 0.000000000000000000, 0.000000000000000000, -1.000000000000000000 ) ) ;
#5010 = CARTESIAN_POINT ( 'NONE',  ( -29.29999999999996874, 16.89121196084584398, 13.28949793359988263 ) ) ;
#5011 = ORIENTED_EDGE ( 'NONE', *, *, #7669, .F. ) ;
#5012 = ORIENTED_EDGE ( 'NONE', *, *, #1119, .F. ) ;
#5013 = CARTESIAN_POINT ( 'NONE',  ( -22.19999999999996732, 31.70000000000096918, -1.076383098105778619E-14 ) ) ;
#5014 = DIRECTION ( 'NONE',  ( 4.716426019871923235E-16, 0.7416517493508107961, 0.6707851240784056257 ) ) ;
#5015 = ORIENTED_EDGE ( 'NONE', *, *, #5408, .T. ) ;
#5016 = DIRECTION ( 'NONE',  ( -1.000000000000000000, 4.440892098500626162E-16, 2.121142188857532135E-16 ) ) ;
#5017 = CIRCLE ( 'NONE', #6607, 1.500000000000001332 ) ;
#5018 = DIRECTION ( 'NONE',  ( -1.000000000000000000, 4.440892098500626162E-16, 2.121142188857532135E-16 ) ) ;
#5019 = LINE ( 'NONE', #7306, #8764 ) ;
#5020 = LINE ( 'NONE', #4970, #624 ) ;
#5021 = FACE_OUTER_BOUND ( 'NONE', #7659, .T. ) ;
#5022 = ORIENTED_EDGE ( 'NONE', *, *, #4990, .T. ) ;
#5023 = ORIENTED_EDGE ( 'NONE', *, *, #4853, .T. ) ;
#5024 = DIRECTION ( 'NONE',  ( -1.000000000000000000, 5.706327223607910652E-16, 2.282530889443164557E-16 ) ) ;
#5025 = FACE_BOUND ( 'NONE', #887, .T. ) ;
#5026 = VERTEX_POINT ( 'NONE', #3062 ) ;
#5027 = DIRECTION ( 'NONE',  ( -4.022547190670857145E-16, -1.000000000000000000, 0.000000000000000000 ) ) ;
#5028 = FACE_OUTER_BOUND ( 'NONE', #3760, .T. ) ;
#5029 = ORIENTED_EDGE ( 'NONE', *, *, #1010, .T. ) ;
#5030 = SURFACE_STYLE_FILL_AREA ( #4334 ) ;
#5031 = EDGE_CURVE ( 'NONE', #862, #8867, #2113, .T. ) ;
#5032 = EDGE_CURVE ( 'NONE', #1170, #6253, #3881, .T. ) ;
#5033 = DIRECTION ( 'NONE',  ( -1.000000000000000000, 4.440892098500626162E-16, 2.121142188857532135E-16 ) ) ;
#5034 = ORIENTED_EDGE ( 'NONE', *, *, #8986, .F. ) ;
#5035 = ORIENTED_EDGE ( 'NONE', *, *, #5000, .F. ) ;
#5036 = ORIENTED_EDGE ( 'NONE', *, *, #2302, .F. ) ;
#5037 = VECTOR ( 'NONE', #8179, 1000.000000000000000 ) ;
#5038 = CARTESIAN_POINT ( 'NONE',  ( -33.72601704418615043, -34.01673099956887825, -3.276017044259227795 ) ) ;
#5039 = ORIENTED_EDGE ( 'NONE', *, *, #7062, .F. ) ;
#5040 = EDGE_LOOP ( 'NONE', ( #3163, #7074 ) ) ;
#5041 = DIRECTION ( 'NONE',  ( -2.573514702612330266E-16, -0.8392316004034198196, 0.5437741451046699259 ) ) ;
#5042 = LINE ( 'NONE', #7232, #3639 ) ;
#5043 = ADVANCED_FACE ( 'NONE', ( #7454 ), #8695, .T. ) ;
#5044 = EDGE_CURVE ( 'NONE', #3586, #1927, #7606, .T. ) ;
#5045 = EDGE_CURVE ( 'NONE', #4307, #6713, #3394, .T. ) ;
#5046 = AXIS2_PLACEMENT_3D ( 'NONE', #9081, #732, #8980 ) ;
#5047 = DIRECTION ( 'NONE',  ( -1.000000000000000000, 4.440892098500626162E-16, 2.121142188857532135E-16 ) ) ;
#5048 = CARTESIAN_POINT ( 'NONE',  ( -32.39999999997924363, -31.70000000000001350, 6.613633252161577047E-14 ) ) ;
#5049 = ORIENTED_EDGE ( 'NONE', *, *, #7299, .F. ) ;
#5050 = DIRECTION ( 'NONE',  ( -1.000000000000000000, 0.000000000000000000, 0.000000000000000000 ) ) ;
#5051 = DIRECTION ( 'NONE',  ( 0.000000000000000000, 0.000000000000000000, 1.000000000000000000 ) ) ;
#5052 = CARTESIAN_POINT ( 'NONE',  ( -29.30000000000000071, 8.500000000000012434, -33.49999999999998579 ) ) ;
#5053 = DIRECTION ( 'NONE',  ( -1.000000000000000000, 2.161476583036237957E-16, 5.473344771987708442E-16 ) ) ;
#5054 = EDGE_CURVE ( 'NONE', #3763, #6118, #6028, .T. ) ;
#5055 = EDGE_CURVE ( 'NONE', #7508, #5146, #8574, .T. ) ;
#5056 = CARTESIAN_POINT ( 'NONE',  ( 70.33232511283226529, -9.481370026207550088E-14, -2.243993897086055271E-14 ) ) ;
#5057 = DIRECTION ( 'NONE',  ( 1.000000000000000000, -1.348081413631192369E-15, -3.190558386184555325E-16 ) ) ;
#5058 = DIRECTION ( 'NONE',  ( 0.000000000000000000, -2.081668171172168513E-14, 1.000000000000000000 ) ) ;
#5059 = EDGE_LOOP ( 'NONE', ( #5841, #8520, #9627, #8976, #7329 ) ) ;
#5060 = ORIENTED_EDGE ( 'NONE', *, *, #7565, .T. ) ;
#5061 = DIRECTION ( 'NONE',  ( 0.000000000000000000, 1.387778780781445676E-14, 1.000000000000000000 ) ) ;
#5062 = ORIENTED_EDGE ( 'NONE', *, *, #6516, .T. ) ;
#5063 =( BOUNDED_SURFACE ( )  B_SPLINE_SURFACE ( 3, 3, ( 
 ( #6997, #8535, #291, #8585 ),
 ( #2485, #3193, #8634, #2391 ),
 ( #6942, #3343, #6395, #6200 ),
 ( #7046, #9239, #6251, #194 ) ),
 .UNSPECIFIED., .F., .F., .F. ) 
 B_SPLINE_SURFACE_WITH_KNOTS ( ( 4, 4 ),
 ( 4, 4 ),
 ( 0.000000000000000000, 1.000000000000000000 ),
 ( 0.000000000000000000, 1.000000000000000000 ),
 .UNSPECIFIED. ) 
 GEOMETRIC_REPRESENTATION_ITEM ( )  RATIONAL_B_SPLINE_SURFACE ( (
 ( 1.000000000000000000, 0.3333333333333337034, 0.3333333333333337034, 1.000000000000000000),
 ( 0.8047378541243658256, 0.2682459513747889046, 0.2682459513747889046, 0.8047378541243658256),
 ( 0.8047378541243658256, 0.2682459513747889046, 0.2682459513747889046, 0.8047378541243658256),
 ( 1.000000000000000000, 0.3333333333333337034, 0.3333333333333337034, 1.000000000000000000) ) ) 
 REPRESENTATION_ITEM ( '' )  SURFACE ( )  );
#5064 = CARTESIAN_POINT ( 'NONE',  ( -29.49999999999998934, -33.99999999999901945, -1.433733999420349225E-13 ) ) ;
#5065 = CARTESIAN_POINT ( 'NONE',  ( -32.89999999999998437, -32.41882666302259963, 4.973667692656628780 ) ) ;
#5066 = DIRECTION ( 'NONE',  ( 1.000000000000000000, -2.161476583036237957E-16, -5.473344771987708442E-16 ) ) ;
#5067 = VECTOR ( 'NONE', #9595, 1000.000000000000000 ) ;
#5068 = EDGE_CURVE ( 'NONE', #1342, #7422, #9053, .T. ) ;
#5069 = CARTESIAN_POINT ( 'NONE',  ( -32.89999999999998437, -32.41280410874718143, -5.024950726914426014 ) ) ;
#5070 = PLANE ( 'NONE',  #1568 ) ;
#5071 = EDGE_LOOP ( 'NONE', ( #554, #1279, #859, #8635 ) ) ;
#5072 = CIRCLE ( 'NONE', #8250, 33.29999999999999716 ) ;
#5073 = EDGE_LOOP ( 'NONE', ( #4724, #651, #9322, #4838, #698 ) ) ;
#5074 = CYLINDRICAL_SURFACE ( 'NONE', #2056, 6.349999999999999645 ) ;
#5075 = AXIS2_PLACEMENT_3D ( 'NONE', #1892, #6493, #7290 ) ;
#5076 = FACE_OUTER_BOUND ( 'NONE', #4927, .T. ) ;
#5077 = ORIENTED_EDGE ( 'NONE', *, *, #1794, .T. ) ;
#5078 = CARTESIAN_POINT ( 'NONE',  ( -32.39999999999998437, -31.79094230992149406, -1.347708006399295428E-13 ) ) ;
#5079 = VECTOR ( 'NONE', #6768, 1000.000000000000000 ) ;
#5080 = VECTOR ( 'NONE', #4749, 1000.000000000000000 ) ;
#5081 = CARTESIAN_POINT ( 'NONE',  ( -30.69999999999998508, -31.79094230992149406, 2.949999999999865619 ) ) ;
#5082 = ORIENTED_EDGE ( 'NONE', *, *, #3764, .T. ) ;
#5083 = CARTESIAN_POINT ( 'NONE',  ( -23.49999999999997513, 19.23330444827511343, -19.23330444827406538 ) ) ;
#5084 = AXIS2_PLACEMENT_3D ( 'NONE', #4720, #7899, #2746 ) ;
#5085 = CARTESIAN_POINT ( 'NONE',  ( -29.49999999999998934, -31.69999999999900808, -1.344241350018181572E-13 ) ) ;
#5086 = CARTESIAN_POINT ( 'NONE',  ( -30.89999999999999503, 19.23499999999994259, -19.23500000000004562 ) ) ;
#5087 = ORIENTED_EDGE ( 'NONE', *, *, #2432, .T. ) ;
#5088 = AXIS2_PLACEMENT_3D ( 'NONE', #901, #7700, #5467 ) ;
#5089 = VECTOR ( 'NONE', #422, 999.9999999999998863 ) ;
#5090 = ORIENTED_EDGE ( 'NONE', *, *, #8330, .F. ) ;
#5091 = AXIS2_PLACEMENT_3D ( 'NONE', #7449, #2104, #9559 ) ;
#5092 = ORIENTED_EDGE ( 'NONE', *, *, #6086, .F. ) ;
#5093 = CIRCLE ( 'NONE', #1406, 29.50000000000000711 ) ;
#5094 = DIRECTION ( 'NONE',  ( -4.167503846190527060E-16, -1.000000000000000000, 0.000000000000000000 ) ) ;
#5095 = ORIENTED_EDGE ( 'NONE', *, *, #2420, .F. ) ;
#5096 = ORIENTED_EDGE ( 'NONE', *, *, #8461, .T. ) ;
#5097 = EDGE_CURVE ( 'NONE', #3450, #8793, #5247, .T. ) ;
#5098 =( NAMED_UNIT ( * ) PLANE_ANGLE_UNIT ( ) SI_UNIT ( $, .RADIAN. ) );
#5099 = FACE_OUTER_BOUND ( 'NONE', #165, .T. ) ;
#5100 = DIRECTION ( 'NONE',  ( 1.000000000000000000, -4.440892098500626162E-16, -2.121142188857532135E-16 ) ) ;
#5101 = CARTESIAN_POINT ( 'NONE',  ( -1.700000000000007061, 2.291738403173035942E-15, 5.423949256513769691E-16 ) ) ;
#5102 = ORIENTED_EDGE ( 'NONE', *, *, #3070, .T. ) ;
#5103 = EDGE_CURVE ( 'NONE', #7153, #9673, #8419, .T. ) ;
#5104 = EDGE_CURVE ( 'NONE', #3103, #7202, #8096, .T. ) ;
#5105 = CARTESIAN_POINT ( 'NONE',  ( -32.89997739694126011, -31.91018381595294429, 4.453160083372144307 ) ) ;
#5106 = PLANE ( 'NONE',  #1257 ) ;
#5107 = AXIS2_PLACEMENT_3D ( 'NONE', #5582, #1625, #1819 ) ;
#5108 = PLANE ( 'NONE',  #6254 ) ;
#5109 = CARTESIAN_POINT ( 'NONE',  ( -20.89999999999999503, -14.99999999999999112, -14.99999999999998934 ) ) ;
#5110 = CIRCLE ( 'NONE', #8603, 34.50000000000000000 ) ;
#5111 = DIRECTION ( 'NONE',  ( -1.000000000000000000, 4.440892098493158114E-16, 2.121142188919196899E-16 ) ) ;
#5112 = DIRECTION ( 'NONE',  ( 0.000000000000000000, 0.000000000000000000, 1.000000000000000000 ) ) ;
#5113 = FACE_OUTER_BOUND ( 'NONE', #5263, .T. ) ;
#5114 = VERTEX_POINT ( 'NONE', #6911 ) ;
#5115 = AXIS2_PLACEMENT_3D ( 'NONE', #6393, #5646, #9527 ) ;
#5116 = ORIENTED_EDGE ( 'NONE', *, *, #4309, .T. ) ;
#5117 = AXIS2_PLACEMENT_3D ( 'NONE', #9554, #5712, #2055 ) ;
#5118 = EDGE_CURVE ( 'NONE', #5269, #9003, #5717, .T. ) ;
#5119 = EDGE_CURVE ( 'NONE', #6081, #862, #1015, .T. ) ;
#5120 = EDGE_CURVE ( 'NONE', #510, #1752, #4672, .T. ) ;
#5121 = DIRECTION ( 'NONE',  ( 0.000000000000000000, 0.000000000000000000, 1.000000000000000000 ) ) ;
#5122 = ORIENTED_EDGE ( 'NONE', *, *, #8692, .T. ) ;
#5123 = DIRECTION ( 'NONE',  ( -1.000000000000000000, 2.161476583036237957E-16, 5.473344771987708442E-16 ) ) ;
#5124 = DIRECTION ( 'NONE',  ( 0.000000000000000000, 1.000000000000000000, 0.000000000000000000 ) ) ;
#5125 = CARTESIAN_POINT ( 'NONE',  ( -30.89999999999999503, 19.23499999999994259, -17.98500000000005627 ) ) ;
#5126 = CIRCLE ( 'NONE', #961, 1.249999999999992450 ) ;
#5127 = CIRCLE ( 'NONE', #802, 1.599999999999998979 ) ;
#5128 = CARTESIAN_POINT ( 'NONE',  ( -29.29999999999995808, 21.48330444827523777, 19.23330444827390906 ) ) ;
#5129 = DIRECTION ( 'NONE',  ( -1.000000000000000000, 1.348181831873279409E-15, 3.205467292565838918E-16 ) ) ;
#5130 = ORIENTED_EDGE ( 'NONE', *, *, #885, .F. ) ;
#5131 = ORIENTED_EDGE ( 'NONE', *, *, #6448, .T. ) ;
#5132 = CARTESIAN_POINT ( 'NONE',  ( -29.49999999999998934, -31.91870648513826225, 4.948350868272161307 ) ) ;
#5133 = CIRCLE ( 'NONE', #3849, 2.750000000000002665 ) ;
#5134 = EDGE_CURVE ( 'NONE', #6658, #8121, #9401, .T. ) ;
#5135 = FACE_BOUND ( 'NONE', #125, .T. ) ;
#5136 = ORIENTED_EDGE ( 'NONE', *, *, #452, .T. ) ;
#5137 = EDGE_CURVE ( 'NONE', #22, #6300, #8604, .T. ) ;
#5138 = DIRECTION ( 'NONE',  ( 9.251858538542975772E-16, 0.000000000000000000, 1.000000000000000000 ) ) ;
#5139 = DIRECTION ( 'NONE',  ( 0.000000000000000000, 0.000000000000000000, 1.000000000000000000 ) ) ;
#5140 = ORIENTED_EDGE ( 'NONE', *, *, #1144, .T. ) ;
#5141 = AXIS2_PLACEMENT_3D ( 'NONE', #8735, #5057, #4958 ) ;
#5142 = DIRECTION ( 'NONE',  ( 0.000000000000000000, 0.000000000000000000, -1.000000000000000000 ) ) ;
#5143 = ORIENTED_EDGE ( 'NONE', *, *, #2909, .F. ) ;
#5144 = AXIS2_PLACEMENT_3D ( 'NONE', #9114, #2264, #5328 ) ;
#5145 = ORIENTED_EDGE ( 'NONE', *, *, #1208, .F. ) ;
#5146 = VERTEX_POINT ( 'NONE', #6222 ) ;
#5147 = DIRECTION ( 'NONE',  ( -1.000000000000000000, 2.161476583036224152E-16, 5.473344771987640402E-16 ) ) ;
#5148 = ORIENTED_EDGE ( 'NONE', *, *, #6206, .T. ) ;
#5149 = ORIENTED_EDGE ( 'NONE', *, *, #5350, .T. ) ;
#5150 = CIRCLE ( 'NONE', #4826, 1.599999999999997202 ) ;
#5151 = DIRECTION ( 'NONE',  ( 0.000000000000000000, 0.000000000000000000, 1.000000000000000000 ) ) ;
#5152 = DIRECTION ( 'NONE',  ( -8.673617379884027583E-16, -1.000000000000000000, 0.000000000000000000 ) ) ;
#5153 = CARTESIAN_POINT ( 'NONE',  ( -32.89999999999998437, 9.947588794000047587E-13, -1.107148914398935689E-14 ) ) ;
#5154 = UNCERTAINTY_MEASURE_WITH_UNIT (LENGTH_MEASURE( 1.000000000000000082E-05 ), #8967, 'distance_accuracy_value', 'NONE');
#5155 = CARTESIAN_POINT ( 'NONE',  ( -29.29999999999997939, 19.23330444827511698, -19.23330444827406538 ) ) ;
#5156 = DIRECTION ( 'NONE',  ( -0.000000000000000000, 0.4549088130556971921, -0.8905380237835196500 ) ) ;
#5157 = DIRECTION ( 'NONE',  ( 1.338521200599390603E-15, 1.000000000000000000, 0.000000000000000000 ) ) ;
#5158 = CARTESIAN_POINT ( 'NONE',  ( -5.000000000000004441, 6.740407068155994979E-15, 1.595279193092283776E-15 ) ) ;
#5159 = PLANE ( 'NONE',  #6422 ) ;
#5160 = EDGE_CURVE ( 'NONE', #5913, #9211, #6829, .T. ) ;
#5161 = CARTESIAN_POINT ( 'NONE',  ( -32.89999999999998437, -3.085280115560538050, -32.70902156080225609 ) ) ;
#5162 = ORIENTED_EDGE ( 'NONE', *, *, #1438, .F. ) ;
#5163 = AXIS2_PLACEMENT_3D ( 'NONE', #5179, #2956, #6018 ) ;
#5164 = VERTEX_POINT ( 'NONE', #9202 ) ;
#5165 = PLANE ( 'NONE',  #609 ) ;
#5166 = ORIENTED_EDGE ( 'NONE', *, *, #4113, .T. ) ;
#5167 = FACE_OUTER_BOUND ( 'NONE', #4426, .T. ) ;
#5168 = DIRECTION ( 'NONE',  ( 0.000000000000000000, 0.000000000000000000, 1.000000000000000000 ) ) ;
#5169 = DIRECTION ( 'NONE',  ( 0.000000000000000000, -1.000000000000000000, 0.000000000000000000 ) ) ;
#5170 = VECTOR ( 'NONE', #8795, 1000.000000000000000 ) ;
#5171 = EDGE_CURVE ( 'NONE', #2655, #4488, #2458, .T. ) ;
#5172 = CARTESIAN_POINT ( 'NONE',  ( -32.69508667774753974, -31.89289554065000232, -3.948684026197221808 ) ) ;
#5173 = ADVANCED_FACE ( 'NONE', ( #7859 ), #1081, .F. ) ;
#5174 = EDGE_CURVE ( 'NONE', #2306, #2455, #6199, .T. ) ;
#5175 = CARTESIAN_POINT ( 'NONE',  ( -30.69999999999998863, -33.87364542785550725, 2.949999999999857181 ) ) ;
#5176 = VERTEX_POINT ( 'NONE', #4027 ) ;
#5177 = ORIENTED_EDGE ( 'NONE', *, *, #6288, .F. ) ;
#5178 = CIRCLE ( 'NONE', #857, 0.5000000000000004441 ) ;
#5179 = CARTESIAN_POINT ( 'NONE',  ( -3.500000000000019540, -12.49999999999999467, 4.228060447738777384E-16 ) ) ;
#5180 = VERTEX_POINT ( 'NONE', #6171 ) ;
#5181 = CARTESIAN_POINT ( 'NONE',  ( -29.30000000000000071, -9.499999999999989342, -28.98275349237886545 ) ) ;
#5182 = CARTESIAN_POINT ( 'NONE',  ( 70.33232511283226529, -9.481370026207550088E-14, -2.243993897086055271E-14 ) ) ;
#5183 = ORIENTED_EDGE ( 'NONE', *, *, #9181, .T. ) ;
#5184 = AXIS2_PLACEMENT_3D ( 'NONE', #6600, #4305, #5112 ) ;
#5185 = DIRECTION ( 'NONE',  ( 1.000000000000000000, -1.348081413631192369E-15, -3.190558386184555325E-16 ) ) ;
#5186 = DIRECTION ( 'NONE',  ( -1.000000000000000000, 4.440892098500626162E-16, 2.121142188857532135E-16 ) ) ;
#5187 = AXIS2_PLACEMENT_3D ( 'NONE', #8367, #6875, #6180 ) ;
#5188 = ADVANCED_FACE ( 'NONE', ( #5522 ), #8453, .T. ) ;
#5189 = ORIENTED_EDGE ( 'NONE', *, *, #7480, .F. ) ;
#5190 = EDGE_LOOP ( 'NONE', ( #6921, #3254, #8025, #8797 ) ) ;
#5191 = DIRECTION ( 'NONE',  ( 0.000000000000000000, 1.000000000000000000, -2.040851148208007998E-15 ) ) ;
#5192 = ORIENTED_EDGE ( 'NONE', *, *, #4025, .T. ) ;
#5193 = DIRECTION ( 'NONE',  ( 1.000000000000000000, -4.440892098500626162E-16, -2.121142188857532135E-16 ) ) ;
#5194 = EDGE_LOOP ( 'NONE', ( #5728, #2121, #6847, #2726 ) ) ;
#5195 = CARTESIAN_POINT ( 'NONE',  ( -32.89999999999617586, -7.091302843190542937, 32.02432298624314910 ) ) ;
#5196 = ORIENTED_EDGE ( 'NONE', *, *, #8692, .F. ) ;
#5197 = DIRECTION ( 'NONE',  ( 1.000000000000000000, -2.161476583036224152E-16, -5.473344771987640402E-16 ) ) ;
#5198 = PLANE ( 'NONE',  #1750 ) ;
#5199 = CARTESIAN_POINT ( 'NONE',  ( -30.70000000000001350, -34.45000000000001705, 6.579543922768655202E-14 ) ) ;
#5200 = CARTESIAN_POINT ( 'NONE',  ( -23.50000000000000355, -18.43330444827313741, -19.23330444827405472 ) ) ;
#5201 = CARTESIAN_POINT ( 'NONE',  ( -32.39999999999998437, 32.91870648514025532, -4.948350868272169301 ) ) ;
#5202 = DIRECTION ( 'NONE',  ( 1.000000000000000000, -1.348081413631192369E-15, -3.190558386184555325E-16 ) ) ;
#5203 = AXIS2_PLACEMENT_3D ( 'NONE', #1935, #7387, #6440 ) ;
#5204 = CARTESIAN_POINT ( 'NONE',  ( -23.49999999999998934, -13.74999999999901412, -14.99999999999995381 ) ) ;
#5205 = LINE ( 'NONE', #5307, #1075 ) ;
#5206 = DIRECTION ( 'NONE',  ( -2.479139147737537908E-18, 0.000000000000000000, -1.000000000000000000 ) ) ;
#5207 = CARTESIAN_POINT ( 'NONE',  ( -32.89999995212670569, -28.01511837961729512, -17.06576522379130623 ) ) ;
#5208 = ORIENTED_EDGE ( 'NONE', *, *, #4356, .T. ) ;
#5209 = ORIENTED_EDGE ( 'NONE', *, *, #6164, .T. ) ;
#5210 = DIRECTION ( 'NONE',  ( 1.353609985042508482E-15, 1.000000000000000000, 0.000000000000000000 ) ) ;
#5211 = ORIENTED_EDGE ( 'NONE', *, *, #5340, .T. ) ;
#5212 = CARTESIAN_POINT ( 'NONE',  ( -22.69999999999999574, 31.69999999999998508, -1.550187484731752581E-13 ) ) ;
#5213 = CARTESIAN_POINT ( 'NONE',  ( -22.79999999999999361, 31.69999999999998508, 1.499999999998735456 ) ) ;
#5214 = EDGE_CURVE ( 'NONE', #9676, #4979, #1708, .T. ) ;
#5215 = CARTESIAN_POINT ( 'NONE',  ( -33.54466991411010213, -35.34695989490620605, -4.950978037210932214 ) ) ;
#5216 = EDGE_LOOP ( 'NONE', ( #5508, #5476 ) ) ;
#5217 = CARTESIAN_POINT ( 'NONE',  ( -29.29999999999996874, 19.23500000000001009, 20.48499999999999943 ) ) ;
#5218 = VERTEX_POINT ( 'NONE', #4070 ) ;
#5219 = ORIENTED_EDGE ( 'NONE', *, *, #7711, .F. ) ;
#5220 = DIRECTION ( 'NONE',  ( -1.000000000000000000, 2.161476583036224152E-16, 5.473344771987640402E-16 ) ) ;
#5221 = CARTESIAN_POINT ( 'NONE',  ( -25.19999999999998508, -14.99999999999879918, 15.00000000000014921 ) ) ;
#5222 = ORIENTED_EDGE ( 'NONE', *, *, #2392, .T. ) ;
#5223 = CARTESIAN_POINT ( 'NONE',  ( -25.19999999999997797, 16.89121196084545673, -13.28949793360012421 ) ) ;
#5224 = EDGE_CURVE ( 'NONE', #8866, #5858, #9537, .T. ) ;
#5225 = DIRECTION ( 'NONE',  ( -1.000000000000000000, 2.161476583036224152E-16, 5.473344771987640402E-16 ) ) ;
#5226 = ORIENTED_EDGE ( 'NONE', *, *, #3252, .T. ) ;
#5227 = ADVANCED_FACE ( 'NONE', ( #5574 ), #126, .T. ) ;
#5228 = CYLINDRICAL_SURFACE ( 'NONE', #307, 2.249999999999998668 ) ;
#5229 = DIRECTION ( 'NONE',  ( 1.000000000000000000, 1.175656832681595541E-18, -2.479139147737537908E-18 ) ) ;
#5230 = EDGE_LOOP ( 'NONE', ( #7717, #4079, #1129 ) ) ;
#5231 = AXIS2_PLACEMENT_3D ( 'NONE', #1323, #9717, #2810 ) ;
#5232 = ORIENTED_EDGE ( 'NONE', *, *, #35, .F. ) ;
#5233 = DIRECTION ( 'NONE',  ( -1.000000000000000000, 4.440892098500626162E-16, 2.121142188857532135E-16 ) ) ;
#5234 = ORIENTED_EDGE ( 'NONE', *, *, #4543, .T. ) ;
#5235 = AXIS2_PLACEMENT_3D ( 'NONE', #8176, #2173, #7385 ) ;
#5236 = CARTESIAN_POINT ( 'NONE',  ( -30.89999999999999147, -28.12890625000000000, 4.584172027608813593 ) ) ;
#5237 = ORIENTED_EDGE ( 'NONE', *, *, #5735, .F. ) ;
#5238 = CARTESIAN_POINT ( 'NONE',  ( -32.89999999999999147, -13.45301388044335411, 29.91415610057783070 ) ) ;
#5239 = ADVANCED_FACE ( 'NONE', ( #7156 ), #864, .F. ) ;
#5240 = VERTEX_POINT ( 'NONE', #6361 ) ;
#5241 = EDGE_CURVE ( 'NONE', #7869, #8680, #6313, .T. ) ;
#5242 = AXIS2_PLACEMENT_3D ( 'NONE', #7560, #3768, #5324 ) ;
#5243 = DIRECTION ( 'NONE',  ( -1.000000000000000000, 2.161476583036237957E-16, 5.473344771987708442E-16 ) ) ;
#5244 = CARTESIAN_POINT ( 'NONE',  ( -3.999999999999982681, 17.50000000000097700, 22.99999999999998579 ) ) ;
#5245 = VECTOR ( 'NONE', #6266, 1000.000000000000000 ) ;
#5246 = CARTESIAN_POINT ( 'NONE',  ( -29.49999999999998934, 31.70000000000099050, 1.122642985676348249E-13 ) ) ;
#5247 = CIRCLE ( 'NONE', #9050, 9.500000000000000000 ) ;
#5248 = DIRECTION ( 'NONE',  ( 0.000000000000000000, -1.000000000000000000, 0.000000000000000000 ) ) ;
#5249 = AXIS2_PLACEMENT_3D ( 'NONE', #6161, #3862, #6258 ) ;
#5250 = ADVANCED_FACE ( 'NONE', ( #8650, #8502 ), #3259, .T. ) ;
#5251 = CARTESIAN_POINT ( 'NONE',  ( -32.89997739694124590, -31.90592372363985163, 4.453270077023609552 ) ) ;
#5252 = EDGE_CURVE ( 'NONE', #9230, #6267, #9376, .T. ) ;
#5253 = CARTESIAN_POINT ( 'NONE',  ( 70.33232511283225108, -9.500000000000095923, -2.127652451167056565E-14 ) ) ;
#5254 = AXIS2_PLACEMENT_3D ( 'NONE', #3291, #96, #7095 ) ;
#5255 = CARTESIAN_POINT ( 'NONE',  ( -23.50000000000000355, -19.23330444827313102, -19.23330444827405472 ) ) ;
#5256 = DIRECTION ( 'NONE',  ( -4.513101726118522915E-16, -1.000000000000000000, 0.000000000000000000 ) ) ;
#5257 = AXIS2_PLACEMENT_3D ( 'NONE', #6400, #2584, #5654 ) ;
#5258 = DIRECTION ( 'NONE',  ( 1.000000000000000000, 1.175656832681595541E-18, -2.479139147737537908E-18 ) ) ;
#5259 = CARTESIAN_POINT ( 'NONE',  ( -32.89999999999998437, -25.83097399546036499, -20.21387627913419394 ) ) ;
#5260 = EDGE_LOOP ( 'NONE', ( #8877, #1973, #9417, #1190 ) ) ;
#5261 = ORIENTED_EDGE ( 'NONE', *, *, #9042, .F. ) ;
#5262 = CARTESIAN_POINT ( 'NONE',  ( -21.60000000000000142, 8.064590685340961693E-15, 1.113758879175237781E-14 ) ) ;
#5263 = EDGE_LOOP ( 'NONE', ( #2155, #4630, #1092, #5435 ) ) ;
#5264 = FACE_OUTER_BOUND ( 'NONE', #8605, .T. ) ;
#5265 = STYLED_ITEM ( 'NONE', ( #3582 ), #8654 ) ;
#5266 = FACE_OUTER_BOUND ( 'NONE', #4454, .T. ) ;
#5267 = AXIS2_PLACEMENT_3D ( 'NONE', #9302, #8687, #7853 ) ;
#5268 = AXIS2_PLACEMENT_3D ( 'NONE', #6198, #1788, #8633 ) ;
#5269 = VERTEX_POINT ( 'NONE', #509 ) ;
#5270 = DIRECTION ( 'NONE',  ( -1.000000000000000000, 2.161476583036237957E-16, 5.473344771987708442E-16 ) ) ;
#5271 = ORIENTED_EDGE ( 'NONE', *, *, #9851, .F. ) ;
#5272 = AXIS2_PLACEMENT_3D ( 'NONE', #9754, #8953, #2946 ) ;
#5273 = EDGE_LOOP ( 'NONE', ( #7996, #1180, #6124, #822 ) ) ;
#5274 = LINE ( 'NONE', #3619, #1485 ) ;
#5275 = CARTESIAN_POINT ( 'NONE',  ( -33.32500000000000995, -30.44900076409684431, -2.448979565404612480 ) ) ;
#5276 = ORIENTED_EDGE ( 'NONE', *, *, #7776, .F. ) ;
#5277 = CARTESIAN_POINT ( 'NONE',  ( -33.89999999999998437, 15.00000000000087752, 15.00000000000004796 ) ) ;
#5278 = AXIS2_PLACEMENT_3D ( 'NONE', #2570, #4089, #7128 ) ;
#5279 = PLANE ( 'NONE',  #4338 ) ;
#5280 = ORIENTED_EDGE ( 'NONE', *, *, #689, .T. ) ;
#5281 = DIRECTION ( 'NONE',  ( -1.000000000000000000, -4.073328734088115622E-14, -3.582704801079423484E-14 ) ) ;
#5282 = VECTOR ( 'NONE', #2683, 1000.000000000000000 ) ;
#5283 = DIRECTION ( 'NONE',  ( 0.000000000000000000, 1.000000000000000000, -1.541976423090496028E-15 ) ) ;
#5284 = EDGE_LOOP ( 'NONE', ( #1629, #252, #4818, #4279 ) ) ;
#5285 = EDGE_CURVE ( 'NONE', #2659, #7623, #8095, .T. ) ;
#5286 = VECTOR ( 'NONE', #8755, 1000.000000000000000 ) ;
#5287 = EDGE_CURVE ( 'NONE', #1421, #3439, #1558, .T. ) ;
#5288 = ORIENTED_EDGE ( 'NONE', *, *, #8521, .T. ) ;
#5289 = CYLINDRICAL_SURFACE ( 'NONE', #809, 9.500000000000000000 ) ;
#5290 = ORIENTED_EDGE ( 'NONE', *, *, #8271, .F. ) ;
#5291 = CYLINDRICAL_SURFACE ( 'NONE', #6928, 1.000000000000000000 ) ;
#5292 = ORIENTED_EDGE ( 'NONE', *, *, #5252, .T. ) ;
#5293 = CARTESIAN_POINT ( 'NONE',  ( -32.89999999999999858, -7.015602552319839980, 32.04094414001539803 ) ) ;
#5294 = EDGE_LOOP ( 'NONE', ( #9805, #2714 ) ) ;
#5295 = PLANE ( 'NONE',  #4295 ) ;
#5296 = CARTESIAN_POINT ( 'NONE',  ( -29.29999999999997229, 13.28949793360126286, 16.89121196084430565 ) ) ;
#5297 = AXIS2_PLACEMENT_3D ( 'NONE', #8152, #1904, #5863 ) ;
#5298 = LINE ( 'NONE', #1482, #4144 ) ;
#5299 = EDGE_CURVE ( 'NONE', #6014, #2859, #6349, .T. ) ;
#5300 = DIRECTION ( 'NONE',  ( 0.000000000000000000, -1.000000000000000000, 0.000000000000000000 ) ) ;
#5301 = EDGE_CURVE ( 'NONE', #6488, #1282, #4211, .T. ) ;
#5302 = CARTESIAN_POINT ( 'NONE',  ( -30.90000000000000213, -9.188524590163924088, -28.03249927951398490 ) ) ;
#5303 = VECTOR ( 'NONE', #8002, 1000.000000000000000 ) ;
#5304 = DIRECTION ( 'NONE',  ( 1.000000000000000000, -2.161476583036224152E-16, -5.473344771987640402E-16 ) ) ;
#5305 = CARTESIAN_POINT ( 'NONE',  ( -5.000000000000000888, 6.740407068155963425E-15, 1.595279193092278649E-15 ) ) ;
#5306 = CARTESIAN_POINT ( 'NONE',  ( -33.89999999999998437, -14.99999999999879563, 15.00000000000015099 ) ) ;
#5307 = CARTESIAN_POINT ( 'NONE',  ( -33.89999999999997016, 13.75000000000099831, 14.99999999999992895 ) ) ;
#5308 = VECTOR ( 'NONE', #7197, 1000.000000000000000 ) ;
#5309 = DIRECTION ( 'NONE',  ( -1.000000000000000000, 0.000000000000000000, 0.000000000000000000 ) ) ;
#5310 = EDGE_CURVE ( 'NONE', #1760, #920, #6669, .T. ) ;
#5311 = CARTESIAN_POINT ( 'NONE',  ( -32.89999999193241109, -29.39611865996297269, -14.55748295773439160 ) ) ;
#5312 = ORIENTED_EDGE ( 'NONE', *, *, #942, .F. ) ;
#5313 = ORIENTED_EDGE ( 'NONE', *, *, #8777, .F. ) ;
#5314 = CARTESIAN_POINT ( 'NONE',  ( -83.77726090546464377, 9.989240966576516205E-13, -34.50000000000001421 ) ) ;
#5315 = ORIENTED_EDGE ( 'NONE', *, *, #9360, .F. ) ;
#5316 = DIRECTION ( 'NONE',  ( 0.000000000000000000, 1.000000000000000000, 0.000000000000000000 ) ) ;
#5317 = CARTESIAN_POINT ( 'NONE',  ( -28.99999999999998934, 15.00000000000087752, 12.40000000000004832 ) ) ;
#5318 = CARTESIAN_POINT ( 'NONE',  ( -32.90275887879867867, 31.89830651471651990, 4.158252930508742118 ) ) ;
#5319 = VERTEX_POINT ( 'NONE', #8698 ) ;
#5320 = CARTESIAN_POINT ( 'NONE',  ( -29.29999999999998650, -28.12890625000000000, 4.584172027608812705 ) ) ;
#5321 = ORIENTED_EDGE ( 'NONE', *, *, #1118, .T. ) ;
#5322 = EDGE_LOOP ( 'NONE', ( #8950, #9108, #1302, #9200, #3736, #2960, #4962, #2904, #7564 ) ) ;
#5323 = CARTESIAN_POINT ( 'NONE',  ( -32.89999997191434034, 14.95084194393343857, 29.25873567678092613 ) ) ;
#5324 = DIRECTION ( 'NONE',  ( 0.000000000000000000, 0.000000000000000000, 1.000000000000000000 ) ) ;
#5325 = ORIENTED_EDGE ( 'NONE', *, *, #7363, .T. ) ;
#5326 = CARTESIAN_POINT ( 'NONE',  ( -25.19999999999997087, 15.20000000000101181, -1.002572868372741822E-14 ) ) ;
#5327 = AXIS2_PLACEMENT_3D ( 'NONE', #980, #8663, #9274 ) ;
#5328 = DIRECTION ( 'NONE',  ( 5.028183988338571431E-16, 0.000000000000000000, 1.000000000000000000 ) ) ;
#5329 = ORIENTED_EDGE ( 'NONE', *, *, #1922, .T. ) ;
#5330 = CARTESIAN_POINT ( 'NONE',  ( -4.000000000000016875, -9.499999999999994671, 2.359873854009206403E-15 ) ) ;
#5331 = EDGE_LOOP ( 'NONE', ( #9124, #7675, #2115, #3, #4550 ) ) ;
#5332 = AXIS2_PLACEMENT_3D ( 'NONE', #7484, #1898, #4868 ) ;
#5333 = VERTEX_POINT ( 'NONE', #9549 ) ;
#5334 = CARTESIAN_POINT ( 'NONE',  ( -19.89732793106028552, -31.79094230992149406, -1.348017965037069699E-13 ) ) ;
#5335 = FACE_OUTER_BOUND ( 'NONE', #8626, .T. ) ;
#5336 = ORIENTED_EDGE ( 'NONE', *, *, #6991, .F. ) ;
#5337 = CARTESIAN_POINT ( 'NONE',  ( -32.89999999999998437, -6.951666258019473688, 32.05486448965767465 ) ) ;
#5338 = ORIENTED_EDGE ( 'NONE', *, *, #711, .F. ) ;
#5339 = AXIS2_PLACEMENT_3D ( 'NONE', #427, #1225, #7228 ) ;
#5340 = EDGE_CURVE ( 'NONE', #562, #3876, #2509, .T. ) ;
#5341 = ADVANCED_FACE ( 'NONE', ( #7948 ), #9651, .F. ) ;
#5342 = CARTESIAN_POINT ( 'NONE',  ( -32.89999999999998437, 32.41889583625843585, -4.948350868272187064 ) ) ;
#5343 = CARTESIAN_POINT ( 'NONE',  ( -83.77726090546464377, 34.33129643110142837, 3.407651003244080545 ) ) ;
#5344 = DIRECTION ( 'NONE',  ( -1.000000000000000000, -1.175656832681595541E-18, 2.479139147737537908E-18 ) ) ;
#5345 = DIRECTION ( 'NONE',  ( 5.473344771987708442E-16, 0.000000000000000000, 1.000000000000000000 ) ) ;
#5346 = CARTESIAN_POINT ( 'NONE',  ( -32.39999999999192681, 31.69999999999998508, -1.249999999969493070 ) ) ;
#5347 = EDGE_CURVE ( 'NONE', #4756, #6818, #8047, .T. ) ;
#5348 = PLANE ( 'NONE',  #2422 ) ;
#5349 = EDGE_CURVE ( 'NONE', #2863, #4373, #2668, .T. ) ;
#5350 = EDGE_CURVE ( 'NONE', #196, #7677, #3313, .T. ) ;
#5351 = CARTESIAN_POINT ( 'NONE',  ( -22.19999999999996732, 32.95000000000096918, -9.836533232231365573E-15 ) ) ;
#5352 = FACE_BOUND ( 'NONE', #2074, .T. ) ;
#5353 = CARTESIAN_POINT ( 'NONE',  ( -30.90000000000000213, -19.23499999999998877, -17.98499999999999233 ) ) ;
#5354 = LINE ( 'NONE', #648, #9228 ) ;
#5355 = CARTESIAN_POINT ( 'NONE',  ( -32.89999994527385496, -30.19356762196043320, -12.81429348478855523 ) ) ;
#5356 = ORIENTED_EDGE ( 'NONE', *, *, #25, .T. ) ;
#5357 = EDGE_LOOP ( 'NONE', ( #5092, #7721, #1289 ) ) ;
#5358 = AXIS2_PLACEMENT_3D ( 'NONE', #3288, #5605, #1834 ) ;
#5359 = FACE_OUTER_BOUND ( 'NONE', #9803, .T. ) ;
#5360 = ORIENTED_EDGE ( 'NONE', *, *, #4663, .F. ) ;
#5361 = DIRECTION ( 'NONE',  ( 0.000000000000000000, 0.000000000000000000, 1.000000000000000000 ) ) ;
#5362 = ADVANCED_FACE ( 'NONE', ( #8149 ), #6555, .F. ) ;
#5363 = CYLINDRICAL_SURFACE ( 'NONE', #6569, 2.950000000000000178 ) ;
#5364 = ADVANCED_FACE ( 'NONE', ( #1303 ), #1949, .F. ) ;
#5365 = CARTESIAN_POINT ( 'NONE',  ( -33.54466991411009502, -32.95099923590316848, 2.448979565404744818 ) ) ;
#5366 = VERTEX_POINT ( 'NONE', #1203 ) ;
#5367 = CARTESIAN_POINT ( 'NONE',  ( -25.19999999999997797, -5.599999999999003997, 24.67792535850613334 ) ) ;
#5368 = ORIENTED_EDGE ( 'NONE', *, *, #9088, .T. ) ;
#5369 = ORIENTED_EDGE ( 'NONE', *, *, #3094, .F. ) ;
#5370 = FACE_OUTER_BOUND ( 'NONE', #3020, .T. ) ;
#5371 = DIRECTION ( 'NONE',  ( 9.251858538542975772E-16, 0.000000000000000000, 1.000000000000000000 ) ) ;
#5372 = ORIENTED_EDGE ( 'NONE', *, *, #8337, .T. ) ;
#5373 = CARTESIAN_POINT ( 'NONE',  ( -32.39999999999999147, 30.25852531317753602, 0.07405444337400712840 ) ) ;
#5374 = LINE ( 'NONE', #821, #819 ) ;
#5375 = ORIENTED_EDGE ( 'NONE', *, *, #5890, .T. ) ;
#5376 = EDGE_CURVE ( 'NONE', #965, #1227, #2793, .T. ) ;
#5377 = FACE_OUTER_BOUND ( 'NONE', #8540, .T. ) ;
#5378 = ORIENTED_EDGE ( 'NONE', *, *, #3303, .F. ) ;
#5379 = VERTEX_POINT ( 'NONE', #7301 ) ;
#5380 = CARTESIAN_POINT ( 'NONE',  ( -22.79999999999999361, 31.69999999999998508, -1.549304929996247123E-13 ) ) ;
#5381 = AXIS2_PLACEMENT_3D ( 'NONE', #9635, #1036, #5798 ) ;
#5382 = DIRECTION ( 'NONE',  ( -1.000000000000000000, 4.440892098500626162E-16, 2.121142188857532135E-16 ) ) ;
#5383 = VERTEX_POINT ( 'NONE', #458 ) ;
#5384 = CARTESIAN_POINT ( 'NONE',  ( -32.89999971684580515, -3.498222166558834445, 32.61345357966556691 ) ) ;
#5385 = ORIENTED_EDGE ( 'NONE', *, *, #6072, .T. ) ;
#5386 = DIRECTION ( 'NONE',  ( 1.000000000000000000, -1.348081413631192369E-15, -3.190558386184555325E-16 ) ) ;
#5387 = DIRECTION ( 'NONE',  ( -5.880418562633243017E-16, -1.776356839400250465E-15, -1.000000000000000000 ) ) ;
#5388 = AXIS2_PLACEMENT_3D ( 'NONE', #2962, #3534, #2162 ) ;
#5389 = LINE ( 'NONE', #9173, #635 ) ;
#5390 = CARTESIAN_POINT ( 'NONE',  ( -32.89999999999998437, 15.00000000000087752, 15.00000000000004796 ) ) ;
#5391 = EDGE_CURVE ( 'NONE', #5584, #1428, #3514, .T. ) ;
#5392 = CIRCLE ( 'NONE', #6657, 18.80000000000000071 ) ;
#5393 = FACE_BOUND ( 'NONE', #6556, .T. ) ;
#5394 = CIRCLE ( 'NONE', #313, 33.00000000000000000 ) ;
#5395 = DIRECTION ( 'NONE',  ( 1.338521200599390603E-15, 1.000000000000000000, 0.000000000000000000 ) ) ;
#5396 = AXIS2_PLACEMENT_3D ( 'NONE', #9353, #8652, #170 ) ;
#5397 = CARTESIAN_POINT ( 'NONE',  ( -32.89999999999999147, -17.18770659659152145, 27.95612017406002536 ) ) ;
#5398 = VECTOR ( 'NONE', #4238, 1000.000000000000000 ) ;
#5399 = CARTESIAN_POINT ( 'NONE',  ( -32.40000000000000568, -33.14147468682246256, 0.07405444337421009104 ) ) ;
#5400 = CARTESIAN_POINT ( 'NONE',  ( -32.89997779355446283, -31.79094230992147985, -4.454712319216709737 ) ) ;
#5401 = CARTESIAN_POINT ( 'NONE',  ( -1.500000000000001332, 2.021548142160295019E-15, -1.583279362994751155E-16 ) ) ;
#5402 = AXIS2_PLACEMENT_3D ( 'NONE', #3561, #358, #4314 ) ;
#5403 = CARTESIAN_POINT ( 'NONE',  ( -29.50000000000000355, -31.69999999999902585, -1.273480417125352780E-14 ) ) ;
#5404 = CARTESIAN_POINT ( 'NONE',  ( -32.90000000383764700, -29.84605644894215715, -13.60694359247548668 ) ) ;
#5405 = EDGE_LOOP ( 'NONE', ( #6776, #1858 ) ) ;
#5406 = EDGE_CURVE ( 'NONE', #5882, #456, #1849, .T. ) ;
#5407 = VECTOR ( 'NONE', #7950, 1000.000000000000000 ) ;
#5408 = EDGE_CURVE ( 'NONE', #7129, #9872, #8894, .T. ) ;
#5409 = ORIENTED_EDGE ( 'NONE', *, *, #2039, .T. ) ;
#5410 = CIRCLE ( 'NONE', #288, 33.99999999999999289 ) ;
#5411 = CARTESIAN_POINT ( 'NONE',  ( -30.89999999999998792, 1.007476390756466385E-14, 1.622779942970096890E-14 ) ) ;
#5412 = AXIS2_PLACEMENT_3D ( 'NONE', #600, #6703, #9749 ) ;
#5413 = ORIENTED_EDGE ( 'NONE', *, *, #9074, .T. ) ;
#5414 = CARTESIAN_POINT ( 'NONE',  ( -32.39999999988185664, 31.69999999999998508, -1.249999999778843351 ) ) ;
#5415 = DIRECTION ( 'NONE',  ( -1.000000000000000000, 4.440892098500626162E-16, 2.121142188857532135E-16 ) ) ;
#5416 = CARTESIAN_POINT ( 'NONE',  ( -39.92017501842903471, 31.29423380247608932, -2.517509442474099579 ) ) ;
#5417 = AXIS2_PLACEMENT_3D ( 'NONE', #8713, #5683, #7174 ) ;
#5418 = ORIENTED_EDGE ( 'NONE', *, *, #7223, .T. ) ;
#5419 = CARTESIAN_POINT ( 'NONE',  ( -32.39999999999999147, 33.92634505945878942, 1.137272032639081720 ) ) ;
#5420 = EDGE_LOOP ( 'NONE', ( #3533, #5739, #7275, #5922 ) ) ;
#5421 = EDGE_CURVE ( 'NONE', #9478, #7366, #7937, .T. ) ;
#5422 = EDGE_CURVE ( 'NONE', #8240, #7966, #4133, .T. ) ;
#5423 = EDGE_CURVE ( 'NONE', #6015, #3076, #1451, .T. ) ;
#5424 = EDGE_LOOP ( 'NONE', ( #294, #4883, #8488, #403 ) ) ;
#5425 = DIRECTION ( 'NONE',  ( -0.7071067811865584529, -0.7071067811865366926, 2.239095148172577704E-16 ) ) ;
#5426 = AXIS2_PLACEMENT_3D ( 'NONE', #326, #3377, #9464 ) ;
#5427 = DIRECTION ( 'NONE',  ( -4.270088556250603178E-16, -1.000000000000000000, 0.000000000000000000 ) ) ;
#5428 = ORIENTED_EDGE ( 'NONE', *, *, #1072, .T. ) ;
#5429 = DIRECTION ( 'NONE',  ( 0.5773502691896184036, 0.5773502691896350569, -0.5773502691896237327 ) ) ;
#5430 = FACE_BOUND ( 'NONE', #6533, .T. ) ;
#5431 = EDGE_LOOP ( 'NONE', ( #6860, #9065 ) ) ;
#5432 = DIRECTION ( 'NONE',  ( -1.000000000000000000, 2.161476583036237957E-16, 5.473344771987708442E-16 ) ) ;
#5433 = AXIS2_PLACEMENT_3D ( 'NONE', #7691, #2531, #6297 ) ;
#5434 = AXIS2_PLACEMENT_3D ( 'NONE', #1161, #1259, #3566 ) ;
#5435 = ORIENTED_EDGE ( 'NONE', *, *, #5421, .T. ) ;
#5436 = ADVANCED_FACE ( 'NONE', ( #7399 ), #5165, .F. ) ;
#5437 = ORIENTED_EDGE ( 'NONE', *, *, #8926, .F. ) ;
#5438 = EDGE_CURVE ( 'NONE', #7182, #4681, #2193, .T. ) ;
#5439 = CARTESIAN_POINT ( 'NONE',  ( -25.19999999999997797, 12.45000000000088214, -15.00000000000006928 ) ) ;
#5440 = AXIS2_PLACEMENT_3D ( 'NONE', #5244, #6834, #5152 ) ;
#5441 = CYLINDRICAL_SURFACE ( 'NONE', #8019, 1.000000000000000000 ) ;
#5442 = ORIENTED_EDGE ( 'NONE', *, *, #6487, .F. ) ;
#5443 = CARTESIAN_POINT ( 'NONE',  ( -5.000000000000048850, -32.99999999999999289, 5.317557791660123040E-15 ) ) ;
#5444 = AXIS2_PLACEMENT_3D ( 'NONE', #1046, #7890, #9195 ) ;
#5445 = ORIENTED_EDGE ( 'NONE', *, *, #3751, .F. ) ;
#5446 = FILL_AREA_STYLE ('',( #9643 ) ) ;
#5447 = LINE ( 'NONE', #1582, #285 ) ;
#5448 = CIRCLE ( 'NONE', #8920, 1.500000000000000666 ) ;
#5449 = CARTESIAN_POINT ( 'NONE',  ( -29.50000000000000355, -31.69999999999902585, -1.273480417125352938E-14 ) ) ;
#5450 = AXIS2_PLACEMENT_3D ( 'NONE', #4399, #9091, #4546 ) ;
#5451 = CARTESIAN_POINT ( 'NONE',  ( -33.90000000001691660, 31.79094230992346581, 3.449999999992716226 ) ) ;
#5452 = DIRECTION ( 'NONE',  ( -4.167503846190528046E-16, -1.000000000000000000, 0.000000000000000000 ) ) ;
#5453 = AXIS2_PLACEMENT_3D ( 'NONE', #5334, #4482, #626 ) ;
#5454 = DIRECTION ( 'NONE',  ( -3.909790168050306749E-16, -0.8905380237835229806, -0.4549088130556910858 ) ) ;
#5455 = AXIS2_PLACEMENT_3D ( 'NONE', #3564, #8846, #3517 ) ;
#5456 = CARTESIAN_POINT ( 'NONE',  ( -32.89999999999999147, -31.90411239971784596, 8.306201750571322151 ) ) ;
#5457 = DIRECTION ( 'NONE',  ( 4.919709548711541756E-16, 0.8905380237835197610, 0.4549088130556972476 ) ) ;
#5458 = CARTESIAN_POINT ( 'NONE',  ( -32.90275887879867156, -31.86252540250358223, -4.159176782598414057 ) ) ;
#5459 = CYLINDRICAL_SURFACE ( 'NONE', #2691, 1.249999999999992450 ) ;
#5460 = DIRECTION ( 'NONE',  ( 0.7071067811865573427, 2.752173021815345805E-15, -0.7071067811865378028 ) ) ;
#5461 = CARTESIAN_POINT ( 'NONE',  ( -32.89999999999984226, -31.14403058607743802, -10.29028107861011243 ) ) ;
#5462 = ORIENTED_EDGE ( 'NONE', *, *, #2247, .F. ) ;
#5463 = CIRCLE ( 'NONE', #3055, 1.249999999999994227 ) ;
#5464 = ORIENTED_EDGE ( 'NONE', *, *, #4501, .F. ) ;
#5465 = CARTESIAN_POINT ( 'NONE',  ( -29.29999999999999005, 19.23499999999994259, -19.23500000000004917 ) ) ;
#5466 = ORIENTED_EDGE ( 'NONE', *, *, #1374, .T. ) ;
#5467 = DIRECTION ( 'NONE',  ( 8.825547355056099929E-16, 0.000000000000000000, 1.000000000000000000 ) ) ;
#5468 = CARTESIAN_POINT ( 'NONE',  ( -22.99999999999997513, 9.903919613021912847E-13, 30.75000000000000000 ) ) ;
#5469 = CARTESIAN_POINT ( 'NONE',  ( -32.39999999998410374, -30.58682747028423421, 0.5686360163127301970 ) ) ;
#5470 = VECTOR ( 'NONE', #6375, 1000.000000000000000 ) ;
#5471 = EDGE_CURVE ( 'NONE', #8266, #1342, #4556, .T. ) ;
#5472 = EDGE_CURVE ( 'NONE', #1873, #9161, #2249, .T. ) ;
#5473 = CARTESIAN_POINT ( 'NONE',  ( -29.49999999999998934, 31.91870648514024467, -4.948350868272185288 ) ) ;
#5474 = ORIENTED_EDGE ( 'NONE', *, *, #4368, .T. ) ;
#5475 = DIRECTION ( 'NONE',  ( -1.000000000000000000, 4.440892098500626162E-16, 2.121142188857532135E-16 ) ) ;
#5476 = ORIENTED_EDGE ( 'NONE', *, *, #8144, .F. ) ;
#5477 = ORIENTED_EDGE ( 'NONE', *, *, #2650, .T. ) ;
#5478 = DIRECTION ( 'NONE',  ( 0.000000000000000000, -1.000000000000000000, 0.000000000000000000 ) ) ;
#5479 = VECTOR ( 'NONE', #7372, 1000.000000000000000 ) ;
#5480 = DIRECTION ( 'NONE',  ( 0.000000000000000000, -0.9999167070499449528, 0.01290654726851262618 ) ) ;
#5481 = ORIENTED_EDGE ( 'NONE', *, *, #9086, .T. ) ;
#5482 = CARTESIAN_POINT ( 'NONE',  ( 1.462668333789844679E-14, 10.85000000000000497, 8.959561122500300735E-16 ) ) ;
#5483 = DIRECTION ( 'NONE',  ( 0.000000000000000000, 0.000000000000000000, 1.000000000000000000 ) ) ;
#5484 = ORIENTED_EDGE ( 'NONE', *, *, #2717, .F. ) ;
#5485 = CARTESIAN_POINT ( 'NONE',  ( -32.69511273523498573, 31.90149751654129773, 3.948461927080950229 ) ) ;
#5486 = EDGE_CURVE ( 'NONE', #7497, #625, #4405, .T. ) ;
#5487 = EDGE_CURVE ( 'NONE', #6267, #9230, #8105, .T. ) ;
#5488 = ADVANCED_FACE ( 'NONE', ( #5359 ), #1544, .F. ) ;
#5489 = EDGE_CURVE ( 'NONE', #8236, #8717, #2040, .T. ) ;
#5490 = ORIENTED_EDGE ( 'NONE', *, *, #2522, .T. ) ;
#5491 = ORIENTED_EDGE ( 'NONE', *, *, #3252, .F. ) ;
#5492 = DIRECTION ( 'NONE',  ( 1.000000000000000000, -2.161476583036237957E-16, -5.473344771987708442E-16 ) ) ;
#5493 = LINE ( 'NONE', #2564, #5002 ) ;
#5494 = EDGE_LOOP ( 'NONE', ( #1695, #5861 ) ) ;
#5495 = CARTESIAN_POINT ( 'NONE',  ( -30.89999999999998437, 1.007476390756466227E-14, 1.622779942970096575E-14 ) ) ;
#5496 = VERTEX_POINT ( 'NONE', #5957 ) ;
#5497 = ADVANCED_FACE ( 'NONE', ( #8239 ), #652, .T. ) ;
#5498 = DIRECTION ( 'NONE',  ( 0.000000000000000000, -1.000000000000000000, 0.000000000000000000 ) ) ;
#5499 = VECTOR ( 'NONE', #109, 1000.000000000000000 ) ;
#5500 = CARTESIAN_POINT ( 'NONE',  ( -29.29999999999999005, -8.499999999999989342, -33.49999999999998579 ) ) ;
#5501 = DIRECTION ( 'NONE',  ( -1.000000000000000000, 4.440892098500626162E-16, 2.121142188857532135E-16 ) ) ;
#5502 = CARTESIAN_POINT ( 'NONE',  ( -19.99999999999998224, 9.907666615730020731E-13, -1.299018575663731132E-14 ) ) ;
#5503 = CARTESIAN_POINT ( 'NONE',  ( -32.89999999999999147, -23.77868236323945084, 22.59235621792141657 ) ) ;
#5504 = DIRECTION ( 'NONE',  ( -1.000000000000000000, -1.175656832681595541E-18, 2.479139147737537908E-18 ) ) ;
#5505 = FACE_OUTER_BOUND ( 'NONE', #2187, .T. ) ;
#5506 = FACE_BOUND ( 'NONE', #1522, .T. ) ;
#5507 = DIRECTION ( 'NONE',  ( 0.000000000000000000, 1.000000000000000000, 0.000000000000000000 ) ) ;
#5508 = ORIENTED_EDGE ( 'NONE', *, *, #7050, .F. ) ;
#5509 = ORIENTED_EDGE ( 'NONE', *, *, #8338, .F. ) ;
#5510 = DIRECTION ( 'NONE',  ( 0.000000000000000000, 1.000000000000000000, 0.000000000000000000 ) ) ;
#5511 = ORIENTED_EDGE ( 'NONE', *, *, #7529, .T. ) ;
#5512 = DIRECTION ( 'NONE',  ( 1.000000000000000000, -0.000000000000000000, -5.473344771987708442E-16 ) ) ;
#5513 = DIRECTION ( 'NONE',  ( -0.7071067813938702873, -2.854090282583671071E-16, -0.7071067809792248582 ) ) ;
#5514 = DIRECTION ( 'NONE',  ( 1.000000000000000000, -4.440892098500626162E-16, -2.121142188857532135E-16 ) ) ;
#5515 = CARTESIAN_POINT ( 'NONE',  ( -30.99999999999998579, -8.799999999998883382, -32.11619529147255747 ) ) ;
#5516 = LINE ( 'NONE', #1657, #4553 ) ;
#5517 = DIRECTION ( 'NONE',  ( -1.000000000000000000, 4.440892098500626162E-16, 2.121142188857532135E-16 ) ) ;
#5518 = ORIENTED_EDGE ( 'NONE', *, *, #205, .T. ) ;
#5519 = ORIENTED_EDGE ( 'NONE', *, *, #4919, .T. ) ;
#5520 = CARTESIAN_POINT ( 'NONE',  ( -23.49999999999998579, -19.23330444827314523, 19.23330444827405472 ) ) ;
#5521 = EDGE_CURVE ( 'NONE', #6960, #1782, #1398, .T. ) ;
#5522 = FACE_OUTER_BOUND ( 'NONE', #429, .T. ) ;
#5523 = ORIENTED_EDGE ( 'NONE', *, *, #385, .F. ) ;
#5524 = CARTESIAN_POINT ( 'NONE',  ( -33.70000000000000995, -32.78040843101915414, 2.115027806509128805 ) ) ;
#5525 = CARTESIAN_POINT ( 'NONE',  ( -32.69508667774753974, 31.89289554065200605, -3.948684026196973562 ) ) ;
#5526 = CARTESIAN_POINT ( 'NONE',  ( -23.49999999999998579, -14.99999999999880096, 15.00000000000014921 ) ) ;
#5527 = AXIS2_PLACEMENT_3D ( 'NONE', #1910, #7161, #3125 ) ;
#5528 = ORIENTED_EDGE ( 'NONE', *, *, #4730, .T. ) ;
#5529 = ORIENTED_EDGE ( 'NONE', *, *, #6406, .T. ) ;
#5530 = CYLINDRICAL_SURFACE ( 'NONE', #7829, 26.60000000000000142 ) ;
#5531 = EDGE_CURVE ( 'NONE', #2098, #9478, #2994, .T. ) ;
#5532 = ADVANCED_FACE ( 'NONE', ( #3807 ), #2845, .F. ) ;
#5533 = FACE_OUTER_BOUND ( 'NONE', #9207, .T. ) ;
#5534 = ORIENTED_EDGE ( 'NONE', *, *, #9042, .T. ) ;
#5535 = FACE_OUTER_BOUND ( 'NONE', #7757, .T. ) ;
#5536 = ORIENTED_EDGE ( 'NONE', *, *, #4132, .F. ) ;
#5537 = DIRECTION ( 'NONE',  ( 1.000000000000000000, -2.161476583036237957E-16, -5.473344771987708442E-16 ) ) ;
#5538 = CARTESIAN_POINT ( 'NONE',  ( -32.89999999999998437, 32.40747893654931033, -4.841377339526781398 ) ) ;
#5539 = DIRECTION ( 'NONE',  ( 1.000000000000000000, 0.000000000000000000, 0.000000000000000000 ) ) ;
#5540 = VERTEX_POINT ( 'NONE', #8390 ) ;
#5541 = EDGE_CURVE ( 'NONE', #8078, #4923, #3485, .T. ) ;
#5542 = EDGE_CURVE ( 'NONE', #9164, #4312, #9384, .T. ) ;
#5543 = CARTESIAN_POINT ( 'NONE',  ( 6.212532315222097846E-15, 1.649999999999951061, 12.50000000000000000 ) ) ;
#5544 = AXIS2_PLACEMENT_3D ( 'NONE', #6642, #5111, #5658 ) ;
#5545 = CARTESIAN_POINT ( 'NONE',  ( -32.89999999999999147, -13.85832972754814563, 29.72906616359845700 ) ) ;
#5546 =( GEOMETRIC_REPRESENTATION_CONTEXT ( 3 ) GLOBAL_UNCERTAINTY_ASSIGNED_CONTEXT ( ( #1136 ) ) GLOBAL_UNIT_ASSIGNED_CONTEXT ( ( #2925, #5098, #4346 ) ) REPRESENTATION_CONTEXT ( 'NONE', 'WORKASPACE' ) );
#5547 = FACE_OUTER_BOUND ( 'NONE', #4721, .T. ) ;
#5548 = CARTESIAN_POINT ( 'NONE',  ( -1.500000000000025535, -18.00000000000000355, 2.714853580254778479E-15 ) ) ;
#5549 = CARTESIAN_POINT ( 'NONE',  ( -30.69999999999998508, -31.79094230992147985, -2.950000000000135181 ) ) ;
#5550 = DIRECTION ( 'NONE',  ( -1.000000000000000000, 4.440892098500626162E-16, 2.121142188857532135E-16 ) ) ;
#5551 = AXIS2_PLACEMENT_3D ( 'NONE', #8981, #3698, #6741 ) ;
#5552 = VERTEX_POINT ( 'NONE', #7442 ) ;
#5553 = VECTOR ( 'NONE', #6842, 1000.000000000000000 ) ;
#5554 = EDGE_CURVE ( 'NONE', #8647, #7460, #929, .T. ) ;
#5556 = ORIENTED_EDGE ( 'NONE', *, *, #1422, .T. ) ;
#5555 = ADVANCED_FACE ( 'NONE', ( #2895 ), #8992, .F. ) ;
#5557 = VECTOR ( 'NONE', #7640, 1000.000000000000000 ) ;
#5558 = DIRECTION ( 'NONE',  ( 1.000000000000000000, -4.440892098493159100E-16, -2.121142188919197885E-16 ) ) ;
#5559 = ORIENTED_EDGE ( 'NONE', *, *, #5299, .T. ) ;
#5560 = DIRECTION ( 'NONE',  ( -1.000000000000000000, 4.440892098500626162E-16, 2.121142188857532135E-16 ) ) ;
#5561 = CYLINDRICAL_SURFACE ( 'NONE', #344, 1.599999999999998979 ) ;
#5562 = VECTOR ( 'NONE', #4255, 1000.000000000000000 ) ;
#5563 = DIRECTION ( 'NONE',  ( 0.000000000000000000, 0.000000000000000000, -1.000000000000000000 ) ) ;
#5564 = CARTESIAN_POINT ( 'NONE',  ( 70.33232511283226529, -9.481370026207550088E-14, -2.243993897086055271E-14 ) ) ;
#5565 = AXIS2_PLACEMENT_3D ( 'NONE', #5277, #8310, #6125 ) ;
#5566 = CIRCLE ( 'NONE', #4281, 29.50000000000000711 ) ;
#5567 = ORIENTED_EDGE ( 'NONE', *, *, #1854, .F. ) ;
#5568 = AXIS2_PLACEMENT_3D ( 'NONE', #412, #9610, #3461 ) ;
#5569 = LINE ( 'NONE', #4715, #5245 ) ;
#5570 = VERTEX_POINT ( 'NONE', #7845 ) ;
#5571 = CONICAL_SURFACE ( 'NONE', #1089, 1.249999999702275932, 1.047197550826601820 ) ;
#5572 = ORIENTED_EDGE ( 'NONE', *, *, #2602, .T. ) ;
#5573 = CARTESIAN_POINT ( 'NONE',  ( -83.77726090546464377, 32.90690173235818605, -5.101550585556139161 ) ) ;
#5574 = FACE_OUTER_BOUND ( 'NONE', #6674, .T. ) ;
#5575 = ORIENTED_EDGE ( 'NONE', *, *, #8225, .F. ) ;
#5576 = CYLINDRICAL_SURFACE ( 'NONE', #1874, 33.29999999999999716 ) ;
#5577 = CIRCLE ( 'NONE', #1247, 1.649999999999995248 ) ;
#5578 = DIRECTION ( 'NONE',  ( -1.000000000000000000, -1.179389324206870994E-17, 8.825547355056099929E-16 ) ) ;
#5579 = ORIENTED_EDGE ( 'NONE', *, *, #4989, .F. ) ;
#5580 = PRESENTATION_LAYER_ASSIGNMENT (  '', '', ( #3008 ) ) ;
#5581 = ORIENTED_EDGE ( 'NONE', *, *, #2302, .T. ) ;
#5582 = CARTESIAN_POINT ( 'NONE',  ( -33.89999999996007318, 31.79094230992348002, 1.125401855039953602E-13 ) ) ;
#5583 = DIRECTION ( 'NONE',  ( -1.000000000000000000, 0.000000000000000000, 0.000000000000000000 ) ) ;
#5584 = VERTEX_POINT ( 'NONE', #803 ) ;
#5585 = LINE ( 'NONE', #1725, #8968 ) ;
#5586 = EDGE_LOOP ( 'NONE', ( #8063, #1518 ) ) ;
#5587 = LINE ( 'NONE', #8621, #467 ) ;
#5588 = CIRCLE ( 'NONE', #2213, 3.749999999999998224 ) ;
#5589 = FILL_AREA_STYLE ('',( #8668 ) ) ;
#5590 = ADVANCED_FACE ( 'NONE', ( #3245 ), #5571, .F. ) ;
#5591 = EDGE_CURVE ( 'NONE', #8688, #175, #5729, .T. ) ;
#5592 = CARTESIAN_POINT ( 'NONE',  ( -29.29999999999998650, -18.43330444827314807, 19.23330444827405472 ) ) ;
#5593 = AXIS2_PLACEMENT_3D ( 'NONE', #2976, #7479, #9678 ) ;
#5594 = ORIENTED_EDGE ( 'NONE', *, *, #1176, .T. ) ;
#5595 = VECTOR ( 'NONE', #1308, 1000.000000000000000 ) ;
#5596 = ORIENTED_EDGE ( 'NONE', *, *, #6890, .F. ) ;
#5597 = CARTESIAN_POINT ( 'NONE',  ( -29.49999999999998579, 31.91870648514020559, 4.948350868272410885 ) ) ;
#5598 = B_SPLINE_CURVE_WITH_KNOTS ( 'NONE', 3,
 ( #1974, #5038, #9629, #5840 ),
 .UNSPECIFIED., .F., .F.,
 ( 4, 4 ),
 ( 0.000000000000000000, 0.0004683474937790163529 ),
 .UNSPECIFIED. ) ;
#5599 = PLANE ( 'NONE',  #7188 ) ;
#5600 = CARTESIAN_POINT ( 'NONE',  ( -42.91599376778211905, 1.000943407138265277E-12, -8.129377638593412891E-15 ) ) ;
#5601 = VECTOR ( 'NONE', #4354, 1000.000000000000000 ) ;
#5602 = EDGE_CURVE ( 'NONE', #8045, #1764, #4931, .T. ) ;
#5603 = EDGE_CURVE ( 'NONE', #6059, #1847, #5093, .T. ) ;
#5604 = CARTESIAN_POINT ( 'NONE',  ( -32.89999999999998437, 31.90580101289611292, -4.448517447234578093 ) ) ;
#5605 = DIRECTION ( 'NONE',  ( 2.584331021607711084E-18, -0.7071067811865450192, 0.7071067811865501263 ) ) ;
#5606 = ORIENTED_EDGE ( 'NONE', *, *, #831, .T. ) ;
#5607 = VECTOR ( 'NONE', #6178, 1000.000000000000114 ) ;
#5608 = EDGE_LOOP ( 'NONE', ( #4172, #520, #5775, #2614 ) ) ;
#5609 = DIRECTION ( 'NONE',  ( -1.000000000000000000, 4.440892098500626162E-16, 2.121142188857532135E-16 ) ) ;
#5610 = CARTESIAN_POINT ( 'NONE',  ( -30.69999999999999574, 31.69999999999998508, -1.479583105891304081E-13 ) ) ;
#5611 = DIRECTION ( 'NONE',  ( 0.000000000000000000, -1.000000000000000000, 0.000000000000000000 ) ) ;
#5612 = FACE_OUTER_BOUND ( 'NONE', #9811, .T. ) ;
#5613 = EDGE_CURVE ( 'NONE', #8121, #4534, #7748, .T. ) ;
#5614 = DIRECTION ( 'NONE',  ( 1.000000000000000000, 1.175656832681595541E-18, -2.479139147737537908E-18 ) ) ;
#5615 = CONICAL_SURFACE ( 'NONE', #497, 1.500000000016814772, 0.7853981631042508127 ) ;
#5616 = ORIENTED_EDGE ( 'NONE', *, *, #7669, .T. ) ;
#5617 = DIRECTION ( 'NONE',  ( 4.440892098493158114E-16, 1.000000000000000000, 0.000000000000000000 ) ) ;
#5618 = EDGE_LOOP ( 'NONE', ( #5034, #9212 ) ) ;
#5619 = ORIENTED_EDGE ( 'NONE', *, *, #4675, .F. ) ;
#5620 = CARTESIAN_POINT ( 'NONE',  ( -19.89732793106028552, -31.79094230992149406, -3.950000000000137401 ) ) ;
#5621 = CARTESIAN_POINT ( 'NONE',  ( -83.77726090546464377, -34.33129643109944595, -3.407651003244098753 ) ) ;
#5622 = VERTEX_POINT ( 'NONE', #1751 ) ;
#5623 = CARTESIAN_POINT ( 'NONE',  ( -22.39999999999999858, 8.237508811983860769E-15, 1.157545637351138754E-14 ) ) ;
#5624 = VECTOR ( 'NONE', #1454, 1000.000000000000000 ) ;
#5625 = FACE_OUTER_BOUND ( 'NONE', #5230, .T. ) ;
#5626 = DIRECTION ( 'NONE',  ( 9.251858538542971828E-16, 0.000000000000000000, 1.000000000000000000 ) ) ;
#5627 = ORIENTED_EDGE ( 'NONE', *, *, #4235, .T. ) ;
#5628 = CIRCLE ( 'NONE', #665, 1.249999999969348519 ) ;
#5629 = ORIENTED_EDGE ( 'NONE', *, *, #8862, .F. ) ;
#5630 = DIRECTION ( 'NONE',  ( -1.000000000000000000, 4.440892098500626162E-16, 2.121142188857532135E-16 ) ) ;
#5631 = CARTESIAN_POINT ( 'NONE',  ( -32.89999999999998437, -14.99999999999901235, 14.99999999999992539 ) ) ;
#5632 = EDGE_LOOP ( 'NONE', ( #3610, #8346, #5183, #976, #8313, #3005 ) ) ;
#5633 = LINE ( 'NONE', #8665, #9769 ) ;
#5634 = ORIENTED_EDGE ( 'NONE', *, *, #1835, .T. ) ;
#5635 = DIRECTION ( 'NONE',  ( -1.351324446865990937E-15, -1.000000000000000000, 0.000000000000000000 ) ) ;
#5636 = PLANE ( 'NONE',  #1721 ) ;
#5637 = FACE_OUTER_BOUND ( 'NONE', #4600, .T. ) ;
#5638 = TOROIDAL_SURFACE ( 'NONE', #6905, 0.4999999999999855671, 0.5000000000000216493 ) ;
#5639 = ORIENTED_EDGE ( 'NONE', *, *, #4063, .F. ) ;
#5640 = ORIENTED_EDGE ( 'NONE', *, *, #5890, .F. ) ;
#5641 = CARTESIAN_POINT ( 'NONE',  ( 1.685101767038990580E-14, 12.50000000000000000, 6.938893903907175130E-16 ) ) ;
#5642 = EDGE_CURVE ( 'NONE', #8356, #650, #7001, .T. ) ;
#5643 = AXIS2_PLACEMENT_3D ( 'NONE', #9663, #7215, #5723 ) ;
#5644 = DIRECTION ( 'NONE',  ( 9.251858538542971828E-16, 0.000000000000000000, 1.000000000000000000 ) ) ;
#5645 = CARTESIAN_POINT ( 'NONE',  ( -29.49999999999997158, 30.97598580441739813, -4.492026652257699482 ) ) ;
#5646 = DIRECTION ( 'NONE',  ( 1.000000000000000000, -1.348081413631192369E-15, -3.190558386184555325E-16 ) ) ;
#5647 = CARTESIAN_POINT ( 'NONE',  ( -33.32499999999999574, 31.69999999999998508, -1.456416044084281645E-13 ) ) ;
#5648 = AXIS2_PLACEMENT_3D ( 'NONE', #3451, #4254, #9135 ) ;
#5649 = ORIENTED_EDGE ( 'NONE', *, *, #3907, .F. ) ;
#5650 = ADVANCED_FACE ( 'NONE', ( #899 ), #4058, .F. ) ;
#5651 = EDGE_CURVE ( 'NONE', #8509, #414, #446, .T. ) ;
#5652 = DIRECTION ( 'NONE',  ( 0.000000000000000000, -1.000000000000000000, -3.890984756615977524E-15 ) ) ;
#5653 = AXIS2_PLACEMENT_3D ( 'NONE', #9597, #2741, #1298 ) ;
#5654 = DIRECTION ( 'NONE',  ( 0.000000000000000000, -0.9986829581603670070, 0.05130642338010732439 ) ) ;
#5655 = LINE ( 'NONE', #6596, #5308 ) ;
#5656 = LINE ( 'NONE', #349, #7825 ) ;
#5657 = CIRCLE ( 'NONE', #9316, 1.000000000000000000 ) ;
#5658 = DIRECTION ( 'NONE',  ( -4.440892098493158114E-16, -1.000000000000000000, 0.000000000000000000 ) ) ;
#5659 = DIRECTION ( 'NONE',  ( 1.000000000000000000, 1.175656832681595541E-18, -2.479139147737537908E-18 ) ) ;
#5660 = CARTESIAN_POINT ( 'NONE',  ( -32.39999999999998437, -31.89289554065002363, 3.948684026196950914 ) ) ;
#5661 = EDGE_LOOP ( 'NONE', ( #7747, #5372, #3878, #9004, #7841, #9016 ) ) ;
#5662 = VERTEX_POINT ( 'NONE', #2398 ) ;
#5663 = CARTESIAN_POINT ( 'NONE',  ( -32.89999999999997726, 32.42333129176815731, 4.952487552786595693 ) ) ;
#5664 = EDGE_CURVE ( 'NONE', #8895, #3497, #3981, .T. ) ;
#5665 = EDGE_CURVE ( 'NONE', #3885, #4688, #9227, .T. ) ;
#5666 = CARTESIAN_POINT ( 'NONE',  ( 70.33232511283226529, -9.481370026207550088E-14, -2.243993897086055271E-14 ) ) ;
#5667 = VERTEX_POINT ( 'NONE', #1696 ) ;
#5668 = CARTESIAN_POINT ( 'NONE',  ( -22.69999999999999574, 31.69999999999998508, 1.499999999999845679 ) ) ;
#5669 = CARTESIAN_POINT ( 'NONE',  ( -32.39999999999998437, 31.79094230992348358, -3.949999999999890932 ) ) ;
#5670 = DIRECTION ( 'NONE',  ( -1.000000000000000000, 4.440892098500626162E-16, 2.121142188857532135E-16 ) ) ;
#5671 = DIRECTION ( 'NONE',  ( -4.167503846190527060E-16, -1.000000000000000000, -8.881784197001252323E-16 ) ) ;
#5672 = EDGE_LOOP ( 'NONE', ( #1749, #9824, #7735, #5292 ) ) ;
#5673 = ORIENTED_EDGE ( 'NONE', *, *, #4977, .F. ) ;
#5674 = DIRECTION ( 'NONE',  ( 0.000000000000000000, 0.000000000000000000, 1.000000000000000000 ) ) ;
#5675 = EDGE_CURVE ( 'NONE', #1697, #22, #7634, .T. ) ;
#5676 = CARTESIAN_POINT ( 'NONE',  ( -33.72601698561481953, 34.01673106426085269, 3.276016985581744478 ) ) ;
#5677 = ORIENTED_EDGE ( 'NONE', *, *, #3028, .T. ) ;
#5678 = CARTESIAN_POINT ( 'NONE',  ( -32.39999999998410374, -30.65096049950857449, -0.6797176813724529199 ) ) ;
#5679 = AXIS2_PLACEMENT_3D ( 'NONE', #8686, #7102, #161 ) ;
#5680 = DIRECTION ( 'NONE',  ( 1.000000000000000000, -1.349229370204182792E-15, -3.192373063429540231E-16 ) ) ;
#5681 = ORIENTED_EDGE ( 'NONE', *, *, #1785, .F. ) ;
#5682 = AXIS2_PLACEMENT_3D ( 'NONE', #240, #9434, #5507 ) ;
#5683 = DIRECTION ( 'NONE',  ( 1.000000000000000000, -2.161476583036237957E-16, -5.473344771987708442E-16 ) ) ;
#5684 =( NAMED_UNIT ( * ) SI_UNIT ( $, .STERADIAN. ) SOLID_ANGLE_UNIT ( ) );
#5685 = CARTESIAN_POINT ( 'NONE',  ( -32.90275887879866445, -31.79094230992151537, 4.159638747121356950 ) ) ;
#5686 = VERTEX_POINT ( 'NONE', #3200 ) ;
#5687 = ORIENTED_EDGE ( 'NONE', *, *, #6499, .F. ) ;
#5688 = FACE_OUTER_BOUND ( 'NONE', #4507, .T. ) ;
#5689 = DIRECTION ( 'NONE',  ( 1.000000000000000000, -2.161476583036237957E-16, -5.473344771987708442E-16 ) ) ;
#5690 = CYLINDRICAL_SURFACE ( 'NONE', #8891, 2.599999999999998312 ) ;
#5691 = CARTESIAN_POINT ( 'NONE',  ( -29.29999999999998650, -16.89121196084347787, 13.28949793360010467 ) ) ;
#5692 = CARTESIAN_POINT ( 'NONE',  ( -3.988197982730517353E-15, 1.316244395970083057E-13, -12.50000000000000000 ) ) ;
#5693 = EDGE_CURVE ( 'NONE', #6774, #1466, #4285, .T. ) ;
#5694 = ORIENTED_EDGE ( 'NONE', *, *, #6221, .T. ) ;
#5695 = CARTESIAN_POINT ( 'NONE',  ( -33.32500000000000995, -30.44900076409684431, -2.448979565404613368 ) ) ;
#5696 = CARTESIAN_POINT ( 'NONE',  ( -19.99999999999999289, 9.907666615730020731E-13, -1.299018575663730817E-14 ) ) ;
#5697 = CARTESIAN_POINT ( 'NONE',  ( -33.89999999999539426, 33.82451034383811361, -3.449999999995309263 ) ) ;
#5698 = CARTESIAN_POINT ( 'NONE',  ( -23.49999999999998579, -18.79999999999900950, -1.224778599053717573E-14 ) ) ;
#5699 = DIRECTION ( 'NONE',  ( -1.000000000000000000, -1.175656832681595541E-18, 2.479139147737537908E-18 ) ) ;
#5700 = ADVANCED_FACE ( 'NONE', ( #244 ), #6256, .T. ) ;
#5701 = CARTESIAN_POINT ( 'NONE',  ( -23.49999999999997513, 20.03330444827510703, -19.23330444827406538 ) ) ;
#5702 = EDGE_CURVE ( 'NONE', #2655, #9336, #1727, .T. ) ;
#5703 = DIRECTION ( 'NONE',  ( 0.000000000000000000, 1.000000000000000000, 0.000000000000000000 ) ) ;
#5704 = ORIENTED_EDGE ( 'NONE', *, *, #1806, .F. ) ;
#5705 = ORIENTED_EDGE ( 'NONE', *, *, #7529, .F. ) ;
#5706 = CARTESIAN_POINT ( 'NONE',  ( -32.89999999999998437, 32.20928464840101668, 4.538651142969275298 ) ) ;
#5707 = DIRECTION ( 'NONE',  ( 1.000000000000000000, 1.179389324206871456E-17, -8.825547355056098943E-16 ) ) ;
#5708 = AXIS2_PLACEMENT_3D ( 'NONE', #9714, #2011, #2658 ) ;
#5709 = EDGE_LOOP ( 'NONE', ( #526, #1506, #1429, #1327, #477, #2967 ) ) ;
#5710 = PLANE ( 'NONE',  #6203 ) ;
#5711 = CARTESIAN_POINT ( 'NONE',  ( -29.29999999999995808, 19.23330444827523777, 19.23330444827390906 ) ) ;
#5712 = DIRECTION ( 'NONE',  ( 1.000000000000000000, -4.440892098500626162E-16, -2.121142188857532135E-16 ) ) ;
#5713 = AXIS2_PLACEMENT_3D ( 'NONE', #5623, #2555, #1017 ) ;
#5714 = ADVANCED_FACE ( 'NONE', ( #6346, #9293 ), #9390, .T. ) ;
#5715 = CARTESIAN_POINT ( 'NONE',  ( -32.89999999999998437, -32.41280410874723827, 5.024950726914143573 ) ) ;
#5716 = ADVANCED_FACE ( 'NONE', ( #4013 ), #7052, .F. ) ;
#5717 = CIRCLE ( 'NONE', #3799, 0.4999999999999935052 ) ;
#5718 = DIRECTION ( 'NONE',  ( -1.000000000000000000, 0.000000000000000000, 0.000000000000000000 ) ) ;
#5719 = ORIENTED_EDGE ( 'NONE', *, *, #4500, .F. ) ;
#5720 = VERTEX_POINT ( 'NONE', #8833 ) ;
#5721 = DIRECTION ( 'NONE',  ( -1.000000000000000000, -5.260939983112882261E-16, 1.029891477379908339E-15 ) ) ;
#5722 = CIRCLE ( 'NONE', #1731, 1.649999999999995248 ) ;
#5723 = DIRECTION ( 'NONE',  ( 0.000000000000000000, 1.000000000000000000, 0.000000000000000000 ) ) ;
#5724 = EDGE_LOOP ( 'NONE', ( #6177, #1613, #1843, #2015, #4386 ) ) ;
#5725 = AXIS2_PLACEMENT_3D ( 'NONE', #7312, #2150, #2753 ) ;
#5726 = DIRECTION ( 'NONE',  ( 1.314184451497584957E-15, 1.000000000000000000, 0.000000000000000000 ) ) ;
#5727 = CARTESIAN_POINT ( 'NONE',  ( -33.89999999999998437, 15.00000000000088995, -15.00000000000006750 ) ) ;
#5728 = ORIENTED_EDGE ( 'NONE', *, *, #8873, .F. ) ;
#5729 = CIRCLE ( 'NONE', #7152, 2.750000000000002665 ) ;
#5730 = LINE ( 'NONE', #2765, #1745 ) ;
#5731 = LINE ( 'NONE', #6380, #7308 ) ;
#5732 = CIRCLE ( 'NONE', #1412, 33.50000000000001421 ) ;
#5733 = EDGE_CURVE ( 'NONE', #1937, #197, #4855, .T. ) ;
#5734 = CARTESIAN_POINT ( 'NONE',  ( -29.30000000000001137, -19.23330444827312746, -19.23330444827405472 ) ) ;
#5735 = EDGE_CURVE ( 'NONE', #7452, #3750, #6837, .T. ) ;
#5736 = ORIENTED_EDGE ( 'NONE', *, *, #6462, .T. ) ;
#5737 = ORIENTED_EDGE ( 'NONE', *, *, #5486, .F. ) ;
#5738 = DIRECTION ( 'NONE',  ( -4.440892098500626162E-16, -1.000000000000000000, 0.000000000000000000 ) ) ;
#5739 = ORIENTED_EDGE ( 'NONE', *, *, #2420, .T. ) ;
#5740 = AXIS2_PLACEMENT_3D ( 'NONE', #2476, #5537, #8565 ) ;
#5741 = ORIENTED_EDGE ( 'NONE', *, *, #7234, .F. ) ;
#5742 = UNCERTAINTY_MEASURE_WITH_UNIT (LENGTH_MEASURE( 1.000000000000000082E-05 ), #8763, 'distance_accuracy_value', 'NONE');
#5743 = CIRCLE ( 'NONE', #6688, 0.7999999999999917177 ) ;
#5744 =( LENGTH_UNIT ( ) NAMED_UNIT ( * ) SI_UNIT ( .MILLI., .METRE. ) );
#5745 = DIRECTION ( 'NONE',  ( 1.000000000000000000, -4.440892098500626162E-16, -2.121142188857532135E-16 ) ) ;
#5746 = VECTOR ( 'NONE', #3287, 1000.000000000000114 ) ;
#5747 = DIRECTION ( 'NONE',  ( 0.000000000000000000, 0.000000000000000000, 1.000000000000000000 ) ) ;
#5748 = VECTOR ( 'NONE', #3366, 999.9999999999998863 ) ;
#5749 = FACE_OUTER_BOUND ( 'NONE', #6311, .T. ) ;
#5750 = ORIENTED_EDGE ( 'NONE', *, *, #5055, .F. ) ;
#5751 = VECTOR ( 'NONE', #8373, 1000.000000000000000 ) ;
#5752 = DIRECTION ( 'NONE',  ( 4.898082547081744017E-16, -0.8392316004034162669, 0.5437741451046754770 ) ) ;
#5753 = CARTESIAN_POINT ( 'NONE',  ( -19.89732793106028552, 31.79094230992348002, 1.125943473490256854E-13 ) ) ;
#5754 = AXIS2_PLACEMENT_3D ( 'NONE', #6854, #1403, #6 ) ;
#5755 = CARTESIAN_POINT ( 'NONE',  ( -33.81307907500217169, 33.92074791262788835, -3.363079075002081808 ) ) ;
#5756 = CARTESIAN_POINT ( 'NONE',  ( -20.89999999999997726, -15.00000000000004263, 11.24999999999995737 ) ) ;
#5757 = FACE_OUTER_BOUND ( 'NONE', #5632, .T. ) ;
#5758 = FACE_OUTER_BOUND ( 'NONE', #1539, .T. ) ;
#5759 = CIRCLE ( 'NONE', #2238, 0.4999999999999964473 ) ;
#5760 = CARTESIAN_POINT ( 'NONE',  ( -32.89999999999998437, -21.64023872628160206, -24.64845127468455743 ) ) ;
#5761 = ORIENTED_EDGE ( 'NONE', *, *, #2471, .T. ) ;
#5762 = ORIENTED_EDGE ( 'NONE', *, *, #2934, .T. ) ;
#5763 = CARTESIAN_POINT ( 'NONE',  ( -32.89999999999997726, 32.11044147074709088, 4.485984952906418854 ) ) ;
#5764 = DIRECTION ( 'NONE',  ( 0.000000000000000000, 0.000000000000000000, 1.000000000000000000 ) ) ;
#5765 = ORIENTED_EDGE ( 'NONE', *, *, #9171, .F. ) ;
#5766 =( BOUNDED_SURFACE ( )  B_SPLINE_SURFACE ( 3, 3, ( 
 ( #6117, #1455, #749, #9149 ),
 ( #8196, #4512, #3759, #7503 ),
 ( #1503, #8997, #3864, #5318 ),
 ( #4610, #2102, #706, #7652 ) ),
 .UNSPECIFIED., .F., .F., .T. ) 
 B_SPLINE_SURFACE_WITH_KNOTS ( ( 4, 4 ),
 ( 4, 4 ),
 ( 0.000000000000000000, 1.000000000000000000 ),
 ( 0.000000000000000000, 1.000000000000000000 ),
 .UNSPECIFIED. ) 
 GEOMETRIC_REPRESENTATION_ITEM ( )  RATIONAL_B_SPLINE_SURFACE ( (
 ( 1.000000000000000000, 0.9999444713666300055, 0.9999444713666300055, 1.000000000000000000),
 ( 0.8025111867385938957, 0.8024666243891301898, 0.8024666243891301898, 0.8025111867385938957),
 ( 0.8025111867385938957, 0.8024666243891301898, 0.8024666243891301898, 0.8025111867385938957),
 ( 1.000000000000000000, 0.9999444713666300055, 0.9999444713666300055, 1.000000000000000000) ) ) 
 REPRESENTATION_ITEM ( '' )  SURFACE ( )  );
#5767 = CARTESIAN_POINT ( 'NONE',  ( -83.77726090546464377, -32.90690173235619653, 5.101550585556119621 ) ) ;
#5768 = EDGE_CURVE ( 'NONE', #3769, #2455, #2628, .T. ) ;
#5769 = CARTESIAN_POINT ( 'NONE',  ( -24.69999999999996376, 9.928538808592970847E-13, -1.199324892787427543E-14 ) ) ;
#5770 = EDGE_CURVE ( 'NONE', #8812, #2560, #8425, .T. ) ;
#5771 = DIRECTION ( 'NONE',  ( -1.000000000000000000, 4.440892098500626162E-16, 2.121142188857532135E-16 ) ) ;
#5772 = TOROIDAL_SURFACE ( 'NONE', #7360, 0.5000000000000105471, 0.4999999999999911182 ) ;
#5773 = LINE ( 'NONE', #464, #8607 ) ;
#5774 = CYLINDRICAL_SURFACE ( 'NONE', #5997, 29.50000000000000711 ) ;
#5775 = ORIENTED_EDGE ( 'NONE', *, *, #4025, .F. ) ;
#5776 = ORIENTED_EDGE ( 'NONE', *, *, #8630, .T. ) ;
#5777 = CARTESIAN_POINT ( 'NONE',  ( -22.69999999998617568, 31.69999999999998508, -1.550354795959492760E-13 ) ) ;
#5778 = CIRCLE ( 'NONE', #8318, 3.749999999999998224 ) ;
#5779 = CARTESIAN_POINT ( 'NONE',  ( -32.39999999999192681, 31.69999999999998508, -1.464757135027916490E-13 ) ) ;
#5780 = VERTEX_POINT ( 'NONE', #1939 ) ;
#5781 = PLANE ( 'NONE',  #923 ) ;
#5782 = EDGE_CURVE ( 'NONE', #9255, #9211, #1856, .T. ) ;
#5783 = CARTESIAN_POINT ( 'NONE',  ( -32.89999999999997726, -32.41613669502007156, 4.886807651311150913 ) ) ;
#5784 = ORIENTED_EDGE ( 'NONE', *, *, #4392, .T. ) ;
#5785 = EDGE_CURVE ( 'NONE', #6645, #5667, #3167, .T. ) ;
#5786 = EDGE_CURVE ( 'NONE', #5240, #1498, #1043, .T. ) ;
#5787 = FILL_AREA_STYLE_COLOUR ( '', #9238 ) ;
#5788 = AXIS2_PLACEMENT_3D ( 'NONE', #9438, #6545, #7936 ) ;
#5789 = CARTESIAN_POINT ( 'NONE',  ( -32.39999999999999858, -31.85891773588726394, 3.949561317706136609 ) ) ;
#5790 = ORIENTED_EDGE ( 'NONE', *, *, #2894, .T. ) ;
#5791 = VERTEX_POINT ( 'NONE', #5695 ) ;
#5792 = EDGE_LOOP ( 'NONE', ( #4575, #3859, #8126, #1102 ) ) ;
#5793 = CARTESIAN_POINT ( 'NONE',  ( -29.49999999999997868, 9.949855090665776680E-13, -1.097510067722265531E-14 ) ) ;
#5794 = ORIENTED_EDGE ( 'NONE', *, *, #8749, .F. ) ;
#5795 = ADVANCED_FACE ( 'NONE', ( #2680 ), #9481, .T. ) ;
#5796 = ORIENTED_EDGE ( 'NONE', *, *, #895, .T. ) ;
#5797 = EDGE_CURVE ( 'NONE', #4315, #3426, #455, .T. ) ;
#5798 = DIRECTION ( 'NONE',  ( -4.440892098493158114E-16, -1.000000000000000000, 0.000000000000000000 ) ) ;
#5799 = DIRECTION ( 'NONE',  ( -1.000000000000000000, 4.440892098500626162E-16, 2.121142188857532135E-16 ) ) ;
#5800 = CARTESIAN_POINT ( 'NONE',  ( -20.89999999999996660, 15.00000000000001066, 15.00000000000001243 ) ) ;
#5801 = DIRECTION ( 'NONE',  ( 1.348081413631192369E-15, 1.000000000000000000, 0.000000000000000000 ) ) ;
#5802 = EDGE_LOOP ( 'NONE', ( #7397, #2410, #5315, #46 ) ) ;
#5803 = CIRCLE ( 'NONE', #5643, 2.550000000000000266 ) ;
#5804 = ADVANCED_FACE ( 'NONE', ( #1984 ), #442, .F. ) ;
#5805 = CARTESIAN_POINT ( 'NONE',  ( -33.89999999999998437, -14.99999999999879563, 15.00000000000015099 ) ) ;
#5806 = LINE ( 'NONE', #3349, #9552 ) ;
#5807 = CARTESIAN_POINT ( 'NONE',  ( -1.499999999999977129, 18.00000000000001066, 4.785837579276882292E-16 ) ) ;
#5808 = CARTESIAN_POINT ( 'NONE',  ( -25.19999999999998508, -15.19999999999902762, -1.188719181843139689E-14 ) ) ;
#5809 = DIRECTION ( 'NONE',  ( 0.000000000000000000, -1.000000000000000000, 0.000000000000000000 ) ) ;
#5810 = AXIS2_PLACEMENT_3D ( 'NONE', #5520, #4773, #6312 ) ;
#5811 = FACE_OUTER_BOUND ( 'NONE', #8449, .T. ) ;
#5812 = CARTESIAN_POINT ( 'NONE',  ( -29.49999999999998934, 31.79094230992348002, 1.126181537092746615E-13 ) ) ;
#5813 = EDGE_LOOP ( 'NONE', ( #5877, #5445, #4023, #7450 ) ) ;
#5814 = ORIENTED_EDGE ( 'NONE', *, *, #102, .F. ) ;
#5815 = CARTESIAN_POINT ( 'NONE',  ( -32.89999999999999147, 32.34716161191310135, 4.681045766072541525 ) ) ;
#5816 = DIRECTION ( 'NONE',  ( -1.000000000000000000, 1.203748661061754948E-17, 2.343104809322968878E-16 ) ) ;
#5817 = ORIENTED_EDGE ( 'NONE', *, *, #5848, .T. ) ;
#5818 = CARTESIAN_POINT ( 'NONE',  ( -0.9999999999763531378, 1.348081413599313317E-15, 3.190558386109109655E-16 ) ) ;
#5819 = AXIS2_PLACEMENT_3D ( 'NONE', #4695, #7737, #1829 ) ;
#5820 = DIRECTION ( 'NONE',  ( -1.000000000000000000, 3.481816809663767097E-16, 1.778598004644575183E-16 ) ) ;
#5821 = CARTESIAN_POINT ( 'NONE',  ( -30.89999999999998792, 1.007476390756466385E-14, 1.622779942970096890E-14 ) ) ;
#5822 = CARTESIAN_POINT ( 'NONE',  ( -32.89999999999998437, -31.72040648394099094, -8.535400537645145391 ) ) ;
#5823 = CARTESIAN_POINT ( 'NONE',  ( -25.19999999999998508, -14.99999999999879918, 15.00000000000014921 ) ) ;
#5824 = ORIENTED_EDGE ( 'NONE', *, *, #5031, .F. ) ;
#5825 = EDGE_CURVE ( 'NONE', #9630, #3709, #9070, .T. ) ;
#5826 = ORIENTED_EDGE ( 'NONE', *, *, #8569, .F. ) ;
#5827 = FACE_OUTER_BOUND ( 'NONE', #5494, .T. ) ;
#5828 = FACE_OUTER_BOUND ( 'NONE', #6523, .T. ) ;
#5829 = ORIENTED_EDGE ( 'NONE', *, *, #7904, .F. ) ;
#5830 = CARTESIAN_POINT ( 'NONE',  ( -19.99999999999998934, -18.79999999999900950, -1.299018575663731132E-14 ) ) ;
#5831 = CYLINDRICAL_SURFACE ( 'NONE', #8724, 1.000000000000000000 ) ;
#5832 = ORIENTED_EDGE ( 'NONE', *, *, #2234, .F. ) ;
#5833 = DIRECTION ( 'NONE',  ( 1.000000000000000000, 0.000000000000000000, -0.000000000000000000 ) ) ;
#5834 = DIRECTION ( 'NONE',  ( 1.000000000000000000, -2.161476583036237957E-16, -5.473344771987708442E-16 ) ) ;
#5835 = EDGE_LOOP ( 'NONE', ( #2227, #7330 ) ) ;
#5836 = ADVANCED_FACE ( 'NONE', ( #498 ), #1837, .F. ) ;
#5837 = EDGE_CURVE ( 'NONE', #2754, #2817, #7324, .T. ) ;
#5838 = EDGE_LOOP ( 'NONE', ( #983, #1396, #3155, #2692 ) ) ;
#5839 = ORIENTED_EDGE ( 'NONE', *, *, #831, .F. ) ;
#5840 = CARTESIAN_POINT ( 'NONE',  ( -33.89999999999997726, -33.82451034383102240, -3.450000000000138289 ) ) ;
#5841 = ORIENTED_EDGE ( 'NONE', *, *, #5134, .T. ) ;
#5842 = ORIENTED_EDGE ( 'NONE', *, *, #5171, .T. ) ;
#5843 = DIRECTION ( 'NONE',  ( 9.251858538542975772E-16, 0.000000000000000000, 1.000000000000000000 ) ) ;
#5844 = CIRCLE ( 'NONE', #1520, 2.600000000000001421 ) ;
#5845 = DIRECTION ( 'NONE',  ( -1.000000000000000000, 4.440892098500626162E-16, 2.121142188857532135E-16 ) ) ;
#5846 = EDGE_CURVE ( 'NONE', #56, #9675, #9847, .T. ) ;
#5847 = LINE ( 'NONE', #1189, #9491 ) ;
#5848 = EDGE_CURVE ( 'NONE', #3323, #4709, #1073, .T. ) ;
#5849 = EDGE_LOOP ( 'NONE', ( #8215, #2924 ) ) ;
#5850 = CARTESIAN_POINT ( 'NONE',  ( -32.39999999999998437, -31.91870648513825515, 4.448350868272161307 ) ) ;
#5851 = DIRECTION ( 'NONE',  ( 0.000000000000000000, 1.000000000000000000, 0.000000000000000000 ) ) ;
#5852 = DIRECTION ( 'NONE',  ( 1.870764767190666716E-16, 0.7416517493508441028, -0.6707851240783689883 ) ) ;
#5853 = LINE ( 'NONE', #8139, #594 ) ;
#5854 = CARTESIAN_POINT ( 'NONE',  ( -29.29999999999997229, 15.00000000000001243, 15.00000000000001599 ) ) ;
#5855 = ADVANCED_FACE ( 'NONE', ( #3442 ), #9533, .T. ) ;
#5856 = EDGE_CURVE ( 'NONE', #3832, #9352, #7772, .T. ) ;
#5857 = CARTESIAN_POINT ( 'NONE',  ( -32.89999999999999147, -22.52710108796744493, -23.86063560556498686 ) ) ;
#5858 = VERTEX_POINT ( 'NONE', #4396 ) ;
#5859 = ORIENTED_EDGE ( 'NONE', *, *, #3344, .T. ) ;
#5860 = CARTESIAN_POINT ( 'NONE',  ( -29.49999999999998579, -31.91870648513821962, -4.948350868272433978 ) ) ;
#5861 = ORIENTED_EDGE ( 'NONE', *, *, #3504, .F. ) ;
#5862 = DIRECTION ( 'NONE',  ( -1.000000000000000000, -1.179389324206871456E-17, 8.825547355056098943E-16 ) ) ;
#5863 = DIRECTION ( 'NONE',  ( 0.000000000000000000, 0.000000000000000000, 1.000000000000000000 ) ) ;
#5864 = CIRCLE ( 'NONE', #4261, 1.000000000000000000 ) ;
#5865 = CARTESIAN_POINT ( 'NONE',  ( -42.91599376778212616, -18.79999999999899885, -8.129377638593412891E-15 ) ) ;
#5866 = CYLINDRICAL_SURFACE ( 'NONE', #5091, 1.249999999999987121 ) ;
#5867 = VERTEX_POINT ( 'NONE', #8879 ) ;
#5868 = AXIS2_PLACEMENT_3D ( 'NONE', #6103, #5680, #5395 ) ;
#5869 = ORIENTED_EDGE ( 'NONE', *, *, #2341, .F. ) ;
#5870 = DIRECTION ( 'NONE',  ( -4.440892098500626162E-16, -1.000000000000000000, 0.000000000000000000 ) ) ;
#5871 = AXIS2_PLACEMENT_3D ( 'NONE', #4202, #5699, #1295 ) ;
#5872 = FACE_OUTER_BOUND ( 'NONE', #2572, .T. ) ;
#5873 = EDGE_LOOP ( 'NONE', ( #5933, #2774, #6068, #6255 ) ) ;
#5874 = DIRECTION ( 'NONE',  ( -1.000000000000000000, 4.440892098500626162E-16, 2.121142188857532135E-16 ) ) ;
#5875 = CIRCLE ( 'NONE', #2824, 2.550000000000003819 ) ;
#5876 = DIRECTION ( 'NONE',  ( 0.000000000000000000, 1.000000000000000000, 0.000000000000000000 ) ) ;
#5877 = ORIENTED_EDGE ( 'NONE', *, *, #7131, .T. ) ;
#5878 = DIRECTION ( 'NONE',  ( 1.000000000000000000, -4.440892098500626162E-16, -2.121142188857532135E-16 ) ) ;
#5879 = AXIS2_PLACEMENT_3D ( 'NONE', #110, #7108, #7712 ) ;
#5880 = DIRECTION ( 'NONE',  ( 1.000000000000000000, 0.000000000000000000, -0.000000000000000000 ) ) ;
#5881 = ORIENTED_EDGE ( 'NONE', *, *, #4063, .T. ) ;
#5882 = VERTEX_POINT ( 'NONE', #3598 ) ;
#5883 = VECTOR ( 'NONE', #6805, 1000.000000000000000 ) ;
#5884 = ORIENTED_EDGE ( 'NONE', *, *, #36, .F. ) ;
#5885 = AXIS2_PLACEMENT_3D ( 'NONE', #4659, #7698, #3909 ) ;
#5886 = FACE_BOUND ( 'NONE', #6656, .T. ) ;
#5887 = EDGE_LOOP ( 'NONE', ( #7356, #6520 ) ) ;
#5888 = CIRCLE ( 'NONE', #3128, 1.000000000000000888 ) ;
#5889 = ORIENTED_EDGE ( 'NONE', *, *, #454, .F. ) ;
#5890 = EDGE_CURVE ( 'NONE', #2138, #63, #430, .T. ) ;
#5891 = CIRCLE ( 'NONE', #1571, 1.599999999999999423 ) ;
#5892 = EDGE_CURVE ( 'NONE', #4360, #4528, #2501, .T. ) ;
#5893 = PLANE ( 'NONE',  #2508 ) ;
#5894 = CYLINDRICAL_SURFACE ( 'NONE', #5440, 1.000000000000000888 ) ;
#5895 = CARTESIAN_POINT ( 'NONE',  ( -30.99999999999998579, 6.600000000001116973, -31.83191206961778619 ) ) ;
#5896 = CIRCLE ( 'NONE', #8917, 18.80000000000000071 ) ;
#5897 = CARTESIAN_POINT ( 'NONE',  ( -30.89999999999999147, -28.77408854166666785, -3.820143356340651497 ) ) ;
#5898 = FILL_AREA_STYLE ('',( #7678 ) ) ;
#5899 = AXIS2_PLACEMENT_3D ( 'NONE', #1088, #1833, #4192 ) ;
#5900 = EDGE_CURVE ( 'NONE', #2012, #2696, #4753, .T. ) ;
#5901 = CARTESIAN_POINT ( 'NONE',  ( -25.19999999999998508, 8.800000000000988365, -32.11619529147251484 ) ) ;
#5902 = ADVANCED_FACE ( 'NONE', ( #1440 ), #8054, .F. ) ;
#5903 = CARTESIAN_POINT ( 'NONE',  ( -4.037183854696410782E-15, 1.316244395970083057E-13, -12.50000000000000000 ) ) ;
#5904 = AXIS2_PLACEMENT_3D ( 'NONE', #5526, #973, #7903 ) ;
#5905 = DIRECTION ( 'NONE',  ( 0.000000000000000000, 0.000000000000000000, 1.000000000000000000 ) ) ;
#5906 = LINE ( 'NONE', #2091, #8970 ) ;
#5907 = FACE_OUTER_BOUND ( 'NONE', #6138, .T. ) ;
#5908 = EDGE_LOOP ( 'NONE', ( #1042, #8497 ) ) ;
#5909 = CIRCLE ( 'NONE', #5918, 0.7999999999999917177 ) ;
#5910 = ORIENTED_EDGE ( 'NONE', *, *, #3999, .T. ) ;
#5911 = AXIS2_PLACEMENT_3D ( 'NONE', #7008, #2450, #3294 ) ;
#5912 = CARTESIAN_POINT ( 'NONE',  ( -29.49999999999997158, 31.70000000000096918, -9.215397183191785983E-15 ) ) ;
#5913 = VERTEX_POINT ( 'NONE', #5201 ) ;
#5914 = CARTESIAN_POINT ( 'NONE',  ( -33.54466991411008081, 25.55104163328743638, -0.05301890640177020497 ) ) ;
#5915 = DIRECTION ( 'NONE',  ( 1.000000000000000000, -4.440892098500626162E-16, -2.121142188857532135E-16 ) ) ;
#5916 = EDGE_CURVE ( 'NONE', #1458, #6136, #3405, .T. ) ;
#5917 = DIRECTION ( 'NONE',  ( 1.000000000000000000, -4.440892098500626162E-16, -2.121142188857532135E-16 ) ) ;
#5918 = AXIS2_PLACEMENT_3D ( 'NONE', #5734, #6476, #423 ) ;
#5919 = LINE ( 'NONE', #5865, #3663 ) ;
#5920 = DIRECTION ( 'NONE',  ( -1.000000000000000000, -1.179389324206870994E-17, 8.825547355056099929E-16 ) ) ;
#5921 = ORIENTED_EDGE ( 'NONE', *, *, #7884, .T. ) ;
#5922 = ORIENTED_EDGE ( 'NONE', *, *, #1012, .F. ) ;
#5923 = CARTESIAN_POINT ( 'NONE',  ( -32.89999999999999147, -6.731588752650496548E-08, 32.79999999999892424 ) ) ;
#5924 = AXIS2_PLACEMENT_3D ( 'NONE', #6614, #8161, #6568 ) ;
#5925 = CARTESIAN_POINT ( 'NONE',  ( -32.39999999999999858, 8.604228440844963188E-13, 32.79999999999986926 ) ) ;
#5926 = ORIENTED_EDGE ( 'NONE', *, *, #8691, .F. ) ;
#5927 = CARTESIAN_POINT ( 'NONE',  ( -33.39999999999998437, 9.947582915715884728E-13, -1.107024957441549080E-14 ) ) ;
#5928 = AXIS2_PLACEMENT_3D ( 'NONE', #5711, #555, #8746 ) ;
#5929 = CARTESIAN_POINT ( 'NONE',  ( -32.89999999999999147, -32.38851465815979935, 4.776518664055300789 ) ) ;
#5930 = EDGE_LOOP ( 'NONE', ( #8223, #7545, #6453, #3509 ) ) ;
#5931 = VECTOR ( 'NONE', #6107, 1000.000000000000000 ) ;
#5932 = LINE ( 'NONE', #9668, #3786 ) ;
#5933 = ORIENTED_EDGE ( 'NONE', *, *, #6445, .F. ) ;
#5934 = ORIENTED_EDGE ( 'NONE', *, *, #2576, .T. ) ;
#5935 = FACE_OUTER_BOUND ( 'NONE', #4463, .T. ) ;
#5936 = ORIENTED_EDGE ( 'NONE', *, *, #4185, .F. ) ;
#5937 = CARTESIAN_POINT ( 'NONE',  ( -19.89732793106028552, 31.79094230992348002, 1.125943473490256854E-13 ) ) ;
#5938 = ORIENTED_EDGE ( 'NONE', *, *, #5782, .F. ) ;
#5939 = EDGE_LOOP ( 'NONE', ( #4208, #1803, #8754, #7398 ) ) ;
#5940 = AXIS2_PLACEMENT_3D ( 'NONE', #3612, #5915, #6651 ) ;
#5941 = CARTESIAN_POINT ( 'NONE',  ( -42.91599376778210484, 32.95528202195200151, 4.779057109270953951 ) ) ;
#5942 = CARTESIAN_POINT ( 'NONE',  ( -30.99999999999998579, -8.799999999998846079, -41.66652461438935973 ) ) ;
#5943 = DIRECTION ( 'NONE',  ( -1.000000000000000000, -0.000000000000000000, 0.000000000000000000 ) ) ;
#5944 = VECTOR ( 'NONE', #4545, 1000.000000000000000 ) ;
#5945 = EDGE_CURVE ( 'NONE', #8966, #7726, #9786, .T. ) ;
#5946 = DIRECTION ( 'NONE',  ( 5.519574696289840845E-16, 0.000000000000000000, 1.000000000000000000 ) ) ;
#5947 = CARTESIAN_POINT ( 'NONE',  ( -1.000000000000000888, 1.348081413631192764E-15, 3.190558386184552367E-16 ) ) ;
#5948 = DIRECTION ( 'NONE',  ( -1.000000000000000000, -1.175656832681595541E-18, 2.479139147737537908E-18 ) ) ;
#5949 = CARTESIAN_POINT ( 'NONE',  ( -32.89999999999998437, 31.91870648514021624, 4.448350868272410885 ) ) ;
#5950 = PLANE ( 'NONE',  #292 ) ;
#5951 = CARTESIAN_POINT ( 'NONE',  ( -32.89999994048310583, -27.29196877734959870, -18.19412014406202616 ) ) ;
#5952 = ORIENTED_EDGE ( 'NONE', *, *, #7535, .F. ) ;
#5953 = AXIS2_PLACEMENT_3D ( 'NONE', #6423, #2425, #179 ) ;
#5954 = ADVANCED_FACE ( 'NONE', ( #3645 ), #7291, .T. ) ;
#5955 = EDGE_CURVE ( 'NONE', #1170, #2969, #6785, .T. ) ;
#5956 = ORIENTED_EDGE ( 'NONE', *, *, #3210, .T. ) ;
#5957 = CARTESIAN_POINT ( 'NONE',  ( -30.90000000000000213, -14.99999999999998934, -18.74999999999998224 ) ) ;
#5958 = EDGE_LOOP ( 'NONE', ( #4666, #2255, #7713, #7078 ) ) ;
#5959 = CARTESIAN_POINT ( 'NONE',  ( -30.99999999999998579, -4.049999999998878941, -33.05279867121696924 ) ) ;
#5960 = CARTESIAN_POINT ( 'NONE',  ( 70.33232511283229371, 34.49999999999990763, -2.243993897086055271E-14 ) ) ;
#5961 = CARTESIAN_POINT ( 'NONE',  ( -33.69999999999999574, 32.78040843101910440, -2.115027806509214958 ) ) ;
#5962 = AXIS2_PLACEMENT_3D ( 'NONE', #8549, #9261, #8501 ) ;
#5963 = EDGE_LOOP ( 'NONE', ( #2305, #897, #7227, #5369 ) ) ;
#5964 = LINE ( 'NONE', #4411, #9704 ) ;
#5965 = EDGE_LOOP ( 'NONE', ( #630, #6725, #5166, #1414, #2203 ) ) ;
#5966 = EDGE_CURVE ( 'NONE', #2199, #3409, #4109, .T. ) ;
#5967 = EDGE_CURVE ( 'NONE', #2064, #1108, #1548, .T. ) ;
#5968 = ORIENTED_EDGE ( 'NONE', *, *, #516, .T. ) ;
#5969 = CARTESIAN_POINT ( 'NONE',  ( -32.89999996492717571, 19.87230618403478388, 26.16665850994887776 ) ) ;
#5970 = CIRCLE ( 'NONE', #5819, 1.500000000000000666 ) ;
#5971 = CARTESIAN_POINT ( 'NONE',  ( -30.89999999999998437, -15.00000000000004086, 14.99999999999996270 ) ) ;
#5972 = ORIENTED_EDGE ( 'NONE', *, *, #5214, .T. ) ;
#5973 = CARTESIAN_POINT ( 'NONE',  ( -42.91599376778211905, 1.000943407138265277E-12, -8.129377638593412891E-15 ) ) ;
#5974 = CARTESIAN_POINT ( 'NONE',  ( -29.30000000000001137, -19.23330444827312746, -19.23330444827405472 ) ) ;
#5975 = EDGE_LOOP ( 'NONE', ( #6571, #11, #9770, #7607 ) ) ;
#5976 = LINE ( 'NONE', #3773, #6220 ) ;
#5977 = CARTESIAN_POINT ( 'NONE',  ( -22.19999999999999574, -31.69999999999902585, -1.428323796911952958E-14 ) ) ;
#5978 = CIRCLE ( 'NONE', #3903, 1.249999999999990674 ) ;
#5979 = VERTEX_POINT ( 'NONE', #5897 ) ;
#5980 = ADVANCED_FACE ( 'NONE', ( #641 ), #6689, .F. ) ;
#5981 = ORIENTED_EDGE ( 'NONE', *, *, #3432, .F. ) ;
#5982 = CARTESIAN_POINT ( 'NONE',  ( -30.69999999999998508, 34.33129643110142837, 3.407651003244076549 ) ) ;
#5983 = ORIENTED_EDGE ( 'NONE', *, *, #3197, .T. ) ;
#5984 = DIRECTION ( 'NONE',  ( 0.000000000000000000, 0.000000000000000000, 1.000000000000000000 ) ) ;
#5985 = ORIENTED_EDGE ( 'NONE', *, *, #516, .F. ) ;
#5986 = CARTESIAN_POINT ( 'NONE',  ( -32.89999985961454598, -9.135385601686069279, 31.50267140299722968 ) ) ;
#5987 = VERTEX_POINT ( 'NONE', #9735 ) ;
#5988 = DIRECTION ( 'NONE',  ( 1.000000000000000000, 0.000000000000000000, 0.000000000000000000 ) ) ;
#5989 = CARTESIAN_POINT ( 'NONE',  ( -30.89999999999998792, 1.007476390756466385E-14, 1.622779942970096890E-14 ) ) ;
#5990 = CARTESIAN_POINT ( 'NONE',  ( -32.39999999999998437, -31.91870648513826225, 4.948350868272161307 ) ) ;
#5991 = DIRECTION ( 'NONE',  ( 0.000000000000000000, 0.000000000000000000, 1.000000000000000000 ) ) ;
#5992 = AXIS2_PLACEMENT_3D ( 'NONE', #4294, #1141, #7237 ) ;
#5993 = DIRECTION ( 'NONE',  ( 1.000000000000000000, -4.440892098500626162E-16, -2.121142188857532135E-16 ) ) ;
#5994 = CARTESIAN_POINT ( 'NONE',  ( -32.69510622155181068, -31.89289554065001298, 3.948684026196950025 ) ) ;
#5995 = CLOSED_SHELL ( 'NONE', ( #3222, #5532, #2094, #3777, #6317, #6934, #2480, #7300, #4430 ) ) ;
#5996 = CARTESIAN_POINT ( 'NONE',  ( -2.999999999999956479, 34.50000000000000711, 9.571675158553733030E-16 ) ) ;
#5997 = AXIS2_PLACEMENT_3D ( 'NONE', #9706, #3615, #8956 ) ;
#5998 = DIRECTION ( 'NONE',  ( 1.348081413631192369E-15, 1.000000000000000000, 0.000000000000000000 ) ) ;
#5999 = EDGE_CURVE ( 'NONE', #2047, #4756, #3962, .T. ) ;
#6000 = CARTESIAN_POINT ( 'NONE',  ( -42.91599376778210484, 30.73958990536377911, -0.8000702782374448097 ) ) ;
#6001 = CYLINDRICAL_SURFACE ( 'NONE', #9515, 2.549999999999998490 ) ;
#6002 = CARTESIAN_POINT ( 'NONE',  ( -32.89999995298248336, -30.17203398409456483, -12.86478111289523873 ) ) ;
#6003 = VERTEX_POINT ( 'NONE', #9834 ) ;
#6004 = ORIENTED_EDGE ( 'NONE', *, *, #4296, .F. ) ;
#6005 = DIRECTION ( 'NONE',  ( 0.000000000000000000, 1.000000000000000000, -4.440892098500626162E-15 ) ) ;
#6006 = ORIENTED_EDGE ( 'NONE', *, *, #1921, .T. ) ;
#6007 = CARTESIAN_POINT ( 'NONE',  ( -33.32499999999999574, 32.95099923590314006, -2.448979565404834080 ) ) ;
#6008 = LINE ( 'NONE', #7445, #9118 ) ;
#6009 = CARTESIAN_POINT ( 'NONE',  ( -33.70000000000000284, -35.14096622446518126, -4.671328639480368139 ) ) ;
#6010 = EDGE_CURVE ( 'NONE', #7522, #1179, #2284, .T. ) ;
#6011 = EDGE_CURVE ( 'NONE', #2453, #1570, #9688, .T. ) ;
#6012 = ORIENTED_EDGE ( 'NONE', *, *, #4026, .F. ) ;
#6013 = CARTESIAN_POINT ( 'NONE',  ( -30.69999999999998508, 31.79094230992348002, 1.126211286762519477E-13 ) ) ;
#6014 = VERTEX_POINT ( 'NONE', #3186 ) ;
#6015 = VERTEX_POINT ( 'NONE', #139 ) ;
#6016 = LINE ( 'NONE', #2307, #1018 ) ;
#6017 = VECTOR ( 'NONE', #2888, 1000.000000000000000 ) ;
#6018 = DIRECTION ( 'NONE',  ( 1.314184451497584957E-15, 1.000000000000000000, 0.000000000000000000 ) ) ;
#6019 = ORIENTED_EDGE ( 'NONE', *, *, #841, .T. ) ;
#6020 = LINE ( 'NONE', #9861, #277 ) ;
#6021 = DIRECTION ( 'NONE',  ( -0.7071067809919273639, 8.659560564738341730E-17, -0.7071067813811676706 ) ) ;
#6022 = COLOUR_RGB ( '',1.000000000000000000, 1.000000000000000000, 1.000000000000000000 ) ;
#6023 = VERTEX_POINT ( 'NONE', #7965 ) ;
#6024 = DIRECTION ( 'NONE',  ( -4.167503846190527060E-16, -1.000000000000000000, 0.000000000000000000 ) ) ;
#6025 = EDGE_CURVE ( 'NONE', #4658, #3315, #1639, .T. ) ;
#6026 = EDGE_CURVE ( 'NONE', #5176, #6202, #3790, .T. ) ;
#6027 = FACE_OUTER_BOUND ( 'NONE', #8993, .T. ) ;
#6028 =( BOUNDED_CURVE ( )  B_SPLINE_CURVE ( 3, ( #62, #7661, #2207, #9762 ),
 .UNSPECIFIED., .F., .F. ) 
 B_SPLINE_CURVE_WITH_KNOTS ( ( 4, 4 ),
 ( 0.000000000000000000, 1.000000000000000000 ),
 .UNSPECIFIED. ) 
 CURVE ( )  GEOMETRIC_REPRESENTATION_ITEM ( )  RATIONAL_B_SPLINE_CURVE ( ( 1.000000000000000000, 0.3333333333333338144, 0.3333333333333338144, 1.000000000000000000 ) ) 
 REPRESENTATION_ITEM ( '' )  );
#6029 = EDGE_LOOP ( 'NONE', ( #3861, #3049, #5090, #4323 ) ) ;
#6030 = CIRCLE ( 'NONE', #9841, 34.50000000000000000 ) ;
#6031 = ORIENTED_EDGE ( 'NONE', *, *, #1349, .F. ) ;
#6032 = CARTESIAN_POINT ( 'NONE',  ( -22.19999999999999574, -31.69999999999902585, -1.428323796911952958E-14 ) ) ;
#6033 = VERTEX_POINT ( 'NONE', #5346 ) ;
#6034 = CIRCLE ( 'NONE', #2983, 2.000000000000008882 ) ;
#6035 = CARTESIAN_POINT ( 'NONE',  ( -20.89999999999997371, 28.12890625000001066, 4.584172027608796718 ) ) ;
#6036 = ORIENTED_EDGE ( 'NONE', *, *, #259, .F. ) ;
#6037 = CARTESIAN_POINT ( 'NONE',  ( -32.89999981864614398, -9.408057897054842300, 31.42279993738298671 ) ) ;
#6038 = EDGE_LOOP ( 'NONE', ( #5261, #1262, #2790, #8097 ) ) ;
#6039 = AXIS2_PLACEMENT_3D ( 'NONE', #6505, #1254, #7998 ) ;
#6040 = EDGE_CURVE ( 'NONE', #8276, #3315, #6426, .T. ) ;
#6041 = CARTESIAN_POINT ( 'NONE',  ( -22.40000000000000213, 8.237508811983860769E-15, 1.157545637351138912E-14 ) ) ;
#6042 = AXIS2_PLACEMENT_3D ( 'NONE', #3064, #9159, #4471 ) ;
#6043 = CARTESIAN_POINT ( 'NONE',  ( -22.99999999999998224, 9.920989292025522610E-13, -1.235384309998005111E-14 ) ) ;
#6044 = CIRCLE ( 'NONE', #7335, 1.249999999999987121 ) ;
#6045 = AXIS2_PLACEMENT_3D ( 'NONE', #9247, #952, #3098 ) ;
#6046 = DIRECTION ( 'NONE',  ( 0.000000000000000000, 0.000000000000000000, 1.000000000000000000 ) ) ;
#6047 = AXIS2_PLACEMENT_3D ( 'NONE', #9403, #64, #1614 ) ;
#6048 = DIRECTION ( 'NONE',  ( 1.000000000000000000, -4.440892098500626162E-16, -2.121142188857532135E-16 ) ) ;
#6049 = CYLINDRICAL_SURFACE ( 'NONE', #512, 34.50000000000000000 ) ;
#6050 = AXIS2_PLACEMENT_3D ( 'NONE', #8728, #2583, #5652 ) ;
#6051 = DIRECTION ( 'NONE',  ( 0.000000000000000000, -1.000000000000000000, 0.000000000000000000 ) ) ;
#6052 = LINE ( 'NONE', #6000, #6190 ) ;
#6053 = AXIS2_PLACEMENT_3D ( 'NONE', #5696, #9592, #4244 ) ;
#6054 = CARTESIAN_POINT ( 'NONE',  ( -33.55932968048872311, -34.18547162550262186, 3.261826197646968239 ) ) ;
#6055 = CARTESIAN_POINT ( 'NONE',  ( -32.89999999999999858, -25.81594823943303041, -20.23306257121229379 ) ) ;
#6056 = ORIENTED_EDGE ( 'NONE', *, *, #409, .T. ) ;
#6057 = VERTEX_POINT ( 'NONE', #1865 ) ;
#6058 = CARTESIAN_POINT ( 'NONE',  ( -32.89999999999998437, -31.90580101289411274, -4.448517447234827671 ) ) ;
#6059 = VERTEX_POINT ( 'NONE', #7687 ) ;
#6060 = CARTESIAN_POINT ( 'NONE',  ( -22.80000000000000782, -30.20000000000001705, 6.514128508293558769E-14 ) ) ;
#6061 =( GEOMETRIC_REPRESENTATION_CONTEXT ( 3 ) GLOBAL_UNCERTAINTY_ASSIGNED_CONTEXT ( ( #4845 ) ) GLOBAL_UNIT_ASSIGNED_CONTEXT ( ( #7418, #4983, #8016 ) ) REPRESENTATION_CONTEXT ( 'NONE', 'WORKASPACE' ) );
#6062 = CARTESIAN_POINT ( 'NONE',  ( -1.000000000000000000, 1.348081413631192172E-15, -9.877608711210287581E-46 ) ) ;
#6063 = CARTESIAN_POINT ( 'NONE',  ( -23.49999999999996447, 31.70000000000096918, -1.048808249650630640E-14 ) ) ;
#6064 = AXIS2_PLACEMENT_3D ( 'NONE', #3135, #1590, #7786 ) ;
#6065 = AXIS2_PLACEMENT_3D ( 'NONE', #8076, #6537, #3341 ) ;
#6066 = ORIENTED_EDGE ( 'NONE', *, *, #4415, .T. ) ;
#6067 = DIRECTION ( 'NONE',  ( 1.000000000000000000, -4.440892098500626162E-16, -2.121142188857532135E-16 ) ) ;
#6068 = ORIENTED_EDGE ( 'NONE', *, *, #2963, .T. ) ;
#6069 = AXIS2_PLACEMENT_3D ( 'NONE', #9267, #6274, #8609 ) ;
#6070 = EDGE_LOOP ( 'NONE', ( #4754, #4137, #1669, #6813 ) ) ;
#6071 = DIRECTION ( 'NONE',  ( -1.000000000000000000, 4.440892098493159100E-16, 2.121142188919197885E-16 ) ) ;
#6072 = EDGE_CURVE ( 'NONE', #4694, #6118, #2978, .T. ) ;
#6073 = ADVANCED_FACE ( 'NONE', ( #6986 ), #84, .T. ) ;
#6074 = DIRECTION ( 'NONE',  ( -1.000000000000000000, -9.646292633376703921E-33, 2.479139147737542530E-18 ) ) ;
#6075 = ORIENTED_EDGE ( 'NONE', *, *, #4115, .T. ) ;
#6076 = FACE_OUTER_BOUND ( 'NONE', #6418, .T. ) ;
#6077 = DIRECTION ( 'NONE',  ( 0.000000000000000000, 1.000000000000000000, 0.000000000000000000 ) ) ;
#6078 = EDGE_LOOP ( 'NONE', ( #1125, #6945, #2581, #6330 ) ) ;
#6079 = DIRECTION ( 'NONE',  ( 1.000000000000000000, -4.440892098500626162E-16, -2.121142188857532135E-16 ) ) ;
#6080 = AXIS2_PLACEMENT_3D ( 'NONE', #5255, #8983, #547 ) ;
#6081 = VERTEX_POINT ( 'NONE', #3086 ) ;
#6082 = AXIS2_PLACEMENT_3D ( 'NONE', #1263, #9614, #319 ) ;
#6083 = VERTEX_POINT ( 'NONE', #3850 ) ;
#6084 = DIRECTION ( 'NONE',  ( 1.541976423090494647E-15, 1.000000000000000000, 0.000000000000000000 ) ) ;
#6085 = ORIENTED_EDGE ( 'NONE', *, *, #5423, .F. ) ;
#6086 = EDGE_CURVE ( 'NONE', #8344, #9583, #4648, .T. ) ;
#6087 = ADVANCED_FACE ( 'NONE', ( #889 ), #1229, .T. ) ;
#6088 = ADVANCED_FACE ( 'NONE', ( #7913 ), #3944, .F. ) ;
#6089 = DIRECTION ( 'NONE',  ( 1.000000000000000000, -4.440892098500626162E-16, -2.121142188857532135E-16 ) ) ;
#6090 = ORIENTED_EDGE ( 'NONE', *, *, #8270, .F. ) ;
#6091 = CARTESIAN_POINT ( 'NONE',  ( -32.89999979574117361, -10.36642481361012891, 31.11927248641629973 ) ) ;
#6092 = ORIENTED_EDGE ( 'NONE', *, *, #5999, .T. ) ;
#6093 = DIRECTION ( 'NONE',  ( -1.000000000000000000, 2.161476583036237957E-16, 5.473344771987708442E-16 ) ) ;
#6094 =( BOUNDED_CURVE ( )  B_SPLINE_CURVE ( 3, ( #4371, #4218, #9611, #8248 ),
 .UNSPECIFIED., .F., .F. ) 
 B_SPLINE_CURVE_WITH_KNOTS ( ( 4, 4 ),
 ( 0.000000000000000000, 1.000000000000000000 ),
 .UNSPECIFIED. ) 
 CURVE ( )  GEOMETRIC_REPRESENTATION_ITEM ( )  RATIONAL_B_SPLINE_CURVE ( ( 1.000000000000000000, 0.3333333333333330373, 0.3333333333333330373, 1.000000000000000000 ) ) 
 REPRESENTATION_ITEM ( '' )  );
#6095 = CARTESIAN_POINT ( 'NONE',  ( -3.499999999999998668, -3.961912117822069243E-14, 12.50000000000000178 ) ) ;
#6096 = AXIS2_PLACEMENT_3D ( 'NONE', #408, #2796, #4914 ) ;
#6097 = DIRECTION ( 'NONE',  ( -4.720335989052536868E-16, -1.000000000000000000, 0.000000000000000000 ) ) ;
#6098 = CARTESIAN_POINT ( 'NONE',  ( -33.70000000000000995, -30.91512962736366887, 1.211326476013453446 ) ) ;
#6099 = EDGE_CURVE ( 'NONE', #5791, #3917, #912, .T. ) ;
#6100 = EDGE_CURVE ( 'NONE', #9628, #1325, #5072, .T. ) ;
#6101 = DIRECTION ( 'NONE',  ( 1.365923996832131609E-15, 1.000000000000000000, 0.000000000000000000 ) ) ;
#6102 = VECTOR ( 'NONE', #6852, 1000.000000000000000 ) ;
#6103 = CARTESIAN_POINT ( 'NONE',  ( -3.500000000000000444, 4.720351269540554041E-15, 5.746271514173151807E-16 ) ) ;
#6104 = CARTESIAN_POINT ( 'NONE',  ( -33.89999999999999858, -14.99999999999900169, -14.99999999999995204 ) ) ;
#6105 = CARTESIAN_POINT ( 'NONE',  ( -32.39999999999324132, 32.48487037263634392, 1.211326476013236730 ) ) ;
#6106 = DIRECTION ( 'NONE',  ( 1.000000000000000000, -4.440892098500626162E-16, -2.121142188857532135E-16 ) ) ;
#6107 = DIRECTION ( 'NONE',  ( -1.000000000000000000, 4.440892098500626162E-16, 2.121142188857532135E-16 ) ) ;
#6108 = CARTESIAN_POINT ( 'NONE',  ( -32.89999995201522864, -30.17475369418064801, -12.85840618587204709 ) ) ;
#6109 = ORIENTED_EDGE ( 'NONE', *, *, #195, .T. ) ;
#6110 = EDGE_CURVE ( 'NONE', #6723, #3876, #7218, .T. ) ;
#6111 = ORIENTED_EDGE ( 'NONE', *, *, #6547, .T. ) ;
#6112 = DIRECTION ( 'NONE',  ( 0.000000000000000000, 0.000000000000000000, 1.000000000000000000 ) ) ;
#6113 = ORIENTED_EDGE ( 'NONE', *, *, #7549, .T. ) ;
#6114 = AXIS2_PLACEMENT_3D ( 'NONE', #1391, #6697, #4504 ) ;
#6115 = DIRECTION ( 'NONE',  ( 1.000000000000000000, -1.348081413631192369E-15, -3.190558386184554832E-16 ) ) ;
#6116 = CARTESIAN_POINT ( 'NONE',  ( -25.19999999999997087, 32.95528202195200151, -4.779057109270969050 ) ) ;
#6117 = CARTESIAN_POINT ( 'NONE',  ( -32.39999999999998437, 31.79094230992345871, 3.950000000000114753 ) ) ;
#6118 = VERTEX_POINT ( 'NONE', #3129 ) ;
#6119 = CARTESIAN_POINT ( 'NONE',  ( -29.49999999999998579, 9.949855090665776680E-13, -1.097510067722265374E-14 ) ) ;
#6120 = ORIENTED_EDGE ( 'NONE', *, *, #538, .F. ) ;
#6121 = ORIENTED_EDGE ( 'NONE', *, *, #2716, .T. ) ;
#6122 = DIRECTION ( 'NONE',  ( 0.000000000000000000, -1.000000000000000000, 0.000000000000000000 ) ) ;
#6123 = CARTESIAN_POINT ( 'NONE',  ( -33.32500000000000284, -25.55104163328746125, 0.05301890640173637786 ) ) ;
#6124 = ORIENTED_EDGE ( 'NONE', *, *, #89, .T. ) ;
#6125 = DIRECTION ( 'NONE',  ( 0.000000000000000000, 0.000000000000000000, 1.000000000000000000 ) ) ;
#6126 = VECTOR ( 'NONE', #6234, 1000.000000000000114 ) ;
#6127 = DIRECTION ( 'NONE',  ( 9.217011841328261631E-19, 0.7071067811865394681, 0.7071067811865556774 ) ) ;
#6128 = ORIENTED_EDGE ( 'NONE', *, *, #4678, .F. ) ;
#6129 = CARTESIAN_POINT ( 'NONE',  ( -32.90279156301093622, 31.90510570137486468, 4.158107501835742958 ) ) ;
#6130 = EDGE_CURVE ( 'NONE', #5540, #1182, #372, .T. ) ;
#6131 = EDGE_LOOP ( 'NONE', ( #6466, #1278, #365, #6405 ) ) ;
#6132 = VECTOR ( 'NONE', #306, 1000.000000000000000 ) ;
#6133 = ORIENTED_EDGE ( 'NONE', *, *, #4184, .F. ) ;
#6134 = DIRECTION ( 'NONE',  ( 0.000000000000000000, 0.000000000000000000, 1.000000000000000000 ) ) ;
#6135 = DIRECTION ( 'NONE',  ( 9.251858538542971828E-16, 0.000000000000000000, 1.000000000000000000 ) ) ;
#6136 = VERTEX_POINT ( 'NONE', #7637 ) ;
#6137 = CARTESIAN_POINT ( 'NONE',  ( -32.89999975400711918, -2.761319126356671205, 32.68438295508785529 ) ) ;
#6138 = EDGE_LOOP ( 'NONE', ( #6155, #3223, #7203, #2549 ) ) ;
#6139 = VECTOR ( 'NONE', #8575, 1000.000000000000000 ) ;
#6140 = FACE_OUTER_BOUND ( 'NONE', #4097, .T. ) ;
#6141 = EDGE_CURVE ( 'NONE', #9503, #5867, #4586, .T. ) ;
#6142 = EDGE_CURVE ( 'NONE', #7518, #6960, #5392, .T. ) ;
#6143 = LINE ( 'NONE', #9224, #1587 ) ;
#6144 = CARTESIAN_POINT ( 'NONE',  ( -39.92017501842906313, -31.69999999999902229, -1.052453688656660695E-14 ) ) ;
#6145 = DIRECTION ( 'NONE',  ( 0.000000000000000000, -1.000000000000000000, 0.000000000000000000 ) ) ;
#6146 = DIRECTION ( 'NONE',  ( -0.000000000000000000, -0.4549088130556909748, 0.8905380237835228696 ) ) ;
#6147 = CARTESIAN_POINT ( 'NONE',  ( -32.89999999999998437, -25.92051142909910411, 20.11606753878189124 ) ) ;
#6148 = DIRECTION ( 'NONE',  ( 0.000000000000000000, 1.000000000000000000, 0.000000000000000000 ) ) ;
#6149 = LINE ( 'NONE', #8676, #6665 ) ;
#6150 = EDGE_CURVE ( 'NONE', #7129, #4330, #1068, .T. ) ;
#6151 = ADVANCED_FACE ( 'NONE', ( #5028 ), #9511, .F. ) ;
#6152 = DIRECTION ( 'NONE',  ( -1.000000000000000000, -1.175656832681595541E-18, 2.479139147737537908E-18 ) ) ;
#6153 = DIRECTION ( 'NONE',  ( -1.000000000000000000, -1.175656832681595541E-18, 2.479139147737537908E-18 ) ) ;
#6154 = CARTESIAN_POINT ( 'NONE',  ( -32.89999993980620729, -27.76115132301432098, -17.47590281421543423 ) ) ;
#6155 = ORIENTED_EDGE ( 'NONE', *, *, #1619, .F. ) ;
#6156 = VERTEX_POINT ( 'NONE', #4332 ) ;
#6157 = CIRCLE ( 'NONE', #1832, 1.000000000000000000 ) ;
#6158 = AXIS2_PLACEMENT_3D ( 'NONE', #5647, #495, #6636 ) ;
#6159 = DIRECTION ( 'NONE',  ( -4.440892098500626162E-16, -1.000000000000000000, 0.000000000000000000 ) ) ;
#6160 = VERTEX_POINT ( 'NONE', #7373 ) ;
#6161 = CARTESIAN_POINT ( 'NONE',  ( -25.19999999999998153, 9.930759254642223180E-13, -1.188719181843139373E-14 ) ) ;
#6162 = DIRECTION ( 'NONE',  ( -0.000000000000000000, -0.4549088130556909748, 0.8905380237835228696 ) ) ;
#6163 = DIRECTION ( 'NONE',  ( 1.000000000000000000, -2.161476583036237957E-16, -5.473344771987708442E-16 ) ) ;
#6164 = EDGE_CURVE ( 'NONE', #1158, #7677, #420, .T. ) ;
#6165 = EDGE_CURVE ( 'NONE', #1726, #7452, #4727, .T. ) ;
#6166 = VERTEX_POINT ( 'NONE', #8811 ) ;
#6167 = CARTESIAN_POINT ( 'NONE',  ( -29.29999999999998650, -19.23330444827314167, 19.23330444827405472 ) ) ;
#6168 = ORIENTED_EDGE ( 'NONE', *, *, #2095, .T. ) ;
#6169 = VERTEX_POINT ( 'NONE', #2806 ) ;
#6170 = CARTESIAN_POINT ( 'NONE',  ( -32.89999999999997726, -31.95380164456418370, -4.448350868272434866 ) ) ;
#6171 = CARTESIAN_POINT ( 'NONE',  ( -29.29999999999997939, 28.77408854166667851, -3.820143356340635066 ) ) ;
#6172 = VERTEX_POINT ( 'NONE', #4420 ) ;
#6173 = DIRECTION ( 'NONE',  ( 0.5773502691896156280, 0.5773502691896323924, 0.5773502691896292838 ) ) ;
#6174 = FACE_BOUND ( 'NONE', #5908, .T. ) ;
#6175 = ORIENTED_EDGE ( 'NONE', *, *, #7181, .F. ) ;
#6176 = ORIENTED_EDGE ( 'NONE', *, *, #4141, .F. ) ;
#6177 = ORIENTED_EDGE ( 'NONE', *, *, #1478, .F. ) ;
#6178 = DIRECTION ( 'NONE',  ( 0.5773502691896188477, -0.5773502691896355010, 0.5773502691896228445 ) ) ;
#6179 = VECTOR ( 'NONE', #7639, 1000.000000000000000 ) ;
#6180 = DIRECTION ( 'NONE',  ( 0.000000000000000000, -1.000000000000000000, 0.000000000000000000 ) ) ;
#6181 = EDGE_LOOP ( 'NONE', ( #6302, #6341, #5765, #6749 ) ) ;
#6182 = CARTESIAN_POINT ( 'NONE',  ( -32.89999991217903386, -1.781781078375210381, 32.75186891898363228 ) ) ;
#6183 = ORIENTED_EDGE ( 'NONE', *, *, #2524, .F. ) ;
#6184 = CARTESIAN_POINT ( 'NONE',  ( -32.89999999999998437, 31.98081100064672455, -4.448350868272181735 ) ) ;
#6185 = CARTESIAN_POINT ( 'NONE',  ( -33.89999999999997726, -33.82451034383102240, -3.450000000000138289 ) ) ;
#6186 = LINE ( 'NONE', #9226, #402 ) ;
#6187 = ORIENTED_EDGE ( 'NONE', *, *, #7964, .T. ) ;
#6188 = VECTOR ( 'NONE', #8481, 1000.000000000000000 ) ;
#6189 = DIRECTION ( 'NONE',  ( -1.000000000000000000, 4.440892098500626162E-16, 2.121142188857532135E-16 ) ) ;
#6190 = VECTOR ( 'NONE', #6106, 1000.000000000000000 ) ;
#6191 = ADVANCED_FACE ( 'NONE', ( #1217 ), #5831, .F. ) ;
#6192 = CARTESIAN_POINT ( 'NONE',  ( -33.89999999999998437, -14.99999999999879563, 15.00000000000015099 ) ) ;
#6193 = AXIS2_PLACEMENT_3D ( 'NONE', #3673, #818, #4570 ) ;
#6194 = CARTESIAN_POINT ( 'NONE',  ( -32.89999999999998437, -32.41280410874723827, 5.024950726914143573 ) ) ;
#6195 = CIRCLE ( 'NONE', #8093, 2.000000000000005329 ) ;
#6196 = FACE_OUTER_BOUND ( 'NONE', #7614, .T. ) ;
#6197 = DIRECTION ( 'NONE',  ( 0.000000000000000000, 1.000000000000000000, 0.000000000000000000 ) ) ;
#6198 = CARTESIAN_POINT ( 'NONE',  ( -33.89999999999998437, 15.00000000000088995, -15.00000000000006750 ) ) ;
#6199 = CIRCLE ( 'NONE', #4596, 32.49999999999999289 ) ;
#6200 = CARTESIAN_POINT ( 'NONE',  ( -33.69999999999999574, 30.51966178910084793, 2.310652217682017895 ) ) ;
#6201 = CARTESIAN_POINT ( 'NONE',  ( -32.89999999609341330, -30.81554280965019998, -11.24107060524984902 ) ) ;
#6202 = VERTEX_POINT ( 'NONE', #4273 ) ;
#6203 = AXIS2_PLACEMENT_3D ( 'NONE', #2697, #9498, #3516 ) ;
#6204 = VERTEX_POINT ( 'NONE', #2862 ) ;
#6205 = AXIS2_PLACEMENT_3D ( 'NONE', #5320, #3866, #4563 ) ;
#6206 = EDGE_CURVE ( 'NONE', #5867, #9503, #6494, .T. ) ;
#6207 = ADVANCED_FACE ( 'NONE', ( #7322 ), #8165, .T. ) ;
#6208 = ADVANCED_FACE ( 'NONE', ( #476 ), #3532, .T. ) ;
#6209 = DIRECTION ( 'NONE',  ( 0.000000000000000000, -0.1531997172839630883, -0.9881952472179340585 ) ) ;
#6210 = EDGE_LOOP ( 'NONE', ( #2465, #870, #850, #3105, #4515, #9115 ) ) ;
#6211 = CARTESIAN_POINT ( 'NONE',  ( -33.39999999999997726, 31.79094230992345871, 2.950000000000112532 ) ) ;
#6212 = DIRECTION ( 'NONE',  ( -1.000000000000000000, 4.440892098500626162E-16, 2.121142188857532135E-16 ) ) ;
#6213 = DIRECTION ( 'NONE',  ( 0.000000000000000000, 1.000000000000000000, 0.000000000000000000 ) ) ;
#6214 = VECTOR ( 'NONE', #3888, 1000.000000000000000 ) ;
#6215 = CARTESIAN_POINT ( 'NONE',  ( -25.19999999999999218, -13.28949793359917209, -16.89121196084442289 ) ) ;
#6216 = CARTESIAN_POINT ( 'NONE',  ( -22.99999999999999645, -30.73958990536178248, -0.8000702782374491395 ) ) ;
#6217 = PLANE ( 'NONE',  #3324 ) ;
#6218 = ORIENTED_EDGE ( 'NONE', *, *, #841, .F. ) ;
#6219 = CARTESIAN_POINT ( 'NONE',  ( -32.89999999999998437, -32.27303642724231025, -4.593116806879467440 ) ) ;
#6220 = VECTOR ( 'NONE', #5432, 1000.000000000000000 ) ;
#6221 = EDGE_CURVE ( 'NONE', #9797, #5979, #9619, .T. ) ;
#6222 = CARTESIAN_POINT ( 'NONE',  ( -33.89999999999999858, -13.74999999999900879, -14.99999999999995381 ) ) ;
#6223 = ORIENTED_EDGE ( 'NONE', *, *, #2999, .T. ) ;
#6224 = DIRECTION ( 'NONE',  ( -1.000000000000000000, 4.440892098493158114E-16, 2.121142188919196899E-16 ) ) ;
#6225 = AXIS2_PLACEMENT_3D ( 'NONE', #5812, #7396, #7352 ) ;
#6226 = DIRECTION ( 'NONE',  ( 0.000000000000000000, 0.7416517493508177905, 0.6707851240783978541 ) ) ;
#6227 = ORIENTED_EDGE ( 'NONE', *, *, #1732, .T. ) ;
#6228 = DIRECTION ( 'NONE',  ( -1.000000000000000000, 4.440892098500626162E-16, 2.121142188857532135E-16 ) ) ;
#6229 = CIRCLE ( 'NONE', #5433, 1.649999999999995248 ) ;
#6230 = AXIS2_PLACEMENT_3D ( 'NONE', #3113, #2961, #6024 ) ;
#6231 = VERTEX_POINT ( 'NONE', #3422 ) ;
#6232 = ORIENTED_EDGE ( 'NONE', *, *, #1436, .F. ) ;
#6233 = DIRECTION ( 'NONE',  ( 1.000000000000000000, 1.175656832681595541E-18, -2.479139147737537908E-18 ) ) ;
#6234 = DIRECTION ( 'NONE',  ( -0.000000000000000000, 0.7071067811865555663, -0.7071067811865393571 ) ) ;
#6235 = ORIENTED_EDGE ( 'NONE', *, *, #7843, .T. ) ;
#6236 = CARTESIAN_POINT ( 'NONE',  ( -32.89999999999996305, -0.01721077234966396363, 32.79999595778168953 ) ) ;
#6237 = VECTOR ( 'NONE', #8788, 1000.000000000000000 ) ;
#6238 = ORIENTED_EDGE ( 'NONE', *, *, #5421, .F. ) ;
#6239 = DIRECTION ( 'NONE',  ( 0.000000000000000000, 0.000000000000000000, -1.000000000000000000 ) ) ;
#6240 = CARTESIAN_POINT ( 'NONE',  ( -32.89999999999997726, 32.41613669502214634, -4.886807651311139367 ) ) ;
#6241 = DIRECTION ( 'NONE',  ( 1.000000000000000000, -2.161476583036238204E-16, 0.000000000000000000 ) ) ;
#6242 = CIRCLE ( 'NONE', #4484, 1.249999999999997558 ) ;
#6243 = VERTEX_POINT ( 'NONE', #8761 ) ;
#6244 = CYLINDRICAL_SURFACE ( 'NONE', #7238, 2.600000000000000089 ) ;
#6245 = CARTESIAN_POINT ( 'NONE',  ( -29.29999999999998650, -17.72403791909682269, 20.90202088431344407 ) ) ;
#6246 = VECTOR ( 'NONE', #7254, 1000.000000000000000 ) ;
#6247 = CARTESIAN_POINT ( 'NONE',  ( -32.89999999999999858, -15.80808725872942233, 28.74412732245710345 ) ) ;
#6248 = CARTESIAN_POINT ( 'NONE',  ( -29.29999999999999005, -8.499999999999989342, -11.08986650213440761 ) ) ;
#6249 = LINE ( 'NONE', #4003, #4790 ) ;
#6250 = FACE_OUTER_BOUND ( 'NONE', #3766, .T. ) ;
#6251 = CARTESIAN_POINT ( 'NONE',  ( -33.69999999999998863, 34.84964718196444267, 4.275844668500260681 ) ) ;
#6252 = EDGE_CURVE ( 'NONE', #3832, #4360, #1172, .T. ) ;
#6253 = VERTEX_POINT ( 'NONE', #9569 ) ;
#6254 = AXIS2_PLACEMENT_3D ( 'NONE', #6446, #9483, #348 ) ;
#6255 = ORIENTED_EDGE ( 'NONE', *, *, #958, .F. ) ;
#6256 = PLANE ( 'NONE',  #6045 ) ;
#6257 = ORIENTED_EDGE ( 'NONE', *, *, #5542, .T. ) ;
#6258 = DIRECTION ( 'NONE',  ( -4.167503846190527060E-16, -1.000000000000000000, 0.000000000000000000 ) ) ;
#6259 = DIRECTION ( 'NONE',  ( -1.000000000000000000, 0.000000000000000000, 5.473344771987708442E-16 ) ) ;
#6260 = CARTESIAN_POINT ( 'NONE',  ( -39.92017501842903471, 31.70000000000097629, -7.005129898504865139E-15 ) ) ;
#6261 = AXIS2_PLACEMENT_3D ( 'NONE', #9090, #6786, #7584 ) ;
#6262 = FACE_BOUND ( 'NONE', #9291, .T. ) ;
#6263 = EDGE_CURVE ( 'NONE', #650, #1227, #7265, .T. ) ;
#6264 = ORIENTED_EDGE ( 'NONE', *, *, #3597, .F. ) ;
#6265 = ADVANCED_FACE ( 'NONE', ( #1270 ), #618, .T. ) ;
#6266 = DIRECTION ( 'NONE',  ( -2.161476583036237957E-16, -1.000000000000000000, 1.183050655553524806E-31 ) ) ;
#6267 = VERTEX_POINT ( 'NONE', #3726 ) ;
#6268 = VERTEX_POINT ( 'NONE', #4624 ) ;
#6269 = DIRECTION ( 'NONE',  ( 0.000000000000000000, 0.000000000000000000, 1.000000000000000000 ) ) ;
#6270 = DIRECTION ( 'NONE',  ( 0.000000000000000000, 0.000000000000000000, -1.000000000000000000 ) ) ;
#6271 = ORIENTED_EDGE ( 'NONE', *, *, #5031, .T. ) ;
#6272 = CARTESIAN_POINT ( 'NONE',  ( -42.91599376778211905, 1.000943407138265277E-12, -8.129377638593412891E-15 ) ) ;
#6273 = DIRECTION ( 'NONE',  ( 0.000000000000000000, 1.000000000000000000, -1.776356839400250465E-15 ) ) ;
#6274 = DIRECTION ( 'NONE',  ( -1.000000000000000000, -1.179389324206870994E-17, 8.825547355056099929E-16 ) ) ;
#6275 = EDGE_CURVE ( 'NONE', #9840, #953, #7040, .T. ) ;
#6276 = EDGE_CURVE ( 'NONE', #3018, #1764, #7665, .T. ) ;
#6277 = ORIENTED_EDGE ( 'NONE', *, *, #7894, .T. ) ;
#6278 = EDGE_LOOP ( 'NONE', ( #9039, #662, #4028, #1145 ) ) ;
#6279 = CARTESIAN_POINT ( 'NONE',  ( -32.39999999999998437, -32.90690173235614679, -5.101550585556411832 ) ) ;
#6280 = CIRCLE ( 'NONE', #1800, 0.5000000000000004441 ) ;
#6281 = LINE ( 'NONE', #4835, #9780 ) ;
#6282 = ORIENTED_EDGE ( 'NONE', *, *, #8527, .T. ) ;
#6283 = DIRECTION ( 'NONE',  ( -1.000000000000000000, -1.175656832681595541E-18, 2.479139147737537908E-18 ) ) ;
#6284 = ORIENTED_EDGE ( 'NONE', *, *, #843, .T. ) ;
#6285 = CARTESIAN_POINT ( 'NONE',  ( -30.69999999999998508, -34.33129643109947438, 3.407651003243814092 ) ) ;
#6286 = CARTESIAN_POINT ( 'NONE',  ( -83.77726090546464377, -1.199999999998864642, -34.47912411880559347 ) ) ;
#6287 = AXIS2_PLACEMENT_3D ( 'NONE', #7250, #404, #8046 ) ;
#6288 = EDGE_CURVE ( 'NONE', #95, #2268, #9273, .T. ) ;
#6289 = CARTESIAN_POINT ( 'NONE',  ( -22.69999999999999574, 31.69999999999998508, -1.550187484731752581E-13 ) ) ;
#6290 = EDGE_CURVE ( 'NONE', #2118, #3587, #9765, .T. ) ;
#6291 = ORIENTED_EDGE ( 'NONE', *, *, #6803, .T. ) ;
#6292 = CARTESIAN_POINT ( 'NONE',  ( -29.49999999999997158, 30.45000000000097273, -9.215397183191785983E-15 ) ) ;
#6293 = CIRCLE ( 'NONE', #3092, 2.550000000000005596 ) ;
#6294 = CARTESIAN_POINT ( 'NONE',  ( -32.89999999999999147, -14.27755300857143794, 29.53157965737680968 ) ) ;
#6295 = CARTESIAN_POINT ( 'NONE',  ( -33.89999999999998437, 15.00000000000088995, -15.00000000000006750 ) ) ;
#6296 = DIRECTION ( 'NONE',  ( -1.000000000000000000, 0.000000000000000000, 0.000000000000000000 ) ) ;
#6297 = DIRECTION ( 'NONE',  ( 1.314184451497584957E-15, 1.000000000000000000, 0.000000000000000000 ) ) ;
#6298 = DIRECTION ( 'NONE',  ( -1.000000000000000000, 4.519004466006607274E-17, 8.796272378248066360E-16 ) ) ;
#6299 = ORIENTED_EDGE ( 'NONE', *, *, #5768, .T. ) ;
#6300 = VERTEX_POINT ( 'NONE', #8405 ) ;
#6301 = CARTESIAN_POINT ( 'NONE',  ( -22.80000000000000782, -31.70000000000002061, 6.411973689844039266E-14 ) ) ;
#6302 = ORIENTED_EDGE ( 'NONE', *, *, #3318, .T. ) ;
#6303 = CARTESIAN_POINT ( 'NONE',  ( -33.89999999999998437, 15.00000000000087752, 17.60000000000005116 ) ) ;
#6304 = DIRECTION ( 'NONE',  ( 0.000000000000000000, 1.000000000000000000, -8.163404592832020949E-15 ) ) ;
#6305 = DIRECTION ( 'NONE',  ( 1.000000000000000000, -4.440892098500626162E-16, -2.121142188857532135E-16 ) ) ;
#6306 = DIRECTION ( 'NONE',  ( 0.000000000000000000, 1.000000000000000000, 0.000000000000000000 ) ) ;
#6307 = ORIENTED_EDGE ( 'NONE', *, *, #8351, .F. ) ;
#6308 = DIRECTION ( 'NONE',  ( 0.000000000000000000, 0.000000000000000000, 1.000000000000000000 ) ) ;
#6309 = ORIENTED_EDGE ( 'NONE', *, *, #5391, .T. ) ;
#6310 = AXIS2_PLACEMENT_3D ( 'NONE', #8131, #1288, #8678 ) ;
#6311 = EDGE_LOOP ( 'NONE', ( #5360, #5926, #7567, #5687 ) ) ;
#6312 = DIRECTION ( 'NONE',  ( 0.000000000000000000, -1.000000000000000000, 0.000000000000000000 ) ) ;
#6313 = LINE ( 'NONE', #5621, #1399 ) ;
#6314 = ORIENTED_EDGE ( 'NONE', *, *, #5471, .T. ) ;
#6315 = CARTESIAN_POINT ( 'NONE',  ( -30.99999999999998579, -1.199999999998870859, -34.47912411880559347 ) ) ;
#6316 = CARTESIAN_POINT ( 'NONE',  ( -32.39999999999999858, 31.91870648514020559, 4.948350868272409997 ) ) ;
#6317 = ADVANCED_FACE ( 'NONE', ( #6174, #766 ), #2959, .F. ) ;
#6318 = FACE_OUTER_BOUND ( 'NONE', #8091, .T. ) ;
#6319 = ORIENTED_EDGE ( 'NONE', *, *, #1992, .T. ) ;
#6320 = ORIENTED_EDGE ( 'NONE', *, *, #9796, .F. ) ;
#6321 = CARTESIAN_POINT ( 'NONE',  ( -33.70000000000000995, -30.61959168403987874, -2.115027865327850698 ) ) ;
#6322 = DIRECTION ( 'NONE',  ( -1.000000000000000000, 2.161476583036237957E-16, 5.473344771987708442E-16 ) ) ;
#6323 = ORIENTED_EDGE ( 'NONE', *, *, #3939, .T. ) ;
#6324 = CARTESIAN_POINT ( 'NONE',  ( -32.89999999999996305, -0.009784592194350206010, 32.79999850734142086 ) ) ;
#6325 = ADVANCED_FACE ( 'NONE', ( #2210 ), #5279, .T. ) ;
#6326 = ORIENTED_EDGE ( 'NONE', *, *, #3964, .F. ) ;
#6327 = ADVANCED_FACE ( 'NONE', ( #2912 ), #6867, .T. ) ;
#6328 = DIRECTION ( 'NONE',  ( -1.000000000000000000, 4.440892098500626162E-16, 2.121142188857532135E-16 ) ) ;
#6329 = DIRECTION ( 'NONE',  ( -1.000000000000000000, -1.175656832681595541E-18, 2.479139147737537908E-18 ) ) ;
#6330 = ORIENTED_EDGE ( 'NONE', *, *, #1376, .F. ) ;
#6331 = ORIENTED_EDGE ( 'NONE', *, *, #1012, .T. ) ;
#6332 = DIRECTION ( 'NONE',  ( -1.000000000000000000, 4.440892098500626162E-16, 2.121142188857532135E-16 ) ) ;
#6333 = EDGE_CURVE ( 'NONE', #8256, #451, #4649, .T. ) ;
#6334 = AXIS2_PLACEMENT_3D ( 'NONE', #4957, #1098, #5809 ) ;
#6335 = CIRCLE ( 'NONE', #6972, 9.500000000000000000 ) ;
#6336 = CYLINDRICAL_SURFACE ( 'NONE', #2397, 3.950000000000002842 ) ;
#6337 = DIRECTION ( 'NONE',  ( 1.000000000000000000, -4.440892098500626162E-16, -2.121142188857532135E-16 ) ) ;
#6338 = LINE ( 'NONE', #9184, #6536 ) ;
#6339 = CARTESIAN_POINT ( 'NONE',  ( -22.39999999999998437, 8.237508811983860769E-15, 34.50000000000001421 ) ) ;
#6340 = AXIS2_PLACEMENT_3D ( 'NONE', #9683, #5304, #1385 ) ;
#6341 = ORIENTED_EDGE ( 'NONE', *, *, #3264, .T. ) ;
#6342 = CIRCLE ( 'NONE', #4112, 2.550000000000003819 ) ;
#6343 = ORIENTED_EDGE ( 'NONE', *, *, #7235, .T. ) ;
#6344 = AXIS2_PLACEMENT_3D ( 'NONE', #4271, #9665, #3421 ) ;
#6345 = VECTOR ( 'NONE', #584, 1000.000000000000000 ) ;
#6346 = FACE_BOUND ( 'NONE', #8672, .T. ) ;
#6347 = CARTESIAN_POINT ( 'NONE',  ( -32.89999999999998437, 15.00000000000087752, 17.60000000000005116 ) ) ;
#6348 = DIRECTION ( 'NONE',  ( 1.460819769243626933E-15, 1.000000000000000000, 0.000000000000000000 ) ) ;
#6349 = CIRCLE ( 'NONE', #6039, 3.749999999999998224 ) ;
#6350 = LINE ( 'NONE', #856, #4004 ) ;
#6351 = LINE ( 'NONE', #6215, #3955 ) ;
#6352 = AXIS2_PLACEMENT_3D ( 'NONE', #5818, #8845, #1055 ) ;
#6353 = CIRCLE ( 'NONE', #2034, 2.750000000000002665 ) ;
#6354 = CARTESIAN_POINT ( 'NONE',  ( -33.39999999999998437, 9.947644637699601813E-13, 34.49999999999998579 ) ) ;
#6355 = AXIS2_PLACEMENT_3D ( 'NONE', #2004, #2705, #1956 ) ;
#6356 = FACE_OUTER_BOUND ( 'NONE', #7206, .T. ) ;
#6357 = ORIENTED_EDGE ( 'NONE', *, *, #2568, .F. ) ;
#6358 = AXIS2_PLACEMENT_3D ( 'NONE', #852, #8438, #153 ) ;
#6359 = VERTEX_POINT ( 'NONE', #1512 ) ;
#6360 = CARTESIAN_POINT ( 'NONE',  ( -32.89999999999999147, -32.06237894075317740, -4.468653701191956706 ) ) ;
#6361 = CARTESIAN_POINT ( 'NONE',  ( -29.29999999999999005, 15.00000000000016875, -18.74999999999982236 ) ) ;
#6362 = ORIENTED_EDGE ( 'NONE', *, *, #1144, .F. ) ;
#6363 = DIRECTION ( 'NONE',  ( -1.000000000000000000, 4.440892098500626162E-16, 2.121142188857532135E-16 ) ) ;
#6364 = VECTOR ( 'NONE', #8786, 1000.000000000000000 ) ;
#6365 = CARTESIAN_POINT ( 'NONE',  ( -25.19999999999996732, 31.70000000000096918, -1.012748832440052440E-14 ) ) ;
#6366 = CARTESIAN_POINT ( 'NONE',  ( -32.39999999999999858, 31.90149751654129417, 3.948461927080950229 ) ) ;
#6367 = CARTESIAN_POINT ( 'NONE',  ( -30.89999999999997016, 7.500000000000007105, 28.53068523537423928 ) ) ;
#6368 = ORIENTED_EDGE ( 'NONE', *, *, #4828, .T. ) ;
#6369 = PRESENTATION_LAYER_ASSIGNMENT (  '', '', ( #5265 ) ) ;
#6370 = EDGE_CURVE ( 'NONE', #1782, #9456, #9113, .T. ) ;
#6371 = ORIENTED_EDGE ( 'NONE', *, *, #7299, .T. ) ;
#6372 = DIRECTION ( 'NONE',  ( 0.000000000000000000, 1.040834085586084257E-14, -1.000000000000000000 ) ) ;
#6373 = LINE ( 'NONE', #6616, #1640 ) ;
#6374 = ORIENTED_EDGE ( 'NONE', *, *, #2701, .T. ) ;
#6375 = DIRECTION ( 'NONE',  ( -0.5000000002744622307, 0.000000000000000000, 0.8660254036259777966 ) ) ;
#6376 = AXIS2_PLACEMENT_3D ( 'NONE', #8559, #6233, #6971 ) ;
#6377 = EDGE_LOOP ( 'NONE', ( #7878, #6662, #7408, #8124 ) ) ;
#6378 = CARTESIAN_POINT ( 'NONE',  ( -30.89999999999999147, -28.77408854166666785, 3.820143356340681695 ) ) ;
#6379 = AXIS2_PLACEMENT_3D ( 'NONE', #6668, #5185, #4380 ) ;
#6380 = CARTESIAN_POINT ( 'NONE',  ( -30.99999999999998579, 8.800000000001118039, -1.107619950837005845E-14 ) ) ;
#6381 = CARTESIAN_POINT ( 'NONE',  ( -21.60000000000001918, 1.231484886576341573E-14, -33.99999999999997868 ) ) ;
#6382 = EDGE_CURVE ( 'NONE', #2916, #8009, #3825, .T. ) ;
#6383 = ADVANCED_FACE ( 'NONE', ( #65 ), #9009, .F. ) ;
#6384 = EDGE_CURVE ( 'NONE', #9161, #1421, #5374, .T. ) ;
#6385 = ORIENTED_EDGE ( 'NONE', *, *, #4740, .T. ) ;
#6386 = CIRCLE ( 'NONE', #5754, 1.249999999999994227 ) ;
#6387 = ORIENTED_EDGE ( 'NONE', *, *, #8629, .F. ) ;
#6388 = DIRECTION ( 'NONE',  ( -1.000000000000000000, -5.260939983112882261E-16, 1.029891477379908339E-15 ) ) ;
#6389 = AXIS2_PLACEMENT_3D ( 'NONE', #7631, #80, #7732 ) ;
#6390 = CARTESIAN_POINT ( 'NONE',  ( -32.40000000000000568, -31.04339568581391262, -1.285380919387465681 ) ) ;
#6391 = FACE_OUTER_BOUND ( 'NONE', #5958, .T. ) ;
#6392 = CIRCLE ( 'NONE', #2703, 34.50000000000000000 ) ;
#6393 = CARTESIAN_POINT ( 'NONE',  ( -2.999999999999955147, 34.50000000000000711, 2.872302233333745655E-15 ) ) ;
#6394 = EDGE_CURVE ( 'NONE', #3709, #9630, #8784, .T. ) ;
#6395 = CARTESIAN_POINT ( 'NONE',  ( -33.69999999999999574, 35.14096622446517415, 4.671328639480283762 ) ) ;
#6396 = ADVANCED_FACE ( 'NONE', ( #9206, #1416, #2363, #5430, #8457, #4473, #1616, #4676 ), #1812, .F. ) ;
#6397 = VECTOR ( 'NONE', #8010, 1000.000000000000000 ) ;
#6398 = ORIENTED_EDGE ( 'NONE', *, *, #7073, .F. ) ;
#6399 = CARTESIAN_POINT ( 'NONE',  ( -32.89999999999998437, 32.41679608718821726, -4.999200978870587342 ) ) ;
#6400 = CARTESIAN_POINT ( 'NONE',  ( -32.39999999999999147, 30.91512962736362624, -1.211326476013528275 ) ) ;
#6401 = LINE ( 'NONE', #9536, #4975 ) ;
#6402 = DIRECTION ( 'NONE',  ( -1.000000000000000000, 0.000000000000000000, 0.000000000000000000 ) ) ;
#6403 = DIRECTION ( 'NONE',  ( 0.000000000000000000, 0.000000000000000000, 1.000000000000000000 ) ) ;
#6404 = AXIS2_PLACEMENT_3D ( 'NONE', #9059, #1465, #6812 ) ;
#6405 = ORIENTED_EDGE ( 'NONE', *, *, #3265, .T. ) ;
#6406 = EDGE_CURVE ( 'NONE', #2690, #1421, #4872, .T. ) ;
#6407 = DIRECTION ( 'NONE',  ( -4.440892098493158114E-16, -1.000000000000000000, 0.000000000000000000 ) ) ;
#6408 = ORIENTED_EDGE ( 'NONE', *, *, #269, .F. ) ;
#6409 = ORIENTED_EDGE ( 'NONE', *, *, #259, .T. ) ;
#6410 = PLANE ( 'NONE',  #6287 ) ;
#6411 = DIRECTION ( 'NONE',  ( -1.000000000000000000, 4.440892098500626162E-16, 2.121142188857532135E-16 ) ) ;
#6412 = EDGE_LOOP ( 'NONE', ( #4126, #345, #4660, #8921, #6271, #2781 ) ) ;
#6413 = CARTESIAN_POINT ( 'NONE',  ( -22.70000000000001350, -33.20000000000002416, 6.409852547655119470E-14 ) ) ;
#6414 = CONICAL_SURFACE ( 'NONE', #1780, 34.50000000000000000, 0.7853981633974430610 ) ;
#6415 = CARTESIAN_POINT ( 'NONE',  ( -32.89997779355446283, 31.90592264230583552, -4.453228196504660730 ) ) ;
#6416 = LINE ( 'NONE', #3980, #479 ) ;
#6417 = FACE_OUTER_BOUND ( 'NONE', #4966, .T. ) ;
#6418 = EDGE_LOOP ( 'NONE', ( #5062, #3986, #2048, #7252, #6111 ) ) ;
#6419 = VECTOR ( 'NONE', #8563, 1000.000000000000000 ) ;
#6420 = ORIENTED_EDGE ( 'NONE', *, *, #5171, .F. ) ;
#6421 = LINE ( 'NONE', #7214, #6397 ) ;
#6422 = AXIS2_PLACEMENT_3D ( 'NONE', #505, #9690, #9647 ) ;
#6423 = CARTESIAN_POINT ( 'NONE',  ( -25.19999999999996376, 19.23330444827523777, 19.23330444827390906 ) ) ;
#6424 = EDGE_LOOP ( 'NONE', ( #3887, #9304 ) ) ;
#6425 = DIRECTION ( 'NONE',  ( 1.944904549891648849E-15, 1.000000000000000000, 1.944904549891595207E-15 ) ) ;
#6426 = LINE ( 'NONE', #38, #1868 ) ;
#6427 = ORIENTED_EDGE ( 'NONE', *, *, #2234, .T. ) ;
#6428 = CARTESIAN_POINT ( 'NONE',  ( -32.39999999988185664, 31.69999999999998508, -1.464757135027916490E-13 ) ) ;
#6429 = ADVANCED_FACE ( 'NONE', ( #311 ), #5772, .F. ) ;
#6430 = LINE ( 'NONE', #8715, #3187 ) ;
#6431 = ORIENTED_EDGE ( 'NONE', *, *, #7528, .T. ) ;
#6432 = ORIENTED_EDGE ( 'NONE', *, *, #4678, .T. ) ;
#6433 = CARTESIAN_POINT ( 'NONE',  ( -28.99999999999998934, -14.99999999999901235, 14.99999999999992539 ) ) ;
#6434 = VECTOR ( 'NONE', #3213, 1000.000000000000000 ) ;
#6435 = EDGE_CURVE ( 'NONE', #6160, #9230, #7159, .T. ) ;
#6436 = ADVANCED_FACE ( 'NONE', ( #4073 ), #9082, .F. ) ;
#6437 = DIRECTION ( 'NONE',  ( 1.000000000000000000, -1.348081413631192369E-15, -3.190558386184555325E-16 ) ) ;
#6438 = LINE ( 'NONE', #4946, #3312 ) ;
#6439 = DIRECTION ( 'NONE',  ( -1.000000000000000000, 2.161476583036237957E-16, 5.473344771987708442E-16 ) ) ;
#6440 = DIRECTION ( 'NONE',  ( 0.000000000000000000, -1.387778780781439522E-14, -1.000000000000000000 ) ) ;
#6441 = VERTEX_POINT ( 'NONE', #2462 ) ;
#6442 = CARTESIAN_POINT ( 'NONE',  ( -20.89999999999999147, 15.00000000000016698, -18.74999999999982947 ) ) ;
#6443 = VECTOR ( 'NONE', #1944, 1000.000000000000000 ) ;
#6444 = CARTESIAN_POINT ( 'NONE',  ( -25.19999999999997087, 12.45000000000098872, 14.99999999999992717 ) ) ;
#6445 = EDGE_CURVE ( 'NONE', #3306, #4688, #2877, .T. ) ;
#6446 = CARTESIAN_POINT ( 'NONE',  ( -33.89999999999998437, -34.49999999999899813, -3.450000000000167155 ) ) ;
#6447 = ADVANCED_FACE ( 'NONE', ( #4114 ), #7987, .T. ) ;
#6448 = EDGE_CURVE ( 'NONE', #2918, #5780, #4817, .T. ) ;
#6449 = LINE ( 'NONE', #8138, #6870 ) ;
#6450 = FACE_OUTER_BOUND ( 'NONE', #7705, .T. ) ;
#6451 = DIRECTION ( 'NONE',  ( 1.000000000000000000, -3.481816809663767097E-16, -1.778598004644575183E-16 ) ) ;
#6452 = CARTESIAN_POINT ( 'NONE',  ( -33.89999999999997016, 17.55000000000098836, 14.99999999999992895 ) ) ;
#6453 = ORIENTED_EDGE ( 'NONE', *, *, #9388, .T. ) ;
#6454 = ORIENTED_EDGE ( 'NONE', *, *, #7905, .F. ) ;
#6455 = DIRECTION ( 'NONE',  ( 1.000000000000000000, -2.161476583036237957E-16, -5.473344771987708442E-16 ) ) ;
#6456 = DIRECTION ( 'NONE',  ( 0.000000000000000000, 0.000000000000000000, 1.000000000000000000 ) ) ;
#6457 = EDGE_LOOP ( 'NONE', ( #3936, #5784, #832, #3774 ) ) ;
#6458 = DIRECTION ( 'NONE',  ( 1.000000000000000000, -4.440892098493159100E-16, -2.121142188919197885E-16 ) ) ;
#6459 = CARTESIAN_POINT ( 'NONE',  ( -29.29999999999996874, 20.90202088431462712, 17.72403791909757587 ) ) ;
#6460 = ADVANCED_FACE ( 'NONE', ( #1852 ), #5615, .T. ) ;
#6461 = LINE ( 'NONE', #8847, #7175 ) ;
#6462 = EDGE_CURVE ( 'NONE', #3409, #1937, #4019, .T. ) ;
#6463 = AXIS2_PLACEMENT_3D ( 'NONE', #3494, #9588, #3596 ) ;
#6464 = DIRECTION ( 'NONE',  ( -1.000000000000000000, 4.440892098500626162E-16, 2.121142188857532135E-16 ) ) ;
#6465 = ORIENTED_EDGE ( 'NONE', *, *, #5825, .F. ) ;
#6466 = ORIENTED_EDGE ( 'NONE', *, *, #332, .F. ) ;
#6467 = DIRECTION ( 'NONE',  ( 1.000000000000000000, 0.000000000000000000, -0.000000000000000000 ) ) ;
#6468 = CYLINDRICAL_SURFACE ( 'NONE', #204, 2.249999999999998668 ) ;
#6469 = VERTEX_POINT ( 'NONE', #867 ) ;
#6470 = LINE ( 'NONE', #8013, #5479 ) ;
#6471 = CARTESIAN_POINT ( 'NONE',  ( -32.89999999999998437, -32.21758351308740487, 4.545862089244321780 ) ) ;
#6472 = VERTEX_POINT ( 'NONE', #7020 ) ;
#6473 = AXIS2_PLACEMENT_3D ( 'NONE', #1636, #3082, #5671 ) ;
#6474 = DIRECTION ( 'NONE',  ( 0.000000000000000000, -1.000000000000000000, 0.000000000000000000 ) ) ;
#6475 = SURFACE_STYLE_FILL_AREA ( #5589 ) ;
#6476 = DIRECTION ( 'NONE',  ( 1.000000000000000000, -4.440892098500626162E-16, -2.121142188857532135E-16 ) ) ;
#6477 = VERTEX_POINT ( 'NONE', #7762 ) ;
#6478 = VERTEX_POINT ( 'NONE', #6965 ) ;
#6479 = CARTESIAN_POINT ( 'NONE',  ( -33.69999999999999574, 32.35660431418607885, -1.285380919387681509 ) ) ;
#6480 = EDGE_LOOP ( 'NONE', ( #7999, #8973, #1329, #531 ) ) ;
#6481 = ORIENTED_EDGE ( 'NONE', *, *, #9229, .F. ) ;
#6482 = LINE ( 'NONE', #338, #4747 ) ;
#6483 = DIRECTION ( 'NONE',  ( 0.000000000000000000, 5.551115123261635594E-15, 1.000000000000000000 ) ) ;
#6484 = FACE_OUTER_BOUND ( 'NONE', #379, .T. ) ;
#6485 = DIRECTION ( 'NONE',  ( -3.132139609402567160E-16, 5.551115123125788865E-17, -1.000000000000000000 ) ) ;
#6486 = EDGE_CURVE ( 'NONE', #4843, #6898, #1666, .T. ) ;
#6487 = EDGE_CURVE ( 'NONE', #7497, #3672, #8653, .T. ) ;
#6488 = VERTEX_POINT ( 'NONE', #2556 ) ;
#6489 = DIRECTION ( 'NONE',  ( -1.000000000000000000, 4.440892098500626162E-16, 2.121142188857532135E-16 ) ) ;
#6490 = DIRECTION ( 'NONE',  ( 1.261617073437677062E-15, 0.000000000000000000, 1.000000000000000000 ) ) ;
#6491 = CARTESIAN_POINT ( 'NONE',  ( -32.39999999999632507, -33.14147468682246256, 0.07405444337421009104 ) ) ;
#6492 = DIRECTION ( 'NONE',  ( -1.000000000000000000, 4.440892098500626162E-16, 2.121142188857532135E-16 ) ) ;
#6493 = DIRECTION ( 'NONE',  ( 1.000000000000000000, -4.440892098500626162E-16, -2.121142188857532135E-16 ) ) ;
#6494 = CIRCLE ( 'NONE', #3148, 2.550000000000000266 ) ;
#6495 = AXIS2_PLACEMENT_3D ( 'NONE', #6622, #572, #8213 ) ;
#6496 = CARTESIAN_POINT ( 'NONE',  ( -25.19999999999997442, 9.947636995930188683E-13, 33.29999999999999005 ) ) ;
#6497 = CARTESIAN_POINT ( 'NONE',  ( -32.89999999999998437, -15.65849380792026402, -28.88270445307706069 ) ) ;
#6498 = ORIENTED_EDGE ( 'NONE', *, *, #3197, .F. ) ;
#6499 = EDGE_CURVE ( 'NONE', #6625, #5180, #4778, .T. ) ;
#6500 = AXIS2_PLACEMENT_3D ( 'NONE', #1480, #3692, #7577 ) ;
#6501 = EDGE_CURVE ( 'NONE', #953, #9840, #1926, .T. ) ;
#6502 = EDGE_CURVE ( 'NONE', #1466, #1726, #7803, .T. ) ;
#6503 = ORIENTED_EDGE ( 'NONE', *, *, #7538, .T. ) ;
#6504 = CARTESIAN_POINT ( 'NONE',  ( -30.89999999999999858, -14.99999999999998934, -14.99999999999998401 ) ) ;
#6505 = CARTESIAN_POINT ( 'NONE',  ( -29.29999999999997939, -15.00000000000004086, 14.99999999999996270 ) ) ;
#6506 = AXIS2_PLACEMENT_3D ( 'NONE', #1808, #1663, #4869 ) ;
#6507 = ORIENTED_EDGE ( 'NONE', *, *, #5044, .F. ) ;
#6508 = DIRECTION ( 'NONE',  ( -0.000000000000000000, -0.9986829581603670070, 0.05130642338010681786 ) ) ;
#6509 = CARTESIAN_POINT ( 'NONE',  ( -32.89999999999998437, -32.41889583625638238, 4.948350868272150649 ) ) ;
#6510 = CYLINDRICAL_SURFACE ( 'NONE', #5434, 1.249999999999992450 ) ;
#6511 = AXIS2_PLACEMENT_3D ( 'NONE', #1729, #1526, #4738 ) ;
#6512 = PLANE ( 'NONE',  #5568 ) ;
#6513 = AXIS2_PLACEMENT_3D ( 'NONE', #3958, #4809, #6950 ) ;
#6514 = CARTESIAN_POINT ( 'NONE',  ( -32.39999999999999147, 33.92634505945878942, 1.137272032639081720 ) ) ;
#6515 = ORIENTED_EDGE ( 'NONE', *, *, #9631, .F. ) ;
#6516 = EDGE_CURVE ( 'NONE', #1559, #6169, #2644, .T. ) ;
#6517 = ORIENTED_EDGE ( 'NONE', *, *, #1807, .F. ) ;
#6518 = FACE_OUTER_BOUND ( 'NONE', #4361, .T. ) ;
#6519 = FACE_OUTER_BOUND ( 'NONE', #7818, .T. ) ;
#6520 = ORIENTED_EDGE ( 'NONE', *, *, #2650, .F. ) ;
#6521 = CARTESIAN_POINT ( 'NONE',  ( -23.49999999999998579, -13.74999999999880629, 15.00000000000014921 ) ) ;
#6522 = CARTESIAN_POINT ( 'NONE',  ( -33.89999999999998437, -14.99999999999879563, 15.00000000000015099 ) ) ;
#6523 = EDGE_LOOP ( 'NONE', ( #5462, #628, #8169, #8564, #9402, #2354, #9509, #3631, #3056, #1897, #3525, #4376, #6710, #2075, #9613, #1911 ) ) ;
#6524 = VECTOR ( 'NONE', #8191, 1000.000000000000000 ) ;
#6525 = SURFACE_STYLE_USAGE ( .BOTH. , #229 ) ;
#6526 = CARTESIAN_POINT ( 'NONE',  ( -32.69508667774753263, -31.89289554065001653, 3.948684026196952246 ) ) ;
#6527 = ORIENTED_EDGE ( 'NONE', *, *, #1185, .F. ) ;
#6528 = EDGE_CURVE ( 'NONE', #2856, #421, #8954, .T. ) ;
#6529 = VERTEX_POINT ( 'NONE', #4317 ) ;
#6530 = ORIENTED_EDGE ( 'NONE', *, *, #7465, .F. ) ;
#6531 = CARTESIAN_POINT ( 'NONE',  ( -29.29999999999998650, -29.11588541666666785, 4.745020168928426152 ) ) ;
#6532 = EDGE_LOOP ( 'NONE', ( #9694, #1895, #5824, #485, #301 ) ) ;
#6533 = EDGE_LOOP ( 'NONE', ( #7065, #2303, #5196, #8122, #9870, #7949 ) ) ;
#6534 = AXIS2_PLACEMENT_3D ( 'NONE', #517, #2057, #1352 ) ;
#6535 = CARTESIAN_POINT ( 'NONE',  ( -31.79999999999998650, -4.049999999998878941, -33.05279867121696924 ) ) ;
#6536 = VECTOR ( 'NONE', #995, 1000.000000000000000 ) ;
#6537 = DIRECTION ( 'NONE',  ( 1.000000000000000000, -1.348081413631192369E-15, -3.190558386184555325E-16 ) ) ;
#6538 = CIRCLE ( 'NONE', #6230, 33.30000000000000426 ) ;
#6539 = FACE_OUTER_BOUND ( 'NONE', #2489, .T. ) ;
#6540 = ORIENTED_EDGE ( 'NONE', *, *, #4514, .T. ) ;
#6541 = AXIS2_PLACEMENT_3D ( 'NONE', #1275, #5834, #3585 ) ;
#6542 = CARTESIAN_POINT ( 'NONE',  ( -2.999999999999999556, 4.044244240893584208E-15, 9.571675158553660060E-16 ) ) ;
#6543 = CARTESIAN_POINT ( 'NONE',  ( -33.89999999999998437, 15.00000000000088995, -15.00000000000006750 ) ) ;
#6544 = CIRCLE ( 'NONE', #8772, 1.249999999999987121 ) ;
#6545 = DIRECTION ( 'NONE',  ( 1.000000000000000000, -1.348081413631192369E-15, -3.190558386184554832E-16 ) ) ;
#6546 = DIRECTION ( 'NONE',  ( -0.7071067813938687330, -3.720046338565268242E-16, 0.7071067809792264125 ) ) ;
#6547 = EDGE_CURVE ( 'NONE', #981, #1559, #9654, .T. ) ;
#6548 = DIRECTION ( 'NONE',  ( -1.000000000000000000, 4.440892098500626162E-16, 2.121142188857532135E-16 ) ) ;
#6549 = DIRECTION ( 'NONE',  ( -4.440892098500626162E-16, -1.000000000000000000, 0.000000000000000000 ) ) ;
#6550 = CIRCLE ( 'NONE', #7, 1.599999999999998979 ) ;
#6551 = DIRECTION ( 'NONE',  ( -1.000000000000000000, -1.175656832681595541E-18, 2.479139147737537908E-18 ) ) ;
#6552 = ORIENTED_EDGE ( 'NONE', *, *, #7776, .T. ) ;
#6553 = ORIENTED_EDGE ( 'NONE', *, *, #2999, .F. ) ;
#6554 = CARTESIAN_POINT ( 'NONE',  ( -32.89999999999998437, 32.41280410874917806, 5.024950726914402921 ) ) ;
#6555 = CYLINDRICAL_SURFACE ( 'NONE', #2986, 1.649999999999995248 ) ;
#6556 = EDGE_LOOP ( 'NONE', ( #2768, #489 ) ) ;
#6557 = DIRECTION ( 'NONE',  ( 1.000000000000000000, 1.175656832681595541E-18, -2.479139147737537908E-18 ) ) ;
#6558 = FACE_OUTER_BOUND ( 'NONE', #9117, .T. ) ;
#6559 = DIRECTION ( 'NONE',  ( -1.000000000000000000, -1.175656832681595541E-18, 2.479139147737537908E-18 ) ) ;
#6560 = VECTOR ( 'NONE', #2053, 1000.000000000000000 ) ;
#6561 = EDGE_CURVE ( 'NONE', #1224, #9676, #8952, .T. ) ;
#6562 = EDGE_CURVE ( 'NONE', #9775, #6916, #513, .T. ) ;
#6563 = FACE_OUTER_BOUND ( 'NONE', #2639, .T. ) ;
#6564 = FACE_OUTER_BOUND ( 'NONE', #9018, .T. ) ;
#6565 = ORIENTED_EDGE ( 'NONE', *, *, #2392, .F. ) ;
#6566 = B_SPLINE_CURVE_WITH_KNOTS ( 'NONE', 3,
 ( #3104, #106, #6857, #708, #4516, #2201 ),
 .UNSPECIFIED., .F., .F.,
 ( 4, 2, 4 ),
 ( 0.000000000000000000, 0.0003906690931790421828, 0.0007813381863580843656 ),
 .UNSPECIFIED. ) ;
#6567 = ORIENTED_EDGE ( 'NONE', *, *, #9807, .F. ) ;
#6568 = DIRECTION ( 'NONE',  ( 0.000000000000000000, 0.000000000000000000, 1.000000000000000000 ) ) ;
#6569 = AXIS2_PLACEMENT_3D ( 'NONE', #2144, #3053, #8195 ) ;
#6570 = CARTESIAN_POINT ( 'NONE',  ( 1.680203179842401237E-14, 12.50000000000000000, 6.938893903907175130E-16 ) ) ;
#6571 = ORIENTED_EDGE ( 'NONE', *, *, #7063, .F. ) ;
#6572 = DIRECTION ( 'NONE',  ( 0.000000000000000000, 0.000000000000000000, 1.000000000000000000 ) ) ;
#6573 = DIRECTION ( 'NONE',  ( -1.000000000000000000, -1.175656832681595541E-18, 2.479139147737537908E-18 ) ) ;
#6574 = VERTEX_POINT ( 'NONE', #1952 ) ;
#6575 = EDGE_CURVE ( 'NONE', #421, #2856, #7834, .T. ) ;
#6576 = EDGE_CURVE ( 'NONE', #2969, #7601, #3538, .T. ) ;
#6577 = CARTESIAN_POINT ( 'NONE',  ( -33.89999999999997016, 15.00000000000098943, 14.99999999999992895 ) ) ;
#6578 = CIRCLE ( 'NONE', #9283, 1.500000000000001332 ) ;
#6579 = CARTESIAN_POINT ( 'NONE',  ( -32.39999999999998437, -31.89289554065001653, 3.948684026196952690 ) ) ;
#6580 = ORIENTED_EDGE ( 'NONE', *, *, #3743, .F. ) ;
#6581 = EDGE_LOOP ( 'NONE', ( #1664, #964, #4131, #3857, #6868 ) ) ;
#6582 = ORIENTED_EDGE ( 'NONE', *, *, #6888, .T. ) ;
#6583 = DIRECTION ( 'NONE',  ( 1.000000000000000000, 1.175656832681595541E-18, -2.479139147737537908E-18 ) ) ;
#6584 = ORIENTED_EDGE ( 'NONE', *, *, #8749, .T. ) ;
#6585 = EDGE_LOOP ( 'NONE', ( #1675, #115, #2679, #270, #1818, #5338 ) ) ;
#6586 = EDGE_CURVE ( 'NONE', #59, #7106, #6883, .T. ) ;
#6587 =( NAMED_UNIT ( * ) PLANE_ANGLE_UNIT ( ) SI_UNIT ( $, .RADIAN. ) );
#6588 = ADVANCED_FACE ( 'NONE', ( #6558 ), #8154, .T. ) ;
#6589 = DIRECTION ( 'NONE',  ( 1.369518533665900410E-15, 1.000000000000000000, 0.000000000000000000 ) ) ;
#6590 = DIRECTION ( 'NONE',  ( -2.479139147737542530E-18, 3.890984756615977524E-15, -1.000000000000000000 ) ) ;
#6591 = DIRECTION ( 'NONE',  ( -0.000000000000000000, -0.4549088130556971921, 0.8905380237835196500 ) ) ;
#6592 = ORIENTED_EDGE ( 'NONE', *, *, #3195, .F. ) ;
#6593 = AXIS2_PLACEMENT_3D ( 'NONE', #7370, #9006, #4417 ) ;
#6594 = DIRECTION ( 'NONE',  ( -1.000000000000000000, 4.440892098500626162E-16, 2.121142188857532135E-16 ) ) ;
#6595 = LINE ( 'NONE', #444, #3330 ) ;
#6596 = CARTESIAN_POINT ( 'NONE',  ( -19.89732793106028552, 31.79094230992348002, 3.950000000000115641 ) ) ;
#6597 = FACE_OUTER_BOUND ( 'NONE', #6863, .T. ) ;
#6598 = FACE_OUTER_BOUND ( 'NONE', #3097, .T. ) ;
#6599 = AXIS2_PLACEMENT_3D ( 'NONE', #789, #37, #3084 ) ;
#6600 = CARTESIAN_POINT ( 'NONE',  ( -33.89999999999998437, -14.99999999999888978, -15.00000000000006928 ) ) ;
#6601 = DIRECTION ( 'NONE',  ( 1.000000000000000000, -4.440892098500626162E-16, -2.121142188857532135E-16 ) ) ;
#6602 = ORIENTED_EDGE ( 'NONE', *, *, #4552, .F. ) ;
#6603 = ORIENTED_EDGE ( 'NONE', *, *, #1374, .F. ) ;
#6604 = DIRECTION ( 'NONE',  ( 0.000000000000000000, -0.6707851240784056257, 0.7416517493508107961 ) ) ;
#6605 = EDGE_LOOP ( 'NONE', ( #6326, #3680, #3198, #5968 ) ) ;
#6606 = DIRECTION ( 'NONE',  ( -1.000000000000000000, -1.175656832681595541E-18, 2.479139147737537908E-18 ) ) ;
#6607 = AXIS2_PLACEMENT_3D ( 'NONE', #2669, #2773, #4342 ) ;
#6608 = CARTESIAN_POINT ( 'NONE',  ( -32.89999999999998437, -32.41280410874723827, 5.024950726914143573 ) ) ;
#6609 = DIRECTION ( 'NONE',  ( -0.000000000000000000, -0.5437741451046695929, -0.8392316004034200416 ) ) ;
#6610 = DIRECTION ( 'NONE',  ( 0.000000000000000000, -1.000000000000000000, 0.000000000000000000 ) ) ;
#6611 = CARTESIAN_POINT ( 'NONE',  ( -30.89999999999998082, -19.23499999999978627, 17.98500000000022681 ) ) ;
#6612 = ORIENTED_EDGE ( 'NONE', *, *, #151, .T. ) ;
#6613 = ORIENTED_EDGE ( 'NONE', *, *, #9360, .T. ) ;
#6614 = CARTESIAN_POINT ( 'NONE',  ( -30.69999999999998508, 31.79094230992348002, 1.126211286762519477E-13 ) ) ;
#6615 = EDGE_CURVE ( 'NONE', #2064, #7871, #9499, .T. ) ;
#6616 = CARTESIAN_POINT ( 'NONE',  ( -30.99999999999998579, -4.049999999998864730, -36.76039406148825606 ) ) ;
#6617 = EDGE_LOOP ( 'NONE', ( #4092, #9492, #9715, #6004 ) ) ;
#6618 = CARTESIAN_POINT ( 'NONE',  ( -23.49999999999997868, 16.25000000000087397, -15.00000000000006928 ) ) ;
#6619 = CARTESIAN_POINT ( 'NONE',  ( -32.89999999999998437, -32.40404633760081055, 4.826874628771140152 ) ) ;
#6620 = EDGE_LOOP ( 'NONE', ( #4242, #4833, #3982, #7765 ) ) ;
#6621 = CYLINDRICAL_SURFACE ( 'NONE', #2532, 2.000000000000005329 ) ;
#6622 = CARTESIAN_POINT ( 'NONE',  ( -32.39999999999999147, 32.48487037263634392, 1.211326476013236508 ) ) ;
#6623 = CARTESIAN_POINT ( 'NONE',  ( -23.50000000000000355, -19.23330444827313102, -19.23330444827405472 ) ) ;
#6624 = ORIENTED_EDGE ( 'NONE', *, *, #6011, .F. ) ;
#6625 = VERTEX_POINT ( 'NONE', #4365 ) ;
#6626 = ORIENTED_EDGE ( 'NONE', *, *, #9312, .T. ) ;
#6627 = EDGE_CURVE ( 'NONE', #9676, #1469, #8945, .T. ) ;
#6628 = EDGE_CURVE ( 'NONE', #8489, #169, #1932, .T. ) ;
#6629 = ADVANCED_FACE ( 'NONE', ( #1206 ), #9701, .F. ) ;
#6630 = CIRCLE ( 'NONE', #5682, 2.549999999999998490 ) ;
#6631 = CARTESIAN_POINT ( 'NONE',  ( -25.19999999999997797, 15.00000000000088640, -15.00000000000006928 ) ) ;
#6632 = EDGE_LOOP ( 'NONE', ( #9347, #5559, #2364, #861 ) ) ;
#6633 = ORIENTED_EDGE ( 'NONE', *, *, #8521, .F. ) ;
#6634 = DIRECTION ( 'NONE',  ( 0.000000000000000000, 1.000000000000000000, 0.000000000000000000 ) ) ;
#6635 = DIRECTION ( 'NONE',  ( 0.000000000000000000, 0.7416517493508177905, 0.6707851240783978541 ) ) ;
#6636 = DIRECTION ( 'NONE',  ( 0.000000000000000000, 0.000000000000000000, 1.000000000000000000 ) ) ;
#6637 = EDGE_CURVE ( 'NONE', #6723, #4734, #5150, .T. ) ;
#6638 = CARTESIAN_POINT ( 'NONE',  ( -32.39999999999998437, -31.89289554065001653, 3.948684026196950025 ) ) ;
#6639 =( NAMED_UNIT ( * ) PLANE_ANGLE_UNIT ( ) SI_UNIT ( $, .RADIAN. ) );
#6640 = CARTESIAN_POINT ( 'NONE',  ( -22.89999999999998437, 9.920545202815670932E-13, -1.237505452186862588E-14 ) ) ;
#6641 = DIRECTION ( 'NONE',  ( 0.000000000000000000, 1.000000000000000000, 0.000000000000000000 ) ) ;
#6642 = CARTESIAN_POINT ( 'NONE',  ( -32.40000000000001279, -33.92634505945881074, -1.137272032639177866 ) ) ;
#6643 = CYLINDRICAL_SURFACE ( 'NONE', #1814, 33.30000000000001137 ) ;
#6644 = DIRECTION ( 'NONE',  ( 1.000000000000000000, -2.161476583036237957E-16, -5.473344771987708442E-16 ) ) ;
#6645 = VERTEX_POINT ( 'NONE', #4258 ) ;
#6646 = STYLED_ITEM ( 'NONE', ( #9078 ), #9788 ) ;
#6647 = ORIENTED_EDGE ( 'NONE', *, *, #1672, .F. ) ;
#6648 = CARTESIAN_POINT ( 'NONE',  ( -42.91599376778211195, 18.80000000000100258, -5.827041656196389423E-15 ) ) ;
#6649 = ORIENTED_EDGE ( 'NONE', *, *, #9420, .F. ) ;
#6650 = DIRECTION ( 'NONE',  ( -8.825547355056099929E-16, 0.000000000000000000, -1.000000000000000000 ) ) ;
#6651 = DIRECTION ( 'NONE',  ( 0.000000000000000000, -1.000000000000000000, 0.000000000000000000 ) ) ;
#6652 = CARTESIAN_POINT ( 'NONE',  ( -30.99999999999998579, 8.800000000001118039, -32.11619529147248642 ) ) ;
#6653 = AXIS2_PLACEMENT_3D ( 'NONE', #103, #7147, #960 ) ;
#6654 = CARTESIAN_POINT ( 'NONE',  ( -32.39999999999999858, -31.85891773588724973, -3.949561317706406616 ) ) ;
#6655 = DIRECTION ( 'NONE',  ( 1.000000000000000000, 1.175656832681595541E-18, -2.479139147737537908E-18 ) ) ;
#6656 = EDGE_LOOP ( 'NONE', ( #9505, #9625 ) ) ;
#6657 = AXIS2_PLACEMENT_3D ( 'NONE', #5502, #1686, #4745 ) ;
#6658 = VERTEX_POINT ( 'NONE', #462 ) ;
#6659 = CARTESIAN_POINT ( 'NONE',  ( -29.49999999999998934, -31.69999999999900808, -1.600000000000131761 ) ) ;
#6660 = AXIS2_PLACEMENT_3D ( 'NONE', #1443, #9893, #9139 ) ;
#6661 = DIRECTION ( 'NONE',  ( 1.000000000000000000, -4.440892098500626162E-16, -2.121142188857532135E-16 ) ) ;
#6662 = ORIENTED_EDGE ( 'NONE', *, *, #9242, .F. ) ;
#6663 = CARTESIAN_POINT ( 'NONE',  ( -32.39999999999632507, -32.48487037263636523, -1.211326476013321995 ) ) ;
#6664 = VECTOR ( 'NONE', #8455, 1000.000000000000000 ) ;
#6665 = VECTOR ( 'NONE', #2578, 1000.000000000000114 ) ;
#6666 = CARTESIAN_POINT ( 'NONE',  ( -83.77726090546464377, 31.91870648514020559, 4.948350868272410885 ) ) ;
#6667 = ORIENTED_EDGE ( 'NONE', *, *, #784, .F. ) ;
#6668 = CARTESIAN_POINT ( 'NONE',  ( -4.000000000000003553, 5.392325654524796299E-15, 1.276223354473827061E-15 ) ) ;
#6669 = CIRCLE ( 'NONE', #4119, 1.249999999999994227 ) ;
#6670 = CARTESIAN_POINT ( 'NONE',  ( 9.908398390154197194E-15, 7.349999999973988452, 1.228958387053729794E-46 ) ) ;
#6671 = EDGE_CURVE ( 'NONE', #8368, #2916, #1160, .T. ) ;
#6672 = ORIENTED_EDGE ( 'NONE', *, *, #2474, .F. ) ;
#6673 = VECTOR ( 'NONE', #1159, 1000.000000000000000 ) ;
#6674 = EDGE_LOOP ( 'NONE', ( #4517, #4486, #9820, #5464, #1969 ) ) ;
#6675 = CIRCLE ( 'NONE', #131, 33.30000000000000426 ) ;
#6676 = VERTEX_POINT ( 'NONE', #4215 ) ;
#6677 = AXIS2_PLACEMENT_3D ( 'NONE', #5805, #6489, #1795 ) ;
#6678 = CARTESIAN_POINT ( 'NONE',  ( -33.70000000000000995, -32.35660431418611438, 1.285380919387597798 ) ) ;
#6679 = ORIENTED_EDGE ( 'NONE', *, *, #2780, .T. ) ;
#6680 = ORIENTED_EDGE ( 'NONE', *, *, #9558, .T. ) ;
#6681 = COLOUR_RGB ( '',1.000000000000000000, 1.000000000000000000, 1.000000000000000000 ) ;
#6682 = SURFACE_STYLE_USAGE ( .BOTH. , #7576 ) ;
#6683 = DIRECTION ( 'NONE',  ( -1.000000000000000000, -1.175656832681595541E-18, 2.479139147737537908E-18 ) ) ;
#6684 = EDGE_CURVE ( 'NONE', #6658, #8344, #7305, .T. ) ;
#6685 = EDGE_CURVE ( 'NONE', #1271, #8717, #8996, .T. ) ;
#6686 = CARTESIAN_POINT ( 'NONE',  ( -23.49999999999998934, -16.24999999999900169, -14.99999999999995381 ) ) ;
#6687 = CARTESIAN_POINT ( 'NONE',  ( -30.69999999999999574, 31.69999999999998508, -1.479583105891304081E-13 ) ) ;
#6688 = AXIS2_PLACEMENT_3D ( 'NONE', #9488, #8546, #1704 ) ;
#6689 = PLANE ( 'NONE',  #8243 ) ;
#6690 = CIRCLE ( 'NONE', #7963, 1.000000000000000000 ) ;
#6691 = PLANE ( 'NONE',  #2734 ) ;
#6692 = DIRECTION ( 'NONE',  ( 0.000000000000000000, 1.000000000000000000, 0.000000000000000000 ) ) ;
#6693 = VECTOR ( 'NONE', #2002, 1000.000000000000000 ) ;
#6694 = ADVANCED_FACE ( 'NONE', ( #4559 ), #5363, .F. ) ;
#6695 = ADVANCED_FACE ( 'NONE', ( #7502 ), #9801, .F. ) ;
#6696 = DIRECTION ( 'NONE',  ( 1.340468140527532791E-15, 1.000000000000000000, 0.000000000000000000 ) ) ;
#6697 = DIRECTION ( 'NONE',  ( -1.000000000000000000, -1.175656832681595541E-18, 2.479139147737537908E-18 ) ) ;
#6698 = CARTESIAN_POINT ( 'NONE',  ( -32.89999988257902430, -24.23708172682555428, -22.10581967108970858 ) ) ;
#6699 = EDGE_LOOP ( 'NONE', ( #6465, #900 ) ) ;
#6700 = CIRCLE ( 'NONE', #5278, 0.4999999999999935052 ) ;
#6701 = EDGE_LOOP ( 'NONE', ( #9389, #6846, #7297, #2250 ) ) ;
#6702 = AXIS2_PLACEMENT_3D ( 'NONE', #7348, #6402, #501 ) ;
#6703 = DIRECTION ( 'NONE',  ( 1.000000000000000000, -4.440892098500626162E-16, -2.121142188857532135E-16 ) ) ;
#6704 = VERTEX_POINT ( 'NONE', #53 ) ;
#6705 = CARTESIAN_POINT ( 'NONE',  ( -25.19999999999997087, 32.97598580441739813, 4.492026652257679942 ) ) ;
#6706 = CARTESIAN_POINT ( 'NONE',  ( -32.39999999999998437, 31.91870648514024467, -4.948350868272185288 ) ) ;
#6707 = AXIS2_PLACEMENT_3D ( 'NONE', #4632, #9068, #7569 ) ;
#6708 = ADVANCED_FACE ( 'NONE', ( #2945 ), #1348, .F. ) ;
#6709 = AXIS2_PLACEMENT_3D ( 'NONE', #2529, #4002, #7836 ) ;
#6710 = ORIENTED_EDGE ( 'NONE', *, *, #3164, .F. ) ;
#6711 = CARTESIAN_POINT ( 'NONE',  ( -29.29999999999997584, -19.23499999999978627, 20.48500000000020549 ) ) ;
#6712 = VERTEX_POINT ( 'NONE', #5 ) ;
#6713 = VERTEX_POINT ( 'NONE', #7597 ) ;
#6714 = DIRECTION ( 'NONE',  ( 0.000000000000000000, 0.000000000000000000, 1.000000000000000000 ) ) ;
#6715 = VECTOR ( 'NONE', #7722, 999.9999999999998863 ) ;
#6716 = DIRECTION ( 'NONE',  ( 1.348081413631192369E-15, 1.000000000000000000, 0.000000000000000000 ) ) ;
#6717 = EDGE_LOOP ( 'NONE', ( #5536, #7794 ) ) ;
#6718 = DIRECTION ( 'NONE',  ( -1.000000000000000000, 4.440892098493159100E-16, 2.121142188919197885E-16 ) ) ;
#6719 = CARTESIAN_POINT ( 'NONE',  ( -29.29999999999997584, -19.23499999999978627, 19.23500000000021259 ) ) ;
#6720 = ORIENTED_EDGE ( 'NONE', *, *, #9001, .F. ) ;
#6721 = DIRECTION ( 'NONE',  ( 1.000000000000000000, -4.440892098500626162E-16, -2.121142188857532135E-16 ) ) ;
#6722 = DIRECTION ( 'NONE',  ( -1.000000000000000000, 4.440892098500626162E-16, 2.121142188857532135E-16 ) ) ;
#6723 = VERTEX_POINT ( 'NONE', #4408 ) ;
#6724 = AXIS2_PLACEMENT_3D ( 'NONE', #4100, #4300, #9644 ) ;
#6725 = ORIENTED_EDGE ( 'NONE', *, *, #8170, .F. ) ;
#6726 = CARTESIAN_POINT ( 'NONE',  ( -23.49999999999997868, 3.744000000000993200, 23.09853813556174273 ) ) ;
#6727 = ORIENTED_EDGE ( 'NONE', *, *, #5733, .F. ) ;
#6728 = CARTESIAN_POINT ( 'NONE',  ( -29.29999999999996163, 18.43330444827524772, 19.23330444827390906 ) ) ;
#6729 = ORIENTED_EDGE ( 'NONE', *, *, #3752, .F. ) ;
#6730 = CARTESIAN_POINT ( 'NONE',  ( -32.89999992702427534, -8.639960563703880325, 31.64188706273545648 ) ) ;
#6731 = ORIENTED_EDGE ( 'NONE', *, *, #1071, .T. ) ;
#6732 = EDGE_CURVE ( 'NONE', #4734, #562, #6008, .T. ) ;
#6733 = FILL_AREA_STYLE_COLOUR ( '', #6022 ) ;
#6734 = LINE ( 'NONE', #9779, #441 ) ;
#6735 = CARTESIAN_POINT ( 'NONE',  ( -42.91599376778211905, 1.000943407138265277E-12, -8.129377638593412891E-15 ) ) ;
#6736 = DIRECTION ( 'NONE',  ( 1.000000000000000000, -1.348081413631192369E-15, -3.190558386184554832E-16 ) ) ;
#6737 = AXIS2_PLACEMENT_3D ( 'NONE', #3531, #8856, #9617 ) ;
#6738 = CARTESIAN_POINT ( 'NONE',  ( -32.89999999999997726, 32.28618128293665990, 4.608494613809138940 ) ) ;
#6739 = ADVANCED_FACE ( 'NONE', ( #8348 ), #8300, .F. ) ;
#6740 = EDGE_CURVE ( 'NONE', #2560, #8812, #504, .T. ) ;
#6741 = DIRECTION ( 'NONE',  ( 9.251858538542971828E-16, 0.000000000000000000, 1.000000000000000000 ) ) ;
#6742 = DIRECTION ( 'NONE',  ( 3.394024192128535469E-16, -5.551115123125783935E-17, 1.000000000000000000 ) ) ;
#6743 = CARTESIAN_POINT ( 'NONE',  ( -25.19999999999997797, -3.999999999999005240, 24.67792535850613334 ) ) ;
#6744 = CARTESIAN_POINT ( 'NONE',  ( -22.99999999999997513, 9.903919613021912847E-13, 30.75000000000000000 ) ) ;
#6745 = DIRECTION ( 'NONE',  ( 1.000000000000000000, -2.161476583036237957E-16, -5.473344771987708442E-16 ) ) ;
#6746 = CARTESIAN_POINT ( 'NONE',  ( -32.89999995627304941, -26.99179480352852067, -18.63745673282962656 ) ) ;
#6747 = ORIENTED_EDGE ( 'NONE', *, *, #8882, .T. ) ;
#6748 = VECTOR ( 'NONE', #1962, 1000.000000000000000 ) ;
#6749 = ORIENTED_EDGE ( 'NONE', *, *, #4852, .F. ) ;
#6750 = EDGE_CURVE ( 'NONE', #8368, #3922, #3217, .T. ) ;
#6751 = EDGE_CURVE ( 'NONE', #3727, #5026, #2196, .T. ) ;
#6752 = DIRECTION ( 'NONE',  ( -1.000000000000000000, 4.440892098500626162E-16, 2.121142188857532135E-16 ) ) ;
#6753 = VERTEX_POINT ( 'NONE', #806 ) ;
#6754 = DIRECTION ( 'NONE',  ( 1.348081413631192369E-15, 1.000000000000000000, 0.000000000000000000 ) ) ;
#6755 = CARTESIAN_POINT ( 'NONE',  ( -32.39999999999998437, -32.90690173235618943, 5.101550585556124950 ) ) ;
#6756 = CARTESIAN_POINT ( 'NONE',  ( -33.70000000000000284, -37.50164264626345556, -0.05002420411606266909 ) ) ;
#6757 = VECTOR ( 'NONE', #1805, 1000.000000000000000 ) ;
#6758 = ORIENTED_EDGE ( 'NONE', *, *, #4026, .T. ) ;
#6759 = CARTESIAN_POINT ( 'NONE',  ( -33.89999999999998437, -14.99999999999901235, 17.59999999999992326 ) ) ;
#6760 = ORIENTED_EDGE ( 'NONE', *, *, #4741, .T. ) ;
#6761 = ORIENTED_EDGE ( 'NONE', *, *, #1971, .T. ) ;
#6762 = DIRECTION ( 'NONE',  ( -1.000000000000000000, 4.440892098500626162E-16, 2.121142188857532135E-16 ) ) ;
#6763 = AXIS2_PLACEMENT_3D ( 'NONE', #9084, #6784, #6101 ) ;
#6764 = EDGE_CURVE ( 'NONE', #8214, #2706, #21, .T. ) ;
#6765 = CARTESIAN_POINT ( 'NONE',  ( -33.70000000000000995, -32.78040843100729518, 2.115027806485920703 ) ) ;
#6766 = VERTEX_POINT ( 'NONE', #6116 ) ;
#6767 = ADVANCED_FACE ( 'NONE', ( #5266 ), #6414, .T. ) ;
#6768 = DIRECTION ( 'NONE',  ( -1.000000000000000000, 9.429464901788885671E-17, -1.042566224088850580E-16 ) ) ;
#6769 = DIRECTION ( 'NONE',  ( 0.000000000000000000, 0.000000000000000000, 1.000000000000000000 ) ) ;
#6770 = ORIENTED_EDGE ( 'NONE', *, *, #6764, .T. ) ;
#6771 = DIRECTION ( 'NONE',  ( -3.690901012716610650E-16, -1.000000000000000000, 0.000000000000000000 ) ) ;
#6772 = DIRECTION ( 'NONE',  ( -0.000000000000000000, -0.4549088130556971921, 0.8905380237835196500 ) ) ;
#6773 = ORIENTED_EDGE ( 'NONE', *, *, #4296, .T. ) ;
#6774 = VERTEX_POINT ( 'NONE', #6755 ) ;
#6775 = DIRECTION ( 'NONE',  ( -0.000000000000000000, -0.9996668420752116146, 0.02581094448822449094 ) ) ;
#6776 = ORIENTED_EDGE ( 'NONE', *, *, #6637, .T. ) ;
#6777 = DIRECTION ( 'NONE',  ( 1.000000000000000000, -2.161476583036237957E-16, -5.473344771987708442E-16 ) ) ;
#6778 = VERTEX_POINT ( 'NONE', #3101 ) ;
#6779 = CARTESIAN_POINT ( 'NONE',  ( -32.89999997351696948, -1.323475786390684972, 32.77628669264620953 ) ) ;
#6780 = ORIENTED_EDGE ( 'NONE', *, *, #3318, .F. ) ;
#6781 = FACE_OUTER_BOUND ( 'NONE', #3244, .T. ) ;
#6782 = CARTESIAN_POINT ( 'NONE',  ( -33.89999999999998437, 13.75000000000089706, -15.00000000000006750 ) ) ;
#6783 = DIRECTION ( 'NONE',  ( 2.479139147737537908E-18, 0.000000000000000000, 1.000000000000000000 ) ) ;
#6784 = DIRECTION ( 'NONE',  ( 1.000000000000000000, -1.348081413631192369E-15, -3.190558386184555325E-16 ) ) ;
#6785 = LINE ( 'NONE', #4351, #7929 ) ;
#6786 = DIRECTION ( 'NONE',  ( 1.000000000000000000, 0.000000000000000000, 0.000000000000000000 ) ) ;
#6787 = AXIS2_PLACEMENT_3D ( 'NONE', #6144, #8703, #3892 ) ;
#6788 = CARTESIAN_POINT ( 'NONE',  ( -30.69999999999998508, -31.79094230992149406, -1.347750151764807077E-13 ) ) ;
#6789 = CARTESIAN_POINT ( 'NONE',  ( -39.92017501842907024, -31.29423380247413888, -2.517509442474096470 ) ) ;
#6790 = EDGE_CURVE ( 'NONE', #7119, #5114, #9103, .T. ) ;
#6791 = CARTESIAN_POINT ( 'NONE',  ( -33.47972286112920415, -34.25841578932364939, -3.334770361468308852 ) ) ;
#6792 = EDGE_CURVE ( 'NONE', #9010, #826, #8790, .T. ) ;
#6793 = CARTESIAN_POINT ( 'NONE',  ( -32.89999998161930250, -30.63312003112136495, -11.72455504189688824 ) ) ;
#6794 = ORIENTED_EDGE ( 'NONE', *, *, #6516, .F. ) ;
#6795 = VERTEX_POINT ( 'NONE', #5213 ) ;
#6796 = CARTESIAN_POINT ( 'NONE',  ( -25.19999999999999218, -31.69999999999902585, -1.364689531246226937E-14 ) ) ;
#6797 = VERTEX_POINT ( 'NONE', #7550 ) ;
#6798 = CARTESIAN_POINT ( 'NONE',  ( -33.69999999999998863, 26.38953595602096414, -0.04578905552881859520 ) ) ;
#6799 = DIRECTION ( 'NONE',  ( -1.351324446865990937E-15, -1.000000000000000000, 0.000000000000000000 ) ) ;
#6800 = CARTESIAN_POINT ( 'NONE',  ( -33.69999999999999574, 26.38953595582675860, -0.04578905553049521238 ) ) ;
#6801 = EDGE_CURVE ( 'NONE', #5319, #4973, #3863, .T. ) ;
#6802 = ORIENTED_EDGE ( 'NONE', *, *, #843, .F. ) ;
#6803 = EDGE_CURVE ( 'NONE', #5218, #7452, #4459, .T. ) ;
#6804 = EDGE_CURVE ( 'NONE', #3174, #2012, #1653, .T. ) ;
#6805 = DIRECTION ( 'NONE',  ( -1.000000000000000000, 4.440892098500626162E-16, 2.121142188857532135E-16 ) ) ;
#6806 = VERTEX_POINT ( 'NONE', #7701 ) ;
#6807 = EDGE_LOOP ( 'NONE', ( #3756, #1513, #9446, #3988 ) ) ;
#6808 = LINE ( 'NONE', #2499, #3890 ) ;
#6809 = CARTESIAN_POINT ( 'NONE',  ( -33.70000000000000284, -25.89835735373652881, 0.05002420411622181956 ) ) ;
#6810 = EDGE_LOOP ( 'NONE', ( #2512, #8536, #9844, #5518, #5234 ) ) ;
#6811 = CARTESIAN_POINT ( 'NONE',  ( -32.89999999999998437, 31.91870648514023046, -4.448350868272176406 ) ) ;
#6812 = DIRECTION ( 'NONE',  ( -5.473344771987640402E-16, 0.000000000000000000, -1.000000000000000000 ) ) ;
#6813 = ORIENTED_EDGE ( 'NONE', *, *, #3133, .T. ) ;
#6814 = DIRECTION ( 'NONE',  ( -4.270088556250603178E-16, -1.000000000000000000, 0.000000000000000000 ) ) ;
#6815 = EDGE_CURVE ( 'NONE', #3475, #1158, #2347, .T. ) ;
#6816 = EDGE_CURVE ( 'NONE', #6477, #1355, #185, .T. ) ;
#6817 = AXIS2_PLACEMENT_3D ( 'NONE', #4178, #9177, #3375 ) ;
#6818 = VERTEX_POINT ( 'NONE', #7751 ) ;
#6819 = AXIS2_PLACEMENT_3D ( 'NONE', #9837, #4400, #4595 ) ;
#6820 = ORIENTED_EDGE ( 'NONE', *, *, #622, .T. ) ;
#6821 = CARTESIAN_POINT ( 'NONE',  ( -42.91599376778211905, 1.000943407138265277E-12, -8.129377638593412891E-15 ) ) ;
#6822 = ORIENTED_EDGE ( 'NONE', *, *, #3929, .F. ) ;
#6823 = CIRCLE ( 'NONE', #1394, 14.69999999999999751 ) ;
#6824 = VECTOR ( 'NONE', #5243, 1000.000000000000000 ) ;
#6825 = DIRECTION ( 'NONE',  ( -1.000000000000000000, 2.161476583036237957E-16, 5.473344771987708442E-16 ) ) ;
#6826 = EDGE_LOOP ( 'NONE', ( #28, #8587, #8503, #868 ) ) ;
#6827 = CARTESIAN_POINT ( 'NONE',  ( -32.89999972516717008, -3.525404183441184447, 32.61052072836418603 ) ) ;
#6828 = ORIENTED_EDGE ( 'NONE', *, *, #5054, .F. ) ;
#6829 = CIRCLE ( 'NONE', #7626, 0.5000000000000004441 ) ;
#6830 = DIRECTION ( 'NONE',  ( 1.000000000000000000, -1.348081413631192369E-15, -3.190558386184555325E-16 ) ) ;
#6831 = CIRCLE ( 'NONE', #5713, 33.99999999999999289 ) ;
#6832 = VECTOR ( 'NONE', #4227, 999.9999999999998863 ) ;
#6833 = ADVANCED_FACE ( 'NONE', ( #201 ), #4662, .T. ) ;
#6834 = DIRECTION ( 'NONE',  ( -1.000000000000000000, 4.440892098500626162E-16, 2.121142188857532135E-16 ) ) ;
#6835 = AXIS2_PLACEMENT_3D ( 'NONE', #7247, #1249, #8043 ) ;
#6836 = DIRECTION ( 'NONE',  ( -0.000000000000000000, 4.133657621222720042E-15, -1.000000000000000000 ) ) ;
#6837 = CIRCLE ( 'NONE', #2835, 0.5000000000000004441 ) ;
#6838 = FACE_OUTER_BOUND ( 'NONE', #3616, .T. ) ;
#6839 = DIRECTION ( 'NONE',  ( -1.000000000000000000, -1.175656832681595541E-18, 2.479139147737537908E-18 ) ) ;
#6840 = DIRECTION ( 'NONE',  ( -1.000000000000000000, 4.440892098493159100E-16, 2.121142188919197885E-16 ) ) ;
#6841 = FACE_OUTER_BOUND ( 'NONE', #6412, .T. ) ;
#6842 = DIRECTION ( 'NONE',  ( -1.000000000000000000, 4.440892098500626162E-16, 2.121142188857532135E-16 ) ) ;
#6843 = AXIS2_PLACEMENT_3D ( 'NONE', #1580, #6093, #8326 ) ;
#6844 = CARTESIAN_POINT ( 'NONE',  ( -29.29999999999997939, 29.11588541666668917, -4.745020168928371973 ) ) ;
#6845 = CARTESIAN_POINT ( 'NONE',  ( -32.89999993782644339, -27.48417298942225173, -17.90186474562809948 ) ) ;
#6846 = ORIENTED_EDGE ( 'NONE', *, *, #6561, .F. ) ;
#6847 = ORIENTED_EDGE ( 'NONE', *, *, #6040, .T. ) ;
#6848 = DIRECTION ( 'NONE',  ( 0.000000000000000000, 0.000000000000000000, 1.000000000000000000 ) ) ;
#6849 = ORIENTED_EDGE ( 'NONE', *, *, #659, .T. ) ;
#6850 = DIRECTION ( 'NONE',  ( 0.000000000000000000, 0.000000000000000000, 1.000000000000000000 ) ) ;
#6851 = VECTOR ( 'NONE', #3276, 1000.000000000000000 ) ;
#6852 = DIRECTION ( 'NONE',  ( -1.000000000000000000, 4.440892098500626162E-16, 2.121142188857532135E-16 ) ) ;
#6853 = EDGE_CURVE ( 'NONE', #1450, #3537, #7048, .T. ) ;
#6854 = CARTESIAN_POINT ( 'NONE',  ( -23.49999999999999645, -31.69999999999902585, -1.400748948456804979E-14 ) ) ;
#6855 = AXIS2_PLACEMENT_3D ( 'NONE', #2579, #6439, #4997 ) ;
#6856 = VERTEX_POINT ( 'NONE', #4761 ) ;
#6857 = CARTESIAN_POINT ( 'NONE',  ( -32.84590131094258680, -1.199999999998878408, -33.03932382671960255 ) ) ;
#6858 = ORIENTED_EDGE ( 'NONE', *, *, #89, .F. ) ;
#6859 = CIRCLE ( 'NONE', #9407, 1.249999999999997558 ) ;
#6860 = ORIENTED_EDGE ( 'NONE', *, *, #3597, .T. ) ;
#6861 = LINE ( 'NONE', #8307, #1961 ) ;
#6862 = DIRECTION ( 'NONE',  ( -0.9999545279578868628, -0.0002461422616284399708, -0.009533175258369157301 ) ) ;
#6863 = EDGE_LOOP ( 'NONE', ( #5579, #3918, #2375, #7030 ) ) ;
#6864 = DIRECTION ( 'NONE',  ( -1.000000000000000000, -1.179389324206871456E-17, 8.825547355056098943E-16 ) ) ;
#6865 = AXIS2_PLACEMENT_3D ( 'NONE', #1635, #5539, #3993 ) ;
#6866 = ADVANCED_FACE ( 'NONE', ( #7848 ), #3961, .F. ) ;
#6867 = CYLINDRICAL_SURFACE ( 'NONE', #9428, 2.249999999999998668 ) ;
#6868 = ORIENTED_EDGE ( 'NONE', *, *, #7181, .T. ) ;
#6869 = ADVANCED_FACE ( 'NONE', ( #3248 ), #4813, .F. ) ;
#6870 = VECTOR ( 'NONE', #9645, 1000.000000000000000 ) ;
#6871 = ORIENTED_EDGE ( 'NONE', *, *, #2947, .T. ) ;
#6872 = CIRCLE ( 'NONE', #2403, 2.550000000000000266 ) ;
#6873 = EDGE_LOOP ( 'NONE', ( #8305, #1637, #507, #2168 ) ) ;
#6874 = CYLINDRICAL_SURFACE ( 'NONE', #1117, 18.00000000000000711 ) ;
#6875 = DIRECTION ( 'NONE',  ( -1.000000000000000000, 4.440892098500626162E-16, 2.121142188857532135E-16 ) ) ;
#6876 = VERTEX_POINT ( 'NONE', #7097 ) ;
#6877 = CARTESIAN_POINT ( 'NONE',  ( -32.89999976519538905, -10.25646255296674703, 31.15568597665305717 ) ) ;
#6878 = EDGE_CURVE ( 'NONE', #6204, #5240, #5778, .T. ) ;
#6879 = ORIENTED_EDGE ( 'NONE', *, *, #1186, .F. ) ;
#6880 = ADVANCED_FACE ( 'NONE', ( #157 ), #9251, .F. ) ;
#6881 = DIRECTION ( 'NONE',  ( 1.000000000000000000, 9.646292633376703921E-33, -2.479139147737542530E-18 ) ) ;
#6882 = FACE_BOUND ( 'NONE', #6585, .T. ) ;
#6883 = CIRCLE ( 'NONE', #2563, 2.550000000000000266 ) ;
#6884 = DIRECTION ( 'NONE',  ( 0.000000000000000000, 4.704334850199529328E-15, -1.000000000000000000 ) ) ;
#6885 = LINE ( 'NONE', #364, #8064 ) ;
#6886 = CARTESIAN_POINT ( 'NONE',  ( -30.69999999999998508, 31.79094230992346581, 2.950000000000112532 ) ) ;
#6887 = AXIS2_PLACEMENT_3D ( 'NONE', #5468, #6212, #4060 ) ;
#6888 = EDGE_CURVE ( 'NONE', #9111, #8303, #5463, .T. ) ;
#6889 = CARTESIAN_POINT ( 'NONE',  ( -1.700000000000007061, 2.291738403173035942E-15, 5.423949256513769691E-16 ) ) ;
#6890 = EDGE_CURVE ( 'NONE', #2322, #4435, #2415, .T. ) ;
#6891 = CARTESIAN_POINT ( 'NONE',  ( -32.89999999999999147, -13.46694469205233879, 29.90788649446456304 ) ) ;
#6892 = DIRECTION ( 'NONE',  ( 1.000000000000000000, 1.175656832681595541E-18, -2.479139147737537908E-18 ) ) ;
#6893 = CARTESIAN_POINT ( 'NONE',  ( -22.99999999999996803, 30.73958990536376845, 0.8000702782374440325 ) ) ;
#6894 = FACE_OUTER_BOUND ( 'NONE', #5424, .T. ) ;
#6895 = VECTOR ( 'NONE', #7391, 1000.000000000000000 ) ;
#6896 = CARTESIAN_POINT ( 'NONE',  ( -83.77726090546464377, 9.989240966576516205E-13, -34.50000000000001421 ) ) ;
#6897 = CARTESIAN_POINT ( 'NONE',  ( -32.89999986054852599, -24.56470252005198063, -21.74120940427664905 ) ) ;
#6898 = VERTEX_POINT ( 'NONE', #2491 ) ;
#6899 = ORIENTED_EDGE ( 'NONE', *, *, #7581, .F. ) ;
#6900 = DIRECTION ( 'NONE',  ( -1.000000000000000000, 2.161476583036237957E-16, 5.473344771987708442E-16 ) ) ;
#6901 = ORIENTED_EDGE ( 'NONE', *, *, #1071, .F. ) ;
#6902 = CARTESIAN_POINT ( 'NONE',  ( -4.037183854696410782E-15, 1.316244395970083057E-13, -12.50000000000000000 ) ) ;
#6903 = CARTESIAN_POINT ( 'NONE',  ( -83.77726090546464377, 6.600000000001116973, -32.63939337671581598 ) ) ;
#6904 = DIRECTION ( 'NONE',  ( 1.000000000000000000, -4.440892098500626162E-16, -2.121142188857532135E-16 ) ) ;
#6905 = AXIS2_PLACEMENT_3D ( 'NONE', #8854, #2654, #3620 ) ;
#6906 = VERTEX_POINT ( 'NONE', #8542 ) ;
#6907 = DIRECTION ( 'NONE',  ( -1.000000000000000000, 4.440892098500626162E-16, 2.121142188857532135E-16 ) ) ;
#6908 = ORIENTED_EDGE ( 'NONE', *, *, #6751, .F. ) ;
#6909 = EDGE_LOOP ( 'NONE', ( #9878, #2338, #7547, #5694 ) ) ;
#6910 = CARTESIAN_POINT ( 'NONE',  ( -32.89999999999998437, -31.91870648513822672, -4.448350868272433090 ) ) ;
#6911 = CARTESIAN_POINT ( 'NONE',  ( -0.9999999999999544809, 34.50000000000000000, 6.381116772369055431E-16 ) ) ;
#6912 = ORIENTED_EDGE ( 'NONE', *, *, #8873, .T. ) ;
#6913 = DIRECTION ( 'NONE',  ( -4.919709548711541756E-16, -0.8905380237835197610, -0.4549088130556972476 ) ) ;
#6914 = CIRCLE ( 'NONE', #2591, 33.99999999999998579 ) ;
#6915 = DIRECTION ( 'NONE',  ( 5.531002387172428574E-16, 0.000000000000000000, 1.000000000000000000 ) ) ;
#6916 = VERTEX_POINT ( 'NONE', #1699 ) ;
#6917 = DIRECTION ( 'NONE',  ( -1.000000000000000000, -1.175656832681595541E-18, 2.479139147737537908E-18 ) ) ;
#6918 = EDGE_LOOP ( 'NONE', ( #6282, #3246, #5567, #415 ) ) ;
#6919 = TOROIDAL_SURFACE ( 'NONE', #2917, 4.450000000000002842, 0.5000000000000004441 ) ;
#6920 = EDGE_CURVE ( 'NONE', #2262, #2216, #7686, .T. ) ;
#6921 = ORIENTED_EDGE ( 'NONE', *, *, #8986, .T. ) ;
#6922 = LINE ( 'NONE', #4080, #6715 ) ;
#6923 = CARTESIAN_POINT ( 'NONE',  ( -29.49999999999996803, 30.97598580441739813, 4.492026652257680830 ) ) ;
#6924 = ORIENTED_EDGE ( 'NONE', *, *, #6130, .F. ) ;
#6925 = CARTESIAN_POINT ( 'NONE',  ( -32.89999990810804320, -1.811390733108044770, 32.75025145805112459 ) ) ;
#6926 = ORIENTED_EDGE ( 'NONE', *, *, #2822, .T. ) ;
#6927 = FACE_OUTER_BOUND ( 'NONE', #9268, .T. ) ;
#6928 = AXIS2_PLACEMENT_3D ( 'NONE', #777, #3686, #678 ) ;
#6929 = CARTESIAN_POINT ( 'NONE',  ( -33.70000000000000995, -31.70000000000001350, 6.643178188436231417E-14 ) ) ;
#6930 = CARTESIAN_POINT ( 'NONE',  ( -1.500000000000043077, -30.99999999999999645, -1.583279362994751155E-16 ) ) ;
#6931 = EDGE_CURVE ( 'NONE', #612, #2108, #3379, .T. ) ;
#6932 = LINE ( 'NONE', #9408, #4562 ) ;
#6933 = ADVANCED_FACE ( 'NONE', ( #9193 ), #5561, .F. ) ;
#6934 = ADVANCED_FACE ( 'NONE', ( #1755, #8442 ), #1045, .T. ) ;
#6935 = DIRECTION ( 'NONE',  ( 1.000000000000000000, -4.440892098500626162E-16, -2.121142188857532135E-16 ) ) ;
#6936 = B_SPLINE_CURVE_WITH_KNOTS ( 'NONE', 3,
 ( #8234, #6791, #3706, #4548 ),
 .UNSPECIFIED., .F., .F.,
 ( 4, 4 ),
 ( 8.673617379884035472E-19, 0.0003909094253459673173 ),
 .UNSPECIFIED. ) ;
#6937 = DIRECTION ( 'NONE',  ( 1.000000000000000000, -4.440892098500626162E-16, -2.121142188857532135E-16 ) ) ;
#6938 = PLANE ( 'NONE',  #9440 ) ;
#6939 = DIRECTION ( 'NONE',  ( 2.479139147737537908E-18, 0.000000000000000000, 1.000000000000000000 ) ) ;
#6940 = DIRECTION ( 'NONE',  ( -1.348081413631192369E-15, -1.000000000000000000, 0.000000000000000000 ) ) ;
#6941 = DIRECTION ( 'NONE',  ( 1.000000000000000000, -1.348081413631192369E-15, -3.190558386184555325E-16 ) ) ;
#6942 = CARTESIAN_POINT ( 'NONE',  ( -33.70000000000000284, 32.88033821089911868, -2.310652217682307885 ) ) ;
#6943 = ADVANCED_FACE ( 'NONE', ( #3444 ), #8880, .F. ) ;
#6944 = CARTESIAN_POINT ( 'NONE',  ( -32.89999999999855618, -25.81370440331442495, -20.23592743790088022 ) ) ;
#6945 = ORIENTED_EDGE ( 'NONE', *, *, #5521, .T. ) ;
#6946 = ORIENTED_EDGE ( 'NONE', *, *, #9061, .F. ) ;
#6947 = CLOSED_SHELL ( 'NONE', ( #9192, #8197, #5227, #7100, #8184, #3842, #8933, #6588, #8389, #1264, #5043, #1931, #7775, #4129, #5497, #9660, #1195, #9868, #8072, #7790, #1187, #2406, #1820, #9806, #5590 ) ) ;
#6948 = TOROIDAL_SURFACE ( 'NONE', #558, 0.4999999999999855671, 0.5000000000000216493 ) ;
#6949 = CIRCLE ( 'NONE', #1987, 0.5000000000000004441 ) ;
#6950 = DIRECTION ( 'NONE',  ( 0.000000000000000000, -1.000000000000000000, 0.000000000000000000 ) ) ;
#6951 = VERTEX_POINT ( 'NONE', #4353 ) ;
#6952 = CARTESIAN_POINT ( 'NONE',  ( -32.39999999982501322, -31.70000000000001350, 1.249999999702342102 ) ) ;
#6953 = DIRECTION ( 'NONE',  ( 1.000000000000000000, -2.161476583036237957E-16, -5.473344771987708442E-16 ) ) ;
#6954 = CARTESIAN_POINT ( 'NONE',  ( -33.70000000000000995, -30.61959156899273538, -2.115027806485792361 ) ) ;
#6955 = FACE_BOUND ( 'NONE', #2248, .T. ) ;
#6956 = VECTOR ( 'NONE', #6298, 1000.000000000000000 ) ;
#6957 = ORIENTED_EDGE ( 'NONE', *, *, #8988, .F. ) ;
#6958 = CYLINDRICAL_SURFACE ( 'NONE', #4127, 1.599999999999998979 ) ;
#6959 = ORIENTED_EDGE ( 'NONE', *, *, #5966, .T. ) ;
#6960 = VERTEX_POINT ( 'NONE', #3500 ) ;
#6961 = CARTESIAN_POINT ( 'NONE',  ( -32.89999999999999147, -32.39204424931273252, -4.785675518568009323 ) ) ;
#6962 = CARTESIAN_POINT ( 'NONE',  ( -25.19999999999999574, -20.90202088431252747, -17.72403791909772508 ) ) ;
#6963 = ORIENTED_EDGE ( 'NONE', *, *, #3591, .T. ) ;
#6964 = LINE ( 'NONE', #3457, #2830 ) ;
#6965 = CARTESIAN_POINT ( 'NONE',  ( -33.70000000000000995, -33.14147468682237019, 0.07405444337435915236 ) ) ;
#6966 = ORIENTED_EDGE ( 'NONE', *, *, #5174, .F. ) ;
#6967 = DIRECTION ( 'NONE',  ( 1.349229370204182792E-15, 1.000000000000000000, 0.000000000000000000 ) ) ;
#6968 = VECTOR ( 'NONE', #6153, 1000.000000000000000 ) ;
#6969 = ORIENTED_EDGE ( 'NONE', *, *, #6486, .T. ) ;
#6970 = VERTEX_POINT ( 'NONE', #1193 ) ;
#6971 = DIRECTION ( 'NONE',  ( 0.000000000000000000, 0.000000000000000000, 1.000000000000000000 ) ) ;
#6972 = AXIS2_PLACEMENT_3D ( 'NONE', #286, #2620, #4237 ) ;
#6973 = LINE ( 'NONE', #122, #3237 ) ;
#6974 = EDGE_LOOP ( 'NONE', ( #9672, #5039, #1326, #8247 ) ) ;
#6975 = CARTESIAN_POINT ( 'NONE',  ( -32.89999999994130064, -0.2282447989966625845, 32.79926307287720277 ) ) ;
#6976 = ORIENTED_EDGE ( 'NONE', *, *, #35, .T. ) ;
#6977 = LINE ( 'NONE', #1728, #2052 ) ;
#6978 = ADVANCED_FACE ( 'NONE', ( #7242 ), #1148, .T. ) ;
#6979 = CARTESIAN_POINT ( 'NONE',  ( -32.89999999999997726, 32.24414550087970355, -4.567178969305507152 ) ) ;
#6980 = AXIS2_PLACEMENT_3D ( 'NONE', #9768, #4383, #4276 ) ;
#6981 = DIRECTION ( 'NONE',  ( 0.000000000000000000, 0.000000000000000000, 1.000000000000000000 ) ) ;
#6982 = CIRCLE ( 'NONE', #5235, 31.50000000000000000 ) ;
#6983 = EDGE_LOOP ( 'NONE', ( #9582, #2190, #3543, #4806 ) ) ;
#6984 = AXIS2_PLACEMENT_3D ( 'NONE', #5727, #8965, #3474 ) ;
#6985 = CARTESIAN_POINT ( 'NONE',  ( -20.89999999999999147, -14.99999999999999112, -11.24999999999998934 ) ) ;
#6986 = FACE_OUTER_BOUND ( 'NONE', #1963, .T. ) ;
#6987 = EDGE_CURVE ( 'NONE', #3587, #7093, #394, .T. ) ;
#6988 = AXIS2_PLACEMENT_3D ( 'NONE', #1916, #7321, #1268 ) ;
#6989 = CARTESIAN_POINT ( 'NONE',  ( -32.89999999999999147, -22.28612231017741863, 24.15898187680739184 ) ) ;
#6990 = CIRCLE ( 'NONE', #9863, 1.649999999999995248 ) ;
#6991 = EDGE_CURVE ( 'NONE', #1355, #7648, #6401, .T. ) ;
#6992 = CARTESIAN_POINT ( 'NONE',  ( -3.999999999999960920, 4.256000000000982553, 26.25731258145052394 ) ) ;
#6993 = FACE_BOUND ( 'NONE', #5040, .T. ) ;
#6994 = AXIS2_PLACEMENT_3D ( 'NONE', #8943, #6601, #5703 ) ;
#6995 = FACE_BOUND ( 'NONE', #9808, .T. ) ;
#6996 = VECTOR ( 'NONE', #405, 1000.000000000000000 ) ;
#6997 = CARTESIAN_POINT ( 'NONE',  ( -33.32500000000000284, 32.95099923590314006, -2.448979565404832748 ) ) ;
#6998 = EDGE_LOOP ( 'NONE', ( #2164, #4163, #611, #5921, #9759, #7961 ) ) ;
#6999 = AXIS2_PLACEMENT_3D ( 'NONE', #9102, #6115, #704 ) ;
#7000 = ORIENTED_EDGE ( 'NONE', *, *, #2343, .F. ) ;
#7001 = LINE ( 'NONE', #9189, #8272 ) ;
#7002 = VECTOR ( 'NONE', #6752, 1000.000000000000000 ) ;
#7003 = VERTEX_POINT ( 'NONE', #8730 ) ;
#7004 = LINE ( 'NONE', #5414, #9378 ) ;
#7005 = EDGE_CURVE ( 'NONE', #4843, #7507, #3267, .T. ) ;
#7006 = DIRECTION ( 'NONE',  ( -1.000000000000000000, 4.440892098500626162E-16, 2.121142188857532135E-16 ) ) ;
#7007 = ADVANCED_FACE ( 'NONE', ( #2038 ), #5108, .F. ) ;
#7008 = CARTESIAN_POINT ( 'NONE',  ( -30.89999999999999147, 15.00000000000016875, -14.99999999999982592 ) ) ;
#7009 = VECTOR ( 'NONE', #1192, 1000.000000000000000 ) ;
#7010 = FACE_BOUND ( 'NONE', #9263, .T. ) ;
#7011 = LINE ( 'NONE', #8545, #2314 ) ;
#7012 = CARTESIAN_POINT ( 'NONE',  ( -19.99999999999998224, 9.907666615730020731E-13, -1.299018575663731132E-14 ) ) ;
#7013 = ORIENTED_EDGE ( 'NONE', *, *, #2342, .F. ) ;
#7014 = EDGE_LOOP ( 'NONE', ( #4326, #670, #7443, #8601 ) ) ;
#7015 = CARTESIAN_POINT ( 'NONE',  ( -32.39999999997924363, -31.70000000000001350, -1.249999999969345188 ) ) ;
#7016 = TOROIDAL_SURFACE ( 'NONE', #3017, 0.4999999999999859002, 0.4999999999999993339 ) ;
#7017 = CARTESIAN_POINT ( 'NONE',  ( -22.19999999999998153, 9.917436578346719282E-13, -1.252353447508865394E-14 ) ) ;
#7018 = ORIENTED_EDGE ( 'NONE', *, *, #4976, .T. ) ;
#7019 = DIRECTION ( 'NONE',  ( -1.000000000000000000, 4.440892098500626162E-16, 2.121142188857532135E-16 ) ) ;
#7020 = CARTESIAN_POINT ( 'NONE',  ( -4.000000000000012434, -6.349999999999994316, 1.575290314000946463E-15 ) ) ;
#7021 = ADVANCED_FACE ( 'NONE', ( #7288 ), #2784, .F. ) ;
#7022 = CARTESIAN_POINT ( 'NONE',  ( -32.39999999999998437, -31.79094230992149406, -1.344410693882025498E-13 ) ) ;
#7023 = ADVANCED_FACE ( 'NONE', ( #2682 ), #1941, .F. ) ;
#7024 = AXIS2_PLACEMENT_3D ( 'NONE', #4893, #3391, #7983 ) ;
#7025 = AXIS2_PLACEMENT_3D ( 'NONE', #7552, #8244, #9104 ) ;
#7026 = ORIENTED_EDGE ( 'NONE', *, *, #8690, .F. ) ;
#7027 = EDGE_LOOP ( 'NONE', ( #4110, #2020, #7053, #9469 ) ) ;
#7028 = CARTESIAN_POINT ( 'NONE',  ( 70.33232511283227950, 6.349999999999905498, -2.243993897086055271E-14 ) ) ;
#7029 = CARTESIAN_POINT ( 'NONE',  ( -29.29999999999998650, -14.99999999999879741, 15.00000000000014921 ) ) ;
#7030 = ORIENTED_EDGE ( 'NONE', *, *, #4742, .F. ) ;
#7031 = DIRECTION ( 'NONE',  ( -1.000000000000000000, -1.175656832681595541E-18, 2.479139147737537908E-18 ) ) ;
#7032 = AXIS2_PLACEMENT_3D ( 'NONE', #1654, #4017, #7752 ) ;
#7033 = ORIENTED_EDGE ( 'NONE', *, *, #9540, .F. ) ;
#7034 = CARTESIAN_POINT ( 'NONE',  ( -30.90000000000000213, -9.499999999999989342, -28.98275349237886545 ) ) ;
#7035 = DIRECTION ( 'NONE',  ( 1.000000000000000000, -2.161476583036237957E-16, -5.473344771987708442E-16 ) ) ;
#7036 = CONICAL_SURFACE ( 'NONE', #2709, 15.20000000000001883, 0.7853981633974569387 ) ;
#7037 = LINE ( 'NONE', #987, #5751 ) ;
#7038 = ORIENTED_EDGE ( 'NONE', *, *, #6206, .F. ) ;
#7039 = LINE ( 'NONE', #8673, #1655 ) ;
#7040 = CIRCLE ( 'NONE', #3206, 1.249999999999990674 ) ;
#7041 = CARTESIAN_POINT ( 'NONE',  ( -32.89999999999998437, -23.80993823719971303, 22.55943303318050397 ) ) ;
#7042 = B_SPLINE_CURVE_WITH_KNOTS ( 'NONE', 3,
 ( #9334, #143, #2390, #4848 ),
 .UNSPECIFIED., .F., .F.,
 ( 4, 4 ),
 ( 5.698027957525305072E-15, 0.0004683476021406447255 ),
 .UNSPECIFIED. ) ;
#7043 = LINE ( 'NONE', #6992, #2332 ) ;
#7044 = CARTESIAN_POINT ( 'NONE',  ( -30.99999999999998579, 8.800000000001118039, -32.11619529147248642 ) ) ;
#7045 = FACE_OUTER_BOUND ( 'NONE', #5792, .T. ) ;
#7046 = CARTESIAN_POINT ( 'NONE',  ( -33.70000000000000284, 32.78040843100725255, -2.115027806486013073 ) ) ;
#7047 = ORIENTED_EDGE ( 'NONE', *, *, #269, .T. ) ;
#7048 = CIRCLE ( 'NONE', #8474, 1.000000000000000000 ) ;
#7049 = EDGE_CURVE ( 'NONE', #3357, #9640, #8168, .T. ) ;
#7050 = EDGE_CURVE ( 'NONE', #2208, #6906, #1306, .T. ) ;
#7051 = EDGE_LOOP ( 'NONE', ( #775, #9530, #8261, #3071, #8201, #3781 ) ) ;
#7052 = CYLINDRICAL_SURFACE ( 'NONE', #6677, 1.249999999999994227 ) ;
#7053 = ORIENTED_EDGE ( 'NONE', *, *, #1376, .T. ) ;
#7054 = CARTESIAN_POINT ( 'NONE',  ( 0.000000000000000000, -1.004182420872080172E-19, -3.205467292565838918E-16 ) ) ;
#7055 = CARTESIAN_POINT ( 'NONE',  ( -22.99999999999999645, -31.69999999999902585, -1.411354659401092833E-14 ) ) ;
#7056 = CARTESIAN_POINT ( 'NONE',  ( -29.29999999999997939, 13.28949793360105147, -16.89121196084472132 ) ) ;
#7057 = VECTOR ( 'NONE', #4498, 1000.000000000000000 ) ;
#7058 = CARTESIAN_POINT ( 'NONE',  ( -29.29999999999999361, -28.12890625000000000, -4.584172027608785172 ) ) ;
#7059 = FACE_OUTER_BOUND ( 'NONE', #108, .T. ) ;
#7060 = CARTESIAN_POINT ( 'NONE',  ( -33.39999999999999858, -31.79094230992147985, -2.950000000000135181 ) ) ;
#7061 = ORIENTED_EDGE ( 'NONE', *, *, #6803, .F. ) ;
#7062 = EDGE_CURVE ( 'NONE', #3908, #7819, #4153, .T. ) ;
#7063 = EDGE_CURVE ( 'NONE', #9872, #1450, #9593, .T. ) ;
#7064 = EDGE_CURVE ( 'NONE', #5622, #6766, #4246, .T. ) ;
#7065 = ORIENTED_EDGE ( 'NONE', *, *, #7670, .F. ) ;
#7066 = LINE ( 'NONE', #253, #9785 ) ;
#7067 = DIRECTION ( 'NONE',  ( 1.000000000000000000, -4.440892098500626162E-16, -2.121142188857532135E-16 ) ) ;
#7068 = VERTEX_POINT ( 'NONE', #5807 ) ;
#7069 = CARTESIAN_POINT ( 'NONE',  ( -33.39999999999998437, 9.989894952270185060E-13, -34.50000000000001421 ) ) ;
#7070 = CARTESIAN_POINT ( 'NONE',  ( -32.90275887879867867, 31.89830651471654122, -4.158252930508516521 ) ) ;
#7071 = CARTESIAN_POINT ( 'NONE',  ( -32.39999999999999858, 31.91010164247938974, 3.948350868272412217 ) ) ;
#7072 = ORIENTED_EDGE ( 'NONE', *, *, #3883, .F. ) ;
#7073 = EDGE_CURVE ( 'NONE', #373, #2743, #7208, .T. ) ;
#7074 = ORIENTED_EDGE ( 'NONE', *, *, #8210, .F. ) ;
#7075 = CARTESIAN_POINT ( 'NONE',  ( -25.19999999999998508, -4.255999999999005468, 26.25731258145051328 ) ) ;
#7076 = AXIS2_PLACEMENT_3D ( 'NONE', #9615, #3469, #7960 ) ;
#7077 = CARTESIAN_POINT ( 'NONE',  ( -30.90000000000000213, 9.500000000000014211, -28.98275349237886545 ) ) ;
#7078 = ORIENTED_EDGE ( 'NONE', *, *, #2523, .F. ) ;
#7079 = LINE ( 'NONE', #4040, #3385 ) ;
#7080 = ORIENTED_EDGE ( 'NONE', *, *, #6333, .T. ) ;
#7081 = DIRECTION ( 'NONE',  ( 1.000000000000000000, -2.161476583036237957E-16, -5.473344771987708442E-16 ) ) ;
#7082 = CARTESIAN_POINT ( 'NONE',  ( -29.29999999999997939, 19.23330444827511698, -19.23330444827406538 ) ) ;
#7083 = AXIS2_PLACEMENT_3D ( 'NONE', #5132, #1167, #4123 ) ;
#7084 = DIRECTION ( 'NONE',  ( 1.348081413631192369E-15, 1.000000000000000000, 0.000000000000000000 ) ) ;
#7085 = ORIENTED_EDGE ( 'NONE', *, *, #2780, .F. ) ;
#7086 = EDGE_LOOP ( 'NONE', ( #6565, #8306, #9722, #6515, #206, #382, #3720, #5177, #8115, #7354, #8660, #3290, #4622, #6946, #9067, #5325, #814 ) ) ;
#7087 = DIRECTION ( 'NONE',  ( -1.000000000000000000, 2.161476583036237957E-16, 5.473344771987708442E-16 ) ) ;
#7088 = AXIS2_PLACEMENT_3D ( 'NONE', #2816, #5147, #4992 ) ;
#7089 = CARTESIAN_POINT ( 'NONE',  ( -30.99999999999998579, 9.947611131479868873E-13, -1.107619950837005845E-14 ) ) ;
#7090 = DIRECTION ( 'NONE',  ( 0.000000000000000000, -1.000000000000000000, 0.000000000000000000 ) ) ;
#7091 = CARTESIAN_POINT ( 'NONE',  ( -0.9999999999999533706, 34.50000000000000000, 4.225031457058368922E-15 ) ) ;
#7092 = CARTESIAN_POINT ( 'NONE',  ( -3.999999999999982681, 9.836612342154012732E-13, -1.638401325880936471E-14 ) ) ;
#7093 = VERTEX_POINT ( 'NONE', #3553 ) ;
#7094 = ORIENTED_EDGE ( 'NONE', *, *, #5542, .F. ) ;
#7095 = DIRECTION ( 'NONE',  ( 0.000000000000000000, 0.000000000000000000, 1.000000000000000000 ) ) ;
#7096 = LINE ( 'NONE', #6211, #1564 ) ;
#7097 = CARTESIAN_POINT ( 'NONE',  ( -29.29999999999999716, -19.23499999999998877, -17.98499999999999588 ) ) ;
#7098 = DIRECTION ( 'NONE',  ( -4.022547190670857145E-16, -1.000000000000000000, 0.000000000000000000 ) ) ;
#7099 = EDGE_CURVE ( 'NONE', #6778, #3885, #5655, .T. ) ;
#7100 = ADVANCED_FACE ( 'NONE', ( #9738 ), #7638, .T. ) ;
#7101 = FACE_BOUND ( 'NONE', #4337, .T. ) ;
#7102 = DIRECTION ( 'NONE',  ( 1.000000000000000000, 1.175656832681595541E-18, -2.479139147737537908E-18 ) ) ;
#7103 = FACE_OUTER_BOUND ( 'NONE', #7272, .T. ) ;
#7104 = ORIENTED_EDGE ( 'NONE', *, *, #895, .F. ) ;
#7105 = AXIS2_PLACEMENT_3D ( 'NONE', #5403, #4849, #4704 ) ;
#7106 = VERTEX_POINT ( 'NONE', #9685 ) ;
#7107 = CARTESIAN_POINT ( 'NONE',  ( -20.89999999999997726, 28.12890625000001066, -4.584172027608770073 ) ) ;
#7108 = DIRECTION ( 'NONE',  ( -1.000000000000000000, 0.000000000000000000, 0.000000000000000000 ) ) ;
#7109 = VERTEX_POINT ( 'NONE', #643 ) ;
#7110 = LINE ( 'NONE', #5482, #4925 ) ;
#7111 = CARTESIAN_POINT ( 'NONE',  ( -32.69508667774751842, 31.85891773588926412, -3.949561317706156149 ) ) ;
#7112 = CARTESIAN_POINT ( 'NONE',  ( -30.69999999999998508, 31.79094230992349068, -2.949999999999887823 ) ) ;
#7113 = ADVANCED_FACE ( 'NONE', ( #3746, #8287 ), #5348, .F. ) ;
#7114 = EDGE_CURVE ( 'NONE', #8793, #6003, #9890, .T. ) ;
#7115 = EDGE_CURVE ( 'NONE', #1470, #7869, #590, .T. ) ;
#7116 = CIRCLE ( 'NONE', #8538, 4.450000000000002842 ) ;
#7117 = CARTESIAN_POINT ( 'NONE',  ( -32.39999999998410374, -31.63586697077567322, 1.248353697685249175 ) ) ;
#7118 = ORIENTED_EDGE ( 'NONE', *, *, #3699, .T. ) ;
#7119 = VERTEX_POINT ( 'NONE', #5996 ) ;
#7120 = CARTESIAN_POINT ( 'NONE',  ( -33.32500000000000995, -31.70000000000001350, 6.635223905227784706E-14 ) ) ;
#7121 = DIRECTION ( 'NONE',  ( 0.000000000000000000, -0.9996668420752113926, -0.02581094448823364682 ) ) ;
#7122 = ORIENTED_EDGE ( 'NONE', *, *, #2432, .F. ) ;
#7123 = DIRECTION ( 'NONE',  ( 0.000000000000000000, -1.000000000000000000, 0.000000000000000000 ) ) ;
#7124 = ORIENTED_EDGE ( 'NONE', *, *, #9574, .F. ) ;
#7125 = EDGE_CURVE ( 'NONE', #3659, #4843, #7850, .T. ) ;
#7126 = EDGE_CURVE ( 'NONE', #1325, #9628, #3705, .T. ) ;
#7127 = DIRECTION ( 'NONE',  ( -1.000000000000000000, 2.161476583036224152E-16, 5.473344771987640402E-16 ) ) ;
#7128 = DIRECTION ( 'NONE',  ( -1.000000000000000000, -2.775557561562927323E-14, -1.734723475976829577E-15 ) ) ;
#7129 = VERTEX_POINT ( 'NONE', #2240 ) ;
#7130 = CARTESIAN_POINT ( 'NONE',  ( -32.53348412245269827, 6.600000000001120526, -32.63939337671665442 ) ) ;
#7131 = EDGE_CURVE ( 'NONE', #4557, #4160, #735, .T. ) ;
#7132 = DIRECTION ( 'NONE',  ( -1.000000000000000000, 4.440892098500626162E-16, 2.121142188857532135E-16 ) ) ;
#7133 = DIRECTION ( 'NONE',  ( 1.000000000000000000, -4.440892098500626162E-16, -2.121142188857532135E-16 ) ) ;
#7134 = CYLINDRICAL_SURFACE ( 'NONE', #9406, 3.749999999999998224 ) ;
#7135 = CARTESIAN_POINT ( 'NONE',  ( -33.70000000000000995, -32.48487037263636523, -1.211326476013321551 ) ) ;
#7136 = AXIS2_PLACEMENT_3D ( 'NONE', #6192, #2385, #9284 ) ;
#7137 = AXIS2_PLACEMENT_3D ( 'NONE', #796, #9687, #5905 ) ;
#7138 = B_SPLINE_CURVE_WITH_KNOTS ( 'NONE', 3,
 ( #7298, #4161, #357, #457, #3407, #5763, #7204, #5706, #9493, #8229, #6738, #5815, #2640, #8842, #5663, #6554 ),
 .UNSPECIFIED., .F., .F.,
 ( 4, 1, 2, 2, 1, 2, 2, 2, 4 ),
 ( 0.000000000000000000, 0.1250000000000248690, 0.1875000000000250910, 0.2500000000000253131, 0.3750000000000063838, 0.4374999999999968914, 0.4999999999999874545, 0.7499999999999937828, 1.000000000000000000 ),
 .UNSPECIFIED. ) ;
#7139 = ORIENTED_EDGE ( 'NONE', *, *, #2342, .T. ) ;
#7140 = AXIS2_PLACEMENT_3D ( 'NONE', #1511, #1464, #2310 ) ;
#7141 = VECTOR ( 'NONE', #3434, 1000.000000000000000 ) ;
#7142 = CARTESIAN_POINT ( 'NONE',  ( -42.91599376778211905, 1.000943407138265277E-12, -8.129377638593412891E-15 ) ) ;
#7143 = CYLINDRICAL_SURFACE ( 'NONE', #8277, 3.950000000000002842 ) ;
#7144 = CARTESIAN_POINT ( 'NONE',  ( -29.29999999999997939, 15.00000000000088818, -15.00000000000006928 ) ) ;
#7145 = AXIS2_PLACEMENT_3D ( 'NONE', #3108, #2553, #2412 ) ;
#7146 = DIRECTION ( 'NONE',  ( 0.000000000000000000, 0.000000000000000000, 1.000000000000000000 ) ) ;
#7147 = DIRECTION ( 'NONE',  ( -1.000000000000000000, 2.161476583036237957E-16, 5.473344771987708442E-16 ) ) ;
#7148 = EDGE_LOOP ( 'NONE', ( #7914, #1204, #8012, #2769, #5011 ) ) ;
#7149 = VECTOR ( 'NONE', #7506, 1000.000000000000114 ) ;
#7150 = DIRECTION ( 'NONE',  ( -0.000000000000000000, -0.9999167070499446197, -0.01290654726854656605 ) ) ;
#7151 = ORIENTED_EDGE ( 'NONE', *, *, #8270, .T. ) ;
#7152 = AXIS2_PLACEMENT_3D ( 'NONE', #1598, #5558, #3860 ) ;
#7153 = VERTEX_POINT ( 'NONE', #3647 ) ;
#7154 = DIRECTION ( 'NONE',  ( 0.000000000000000000, 0.000000000000000000, -1.000000000000000000 ) ) ;
#7155 = ADVANCED_FACE ( 'NONE', ( #3600 ), #6691, .F. ) ;
#7156 = FACE_OUTER_BOUND ( 'NONE', #2224, .T. ) ;
#7157 = VERTEX_POINT ( 'NONE', #5901 ) ;
#7158 = CARTESIAN_POINT ( 'NONE',  ( -31.79999999999998650, -4.049999999998864730, -36.76039406148825606 ) ) ;
#7159 = LINE ( 'NONE', #114, #8467 ) ;
#7160 = CARTESIAN_POINT ( 'NONE',  ( -39.92017501842903471, 32.97598580441740523, 4.492026652257683494 ) ) ;
#7161 = DIRECTION ( 'NONE',  ( -1.000000000000000000, 4.440892098500626162E-16, 2.121142188857532135E-16 ) ) ;
#7162 = ORIENTED_EDGE ( 'NONE', *, *, #4478, .T. ) ;
#7163 = VECTOR ( 'NONE', #3877, 1000.000000000000114 ) ;
#7164 = ORIENTED_EDGE ( 'NONE', *, *, #5285, .F. ) ;
#7165 = CARTESIAN_POINT ( 'NONE',  ( -33.69999999999999574, 32.78040843101910440, -2.115027806509214958 ) ) ;
#7166 = EDGE_CURVE ( 'NONE', #6712, #5114, #7692, .T. ) ;
#7167 = EDGE_CURVE ( 'NONE', #3230, #8006, #6578, .T. ) ;
#7168 = DIRECTION ( 'NONE',  ( 1.000000000000000000, 1.175656832681595541E-18, -2.479139147737537908E-18 ) ) ;
#7169 = ORIENTED_EDGE ( 'NONE', *, *, #5391, .F. ) ;
#7170 = CARTESIAN_POINT ( 'NONE',  ( -25.19999999999997797, 17.72403791909879445, -20.90202088431346183 ) ) ;
#7171 = VECTOR ( 'NONE', #9790, 1000.000000000000227 ) ;
#7172 = CARTESIAN_POINT ( 'NONE',  ( -33.32499999999999574, 30.61959156899271761, 2.115027806485721307 ) ) ;
#7173 = VERTEX_POINT ( 'NONE', #2087 ) ;
#7174 = DIRECTION ( 'NONE',  ( 0.000000000000000000, 0.000000000000000000, 1.000000000000000000 ) ) ;
#7175 = VECTOR ( 'NONE', #9609, 999.9999999999998863 ) ;
#7176 = CYLINDRICAL_SURFACE ( 'NONE', #2991, 33.00000000000000000 ) ;
#7177 = FACE_OUTER_BOUND ( 'NONE', #418, .T. ) ;
#7178 = CIRCLE ( 'NONE', #9731, 0.5000000000000190958 ) ;
#7179 = ORIENTED_EDGE ( 'NONE', *, *, #6750, .T. ) ;
#7180 = CIRCLE ( 'NONE', #7976, 29.50000000000000711 ) ;
#7181 = EDGE_CURVE ( 'NONE', #7093, #2844, #8982, .T. ) ;
#7182 = VERTEX_POINT ( 'NONE', #3042 ) ;
#7183 = EDGE_CURVE ( 'NONE', #5146, #7508, #2260, .T. ) ;
#7184 = DIRECTION ( 'NONE',  ( 1.348081413631192369E-15, 1.000000000000000000, 0.000000000000000000 ) ) ;
#7185 = CIRCLE ( 'NONE', #6707, 1.249999999999994227 ) ;
#7186 = CARTESIAN_POINT ( 'NONE',  ( -3.500000000000008882, -1.649999999999858913, -12.50000000000000000 ) ) ;
#7187 = LINE ( 'NONE', #6535, #7141 ) ;
#7188 = AXIS2_PLACEMENT_3D ( 'NONE', #6248, #8579, #2333 ) ;
#7189 = CARTESIAN_POINT ( 'NONE',  ( -29.49999999999998934, 31.79094230992348002, 1.126181537092746615E-13 ) ) ;
#7190 = DIRECTION ( 'NONE',  ( 0.000000000000000000, 0.000000000000000000, -1.000000000000000000 ) ) ;
#7191 = AXIS2_PLACEMENT_3D ( 'NONE', #5777, #5721, #2062 ) ;
#7192 = EDGE_CURVE ( 'NONE', #5882, #9876, #4985, .T. ) ;
#7194 = ORIENTED_EDGE ( 'NONE', *, *, #6576, .F. ) ;
#7193 = ADVANCED_FACE ( 'NONE', ( #8182 ), #6049, .T. ) ;
#7195 = CARTESIAN_POINT ( 'NONE',  ( -30.90000000000000213, -19.23499999999998877, -19.23499999999998167 ) ) ;
#7196 = CARTESIAN_POINT ( 'NONE',  ( -32.39999999999998437, 31.91870648514020559, 4.948350868272410885 ) ) ;
#7197 = DIRECTION ( 'NONE',  ( -1.000000000000000000, -1.175656832681595541E-18, 2.479139147737537908E-18 ) ) ;
#7198 = CARTESIAN_POINT ( 'NONE',  ( -25.19999999999997797, 13.28949793360104792, -16.89121196084472487 ) ) ;
#7199 = DIRECTION ( 'NONE',  ( 5.519574696289840845E-16, 0.000000000000000000, 1.000000000000000000 ) ) ;
#7200 = DIRECTION ( 'NONE',  ( 1.000000000000000000, 1.175656832681595541E-18, -2.479139147737537908E-18 ) ) ;
#7201 = CARTESIAN_POINT ( 'NONE',  ( -30.69999999999998508, -31.79094230992150116, 2.949999999999865619 ) ) ;
#7202 = VERTEX_POINT ( 'NONE', #7488 ) ;
#7203 = ORIENTED_EDGE ( 'NONE', *, *, #7724, .T. ) ;
#7204 = CARTESIAN_POINT ( 'NONE',  ( -32.89999999999999858, 32.16211086016821241, 4.510354349690485876 ) ) ;
#7205 = DIRECTION ( 'NONE',  ( 0.000000000000000000, -1.000000000000000000, 0.000000000000000000 ) ) ;
#7206 = EDGE_LOOP ( 'NONE', ( #3723, #8386, #8841, #9522, #1717 ) ) ;
#7207 = DIRECTION ( 'NONE',  ( 1.000000000000000000, -1.348081413631192369E-15, -3.190558386184555325E-16 ) ) ;
#7208 = CIRCLE ( 'NONE', #4832, 2.600000000000000089 ) ;
#7209 = DIRECTION ( 'NONE',  ( 0.000000000000000000, 0.000000000000000000, 1.000000000000000000 ) ) ;
#7210 = CYLINDRICAL_SURFACE ( 'NONE', #5117, 2.000000000000005329 ) ;
#7211 = CARTESIAN_POINT ( 'NONE',  ( -32.39999999999997016, 9.968154773831727766E-13, -1.387778780781445676E-14 ) ) ;
#7212 = ORIENTED_EDGE ( 'NONE', *, *, #7843, .F. ) ;
#7213 = ORIENTED_EDGE ( 'NONE', *, *, #8338, .T. ) ;
#7214 = CARTESIAN_POINT ( 'NONE',  ( -33.89999999999998437, -13.74999999999880096, 15.00000000000015099 ) ) ;
#7215 = DIRECTION ( 'NONE',  ( -1.000000000000000000, 4.440892098500626162E-16, 2.121142188857532135E-16 ) ) ;
#7216 = ORIENTED_EDGE ( 'NONE', *, *, #3335, .T. ) ;
#7217 = CARTESIAN_POINT ( 'NONE',  ( -33.89999999999999858, -16.24999999999899458, -14.99999999999995204 ) ) ;
#7218 = LINE ( 'NONE', #2436, #748 ) ;
#7219 = ORIENTED_EDGE ( 'NONE', *, *, #871, .T. ) ;
#7220 = CARTESIAN_POINT ( 'NONE',  ( -23.49999999999997868, 13.75000000000089173, -15.00000000000006928 ) ) ;
#7221 = CYLINDRICAL_SURFACE ( 'NONE', #2494, 2.249999999999998668 ) ;
#7222 = EDGE_CURVE ( 'NONE', #2268, #8240, #2574, .T. ) ;
#7223 = EDGE_CURVE ( 'NONE', #928, #7726, #5628, .T. ) ;
#7224 = DIRECTION ( 'NONE',  ( -1.000000000000000000, -1.175656832681595541E-18, 2.479139147737537908E-18 ) ) ;
#7225 = ORIENTED_EDGE ( 'NONE', *, *, #1556, .F. ) ;
#7226 = CIRCLE ( 'NONE', #2582, 0.5000000000000119904 ) ;
#7227 = ORIENTED_EDGE ( 'NONE', *, *, #8170, .T. ) ;
#7228 = DIRECTION ( 'NONE',  ( 0.000000000000000000, 0.4549088130556911413, -0.8905380237835228696 ) ) ;
#7229 = ORIENTED_EDGE ( 'NONE', *, *, #9558, .F. ) ;
#7230 = PRODUCT_DEFINITION_CONTEXT ( 'detailed design', #3229, 'design' ) ;
#7231 = AXIS2_PLACEMENT_3D ( 'NONE', #6504, #6455, #1848 ) ;
#7232 = CARTESIAN_POINT ( 'NONE',  ( -29.30000000000001137, -17.72403791909672321, -20.90202088431339078 ) ) ;
#7233 = EDGE_CURVE ( 'NONE', #9255, #6057, #7527, .T. ) ;
#7234 = EDGE_CURVE ( 'NONE', #5622, #5552, #3870, .T. ) ;
#7235 = EDGE_CURVE ( 'NONE', #6253, #1170, #9128, .T. ) ;
#7236 = FACE_OUTER_BOUND ( 'NONE', #537, .T. ) ;
#7237 = DIRECTION ( 'NONE',  ( 0.7071067811865359154, 0.000000000000000000, -0.7071067811865591191 ) ) ;
#7238 = AXIS2_PLACEMENT_3D ( 'NONE', #6433, #188, #1135 ) ;
#7239 = ORIENTED_EDGE ( 'NONE', *, *, #3523, .F. ) ;
#7240 = CARTESIAN_POINT ( 'NONE',  ( -32.89999999999998437, 32.41889583625843585, -4.948350868272187064 ) ) ;
#7241 = FACE_BOUND ( 'NONE', #3996, .T. ) ;
#7242 = FACE_OUTER_BOUND ( 'NONE', #675, .T. ) ;
#7243 = CARTESIAN_POINT ( 'NONE',  ( -23.49999999999998224, 4.000000000000993872, 24.67792535850613334 ) ) ;
#7244 = EDGE_CURVE ( 'NONE', #9632, #4312, #845, .T. ) ;
#7245 = CARTESIAN_POINT ( 'NONE',  ( -29.29999999999997939, 17.72403791909879445, -20.90202088431346539 ) ) ;
#7246 = DIRECTION ( 'NONE',  ( 1.000000000000000000, -2.161476583036237957E-16, -5.473344771987708442E-16 ) ) ;
#7247 = CARTESIAN_POINT ( 'NONE',  ( -42.91599376778211905, 1.000943407138265277E-12, -8.129377638593412891E-15 ) ) ;
#7248 = ORIENTED_EDGE ( 'NONE', *, *, #4501, .T. ) ;
#7249 = ORIENTED_EDGE ( 'NONE', *, *, #9324, .T. ) ;
#7250 = CARTESIAN_POINT ( 'NONE',  ( -32.40000000000000568, -30.91512962736366887, 1.211326476013453224 ) ) ;
#7251 = DIRECTION ( 'NONE',  ( -1.000000000000000000, 4.440892098500626162E-16, 2.121142188857532135E-16 ) ) ;
#7252 = ORIENTED_EDGE ( 'NONE', *, *, #2702, .T. ) ;
#7253 = DIRECTION ( 'NONE',  ( 1.000000000000000000, -4.440892098500626162E-16, -2.121142188857532135E-16 ) ) ;
#7254 = DIRECTION ( 'NONE',  ( 1.000000000000000000, -2.161476583036237957E-16, -5.473344771987708442E-16 ) ) ;
#7255 = DIRECTION ( 'NONE',  ( 1.349229370204183383E-15, 1.000000000000000000, 0.000000000000000000 ) ) ;
#7256 = CARTESIAN_POINT ( 'NONE',  ( -30.89999999999998437, 28.12890625000001421, -4.584172027608764743 ) ) ;
#7257 = CONICAL_SURFACE ( 'NONE', #7424, 15.20000000000001883, 0.7853981633974569387 ) ;
#7258 = CARTESIAN_POINT ( 'NONE',  ( -33.89999999999998437, 15.00000000000089706, -15.00000000000005151 ) ) ;
#7259 = ORIENTED_EDGE ( 'NONE', *, *, #4193, .T. ) ;
#7260 = ORIENTED_EDGE ( 'NONE', *, *, #9387, .F. ) ;
#7261 = DIRECTION ( 'NONE',  ( 1.345039216880567882E-15, 1.000000000000000000, 0.000000000000000000 ) ) ;
#7262 = CARTESIAN_POINT ( 'NONE',  ( 70.33232511283227950, 17.99999999999991118, -2.243993897086055271E-14 ) ) ;
#7263 = EDGE_LOOP ( 'NONE', ( #3106, #6090 ) ) ;
#7264 = CARTESIAN_POINT ( 'NONE',  ( -32.89999999999998437, -31.91870648513825515, 4.448350868272160419 ) ) ;
#7265 = LINE ( 'NONE', #5081, #3371 ) ;
#7266 = EDGE_LOOP ( 'NONE', ( #7333, #5409, #6794, #1425, #1452 ) ) ;
#7267 = CIRCLE ( 'NONE', #1087, 2.249999999999998668 ) ;
#7268 = CARTESIAN_POINT ( 'NONE',  ( -32.89999999999998437, 15.00000000000089706, -12.40000000000005365 ) ) ;
#7269 = CARTESIAN_POINT ( 'NONE',  ( -28.99999999999998934, -14.99999999999888978, -17.60000000000006537 ) ) ;
#7270 = EDGE_LOOP ( 'NONE', ( #5719, #2245, #8202, #5385, #5368 ) ) ;
#7271 = ORIENTED_EDGE ( 'NONE', *, *, #3334, .T. ) ;
#7272 = EDGE_LOOP ( 'NONE', ( #710, #8325, #2426, #4039 ) ) ;
#7273 = DIRECTION ( 'NONE',  ( -1.802105957738694902E-14, 3.789853404556771174E-28, -1.000000000000000000 ) ) ;
#7274 = ORIENTED_EDGE ( 'NONE', *, *, #738, .T. ) ;
#7275 = ORIENTED_EDGE ( 'NONE', *, *, #6026, .T. ) ;
#7276 = ADVANCED_FACE ( 'NONE', ( #4699 ), #7739, .F. ) ;
#7277 = DIRECTION ( 'NONE',  ( -1.000000000000000000, 4.440892098500626162E-16, 2.121142188857532135E-16 ) ) ;
#7278 = LINE ( 'NONE', #1232, #5398 ) ;
#7279 = DIRECTION ( 'NONE',  ( 0.000000000000000000, 0.000000000000000000, 1.000000000000000000 ) ) ;
#7280 = DIRECTION ( 'NONE',  ( 6.938893903907226405E-16, 0.000000000000000000, 1.000000000000000000 ) ) ;
#7281 = EDGE_LOOP ( 'NONE', ( #5859, #4939, #5750, #2901 ) ) ;
#7282 = AXIS2_PLACEMENT_3D ( 'NONE', #9344, #2493, #6403 ) ;
#7283 = ADVANCED_FACE ( 'NONE', ( #3898 ), #6938, .F. ) ;
#7284 = CIRCLE ( 'NONE', #7610, 3.750000000000000000 ) ;
#7285 = EDGE_CURVE ( 'NONE', #1466, #9003, #1346, .T. ) ;
#7286 = DIRECTION ( 'NONE',  ( 1.000000000000000000, -4.440892098500626162E-16, -2.121142188857532135E-16 ) ) ;
#7287 = CARTESIAN_POINT ( 'NONE',  ( -22.19999999999996732, 33.30000000000099192, -8.371220657317960737E-15 ) ) ;
#7288 = FACE_OUTER_BOUND ( 'NONE', #1255, .T. ) ;
#7289 = CARTESIAN_POINT ( 'NONE',  ( -33.89999999999998437, 17.55000000000089599, -15.00000000000006750 ) ) ;
#7290 = DIRECTION ( 'NONE',  ( -4.167503846190527060E-16, -1.000000000000000000, 2.602362769721366931E-13 ) ) ;
#7291 = CONICAL_SURFACE ( 'NONE', #8408, 34.50000000000000000, 0.7853981633974621568 ) ;
#7292 = AXIS2_PLACEMENT_3D ( 'NONE', #904, #3353, #858 ) ;
#7293 = CARTESIAN_POINT ( 'NONE',  ( -29.29999999999995808, 19.23330444827523777, 19.23330444827390906 ) ) ;
#7294 = CARTESIAN_POINT ( 'NONE',  ( -28.99999999999998934, 15.00000000000089706, -15.00000000000005151 ) ) ;
#7295 = ORIENTED_EDGE ( 'NONE', *, *, #5591, .T. ) ;
#7296 = VECTOR ( 'NONE', #9332, 1000.000000000000000 ) ;
#7297 = ORIENTED_EDGE ( 'NONE', *, *, #2851, .T. ) ;
#7298 = CARTESIAN_POINT ( 'NONE',  ( -32.89999999999998437, 31.91870648514021624, 4.448350868272410885 ) ) ;
#7299 = EDGE_CURVE ( 'NONE', #373, #1104, #7824, .T. ) ;
#7300 = ADVANCED_FACE ( 'NONE', ( #1029 ), #181, .F. ) ;
#7301 = CARTESIAN_POINT ( 'NONE',  ( -33.69999999999999574, 32.48487037263634392, 1.211326476013237397 ) ) ;
#7302 = AXIS2_PLACEMENT_3D ( 'NONE', #3921, #9262, #254 ) ;
#7303 = ORIENTED_EDGE ( 'NONE', *, *, #6528, .F. ) ;
#7304 = LINE ( 'NONE', #1951, #6673 ) ;
#7305 = LINE ( 'NONE', #2749, #7519 ) ;
#7306 = CARTESIAN_POINT ( 'NONE',  ( -29.29999999999997584, 20.90202088431444238, -17.72403791909765403 ) ) ;
#7307 = AXIS2_PLACEMENT_3D ( 'NONE', #5927, #2910, #4522 ) ;
#7308 = VECTOR ( 'NONE', #1074, 1000.000000000000000 ) ;
#7309 = AXIS2_PLACEMENT_3D ( 'NONE', #354, #8498, #1761 ) ;
#7310 = CARTESIAN_POINT ( 'NONE',  ( -31.79999999999998650, -6.549999999998880718, -32.64946400785169800 ) ) ;
#7311 = AXIS2_PLACEMENT_3D ( 'NONE', #5465, #4758, #8490 ) ;
#7312 = CARTESIAN_POINT ( 'NONE',  ( -29.29999999999995808, 19.23330444827523777, 19.23330444827390906 ) ) ;
#7313 = EDGE_LOOP ( 'NONE', ( #8637, #384, #7975, #5681 ) ) ;
#7314 = EDGE_LOOP ( 'NONE', ( #7476, #6408, #9620, #459 ) ) ;
#7315 = LINE ( 'NONE', #521, #8624 ) ;
#7316 = AXIS2_PLACEMENT_3D ( 'NONE', #3960, #1546, #2400 ) ;
#7317 = EDGE_CURVE ( 'NONE', #9673, #7182, #4128, .T. ) ;
#7318 = DIRECTION ( 'NONE',  ( -1.000000000000000000, 2.161476583036237957E-16, 5.473344771987708442E-16 ) ) ;
#7319 = ORIENTED_EDGE ( 'NONE', *, *, #7317, .F. ) ;
#7320 = ADVANCED_FACE ( 'NONE', ( #5535 ), #323, .F. ) ;
#7321 = DIRECTION ( 'NONE',  ( 1.000000000000000000, -1.348081413631192369E-15, -3.190558386184555325E-16 ) ) ;
#7322 = FACE_OUTER_BOUND ( 'NONE', #4412, .T. ) ;
#7323 = ORIENTED_EDGE ( 'NONE', *, *, #5837, .T. ) ;
#7324 = CIRCLE ( 'NONE', #4293, 0.5000000000000004441 ) ;
#7325 = CARTESIAN_POINT ( 'NONE',  ( -39.92017501842903471, 30.97598580441740168, 4.492026652257683494 ) ) ;
#7326 = DIRECTION ( 'NONE',  ( 1.000000000000000000, 1.175656832681595541E-18, -2.479139147737537908E-18 ) ) ;
#7327 = AXIS2_PLACEMENT_3D ( 'NONE', #7196, #1147, #347 ) ;
#7328 = CARTESIAN_POINT ( 'NONE',  ( -32.69508667774754684, -31.82493143843176497, 3.949999999999867839 ) ) ;
#7329 = ORIENTED_EDGE ( 'NONE', *, *, #8963, .T. ) ;
#7330 = ORIENTED_EDGE ( 'NONE', *, *, #8629, .T. ) ;
#7331 = ORIENTED_EDGE ( 'NONE', *, *, #3617, .T. ) ;
#7332 = FACE_BOUND ( 'NONE', #2421, .T. ) ;
#7333 = ORIENTED_EDGE ( 'NONE', *, *, #343, .T. ) ;
#7334 = VERTEX_POINT ( 'NONE', #4881 ) ;
#7335 = AXIS2_PLACEMENT_3D ( 'NONE', #2689, #6644, #1894 ) ;
#7336 = CARTESIAN_POINT ( 'NONE',  ( -1.907535200288136796E-14, -14.14999999999999503, -4.918226685314048538E-16 ) ) ;
#7337 = LINE ( 'NONE', #339, #121 ) ;
#7338 = AXIS2_PLACEMENT_3D ( 'NONE', #1333, #2231, #7386 ) ;
#7339 = DIRECTION ( 'NONE',  ( 0.000000000000000000, 1.000000000000000000, 3.890984756615977524E-15 ) ) ;
#7340 = CIRCLE ( 'NONE', #3182, 26.60000000000000142 ) ;
#7341 = CARTESIAN_POINT ( 'NONE',  ( -33.89999999999998437, 15.00000000000088995, -15.00000000000006750 ) ) ;
#7342 = ORIENTED_EDGE ( 'NONE', *, *, #7592, .F. ) ;
#7343 = CIRCLE ( 'NONE', #4000, 1.249999999999994227 ) ;
#7344 = DIRECTION ( 'NONE',  ( 5.531002387172428574E-16, 0.000000000000000000, 1.000000000000000000 ) ) ;
#7345 = CARTESIAN_POINT ( 'NONE',  ( 9.908398390154197194E-15, 7.349999999973988452, 1.228958387053729794E-46 ) ) ;
#7346 = CIRCLE ( 'NONE', #8619, 5.000000000000001776 ) ;
#7347 = DIRECTION ( 'NONE',  ( 1.000000000000000000, -1.348081413631192369E-15, -3.190558386184555325E-16 ) ) ;
#7348 = CARTESIAN_POINT ( 'NONE',  ( -32.39999999999996305, 9.922618282587336580E-13, -1.474514954580286030E-14 ) ) ;
#7349 = FACE_OUTER_BOUND ( 'NONE', #4718, .T. ) ;
#7350 = CARTESIAN_POINT ( 'NONE',  ( -83.77726090546464377, 9.946990652005932957E-13, -1.094535733474896288E-14 ) ) ;
#7351 = EDGE_CURVE ( 'NONE', #3174, #9455, #1676, .T. ) ;
#7352 = DIRECTION ( 'NONE',  ( 0.000000000000000000, 0.000000000000000000, 1.000000000000000000 ) ) ;
#7353 = ORIENTED_EDGE ( 'NONE', *, *, #4311, .T. ) ;
#7354 = ORIENTED_EDGE ( 'NONE', *, *, #5541, .F. ) ;
#7355 = CARTESIAN_POINT ( 'NONE',  ( -25.19999999999996376, 19.23330444827523777, 19.23330444827390906 ) ) ;
#7356 = ORIENTED_EDGE ( 'NONE', *, *, #5104, .F. ) ;
#7357 = FACE_OUTER_BOUND ( 'NONE', #3833, .T. ) ;
#7358 = DIRECTION ( 'NONE',  ( -0.000000000000000000, 0.4549088130556909748, -0.8905380237835228696 ) ) ;
#7359 = CARTESIAN_POINT ( 'NONE',  ( -29.29999999999998650, -14.99999999999879741, 15.00000000000014921 ) ) ;
#7360 = AXIS2_PLACEMENT_3D ( 'NONE', #6316, #8701, #7862 ) ;
#7361 = EDGE_CURVE ( 'NONE', #6876, #2560, #7079, .T. ) ;
#7362 = DIRECTION ( 'NONE',  ( -1.000000000000000000, -1.175656832681585912E-18, -4.574462814975471632E-33 ) ) ;
#7363 = EDGE_CURVE ( 'NONE', #7157, #1154, #5585, .T. ) ;
#7364 =( BOUNDED_SURFACE ( )  B_SPLINE_SURFACE ( 3, 3, ( 
 ( #6579, #5789, #4136, #1968 ),
 ( #6526, #4841, #7328, #3536 ),
 ( #2719, #9575, #3381, #5685 ),
 ( #4182, #2662, #4277, #9624 ) ),
 .UNSPECIFIED., .F., .F., .F. ) 
 B_SPLINE_SURFACE_WITH_KNOTS ( ( 4, 4 ),
 ( 4, 4 ),
 ( 0.000000000000000000, 1.000000000000000000 ),
 ( 0.000000000000000000, 1.000000000000000000 ),
 .UNSPECIFIED. ) 
 GEOMETRIC_REPRESENTATION_ITEM ( )  RATIONAL_B_SPLINE_SURFACE ( (
 ( 1.000000000000000000, 0.9999444713666300055, 0.9999444713666300055, 1.000000000000000000),
 ( 0.8025111867385930076, 0.8024666243891293016, 0.8024666243891293016, 0.8025111867385930076),
 ( 0.8025111867385930076, 0.8024666243891293016, 0.8024666243891293016, 0.8025111867385930076),
 ( 1.000000000000000000, 0.9999444713666300055, 0.9999444713666300055, 1.000000000000000000) ) ) 
 REPRESENTATION_ITEM ( '' )  SURFACE ( )  );
#7365 = CARTESIAN_POINT ( 'NONE',  ( -23.49999999999999645, -30.44999999999903295, -1.335594022029311054E-14 ) ) ;
#7366 = VERTEX_POINT ( 'NONE', #4083 ) ;
#7367 = VERTEX_POINT ( 'NONE', #5443 ) ;
#7368 = FACE_OUTER_BOUND ( 'NONE', #9069, .T. ) ;
#7369 = AXIS2_PLACEMENT_3D ( 'NONE', #855, #6953, #3203 ) ;
#7370 = CARTESIAN_POINT ( 'NONE',  ( -29.29999999999999361, -17.72403791909671966, -20.90202088431339433 ) ) ;
#7371 = ORIENTED_EDGE ( 'NONE', *, *, #2473, .F. ) ;
#7372 = DIRECTION ( 'NONE',  ( 1.000000000000000000, -4.440892098500626162E-16, -2.121142188857532135E-16 ) ) ;
#7373 = CARTESIAN_POINT ( 'NONE',  ( -4.999999999999960032, 33.00000000000000711, 1.595279193092283776E-15 ) ) ;
#7374 = ORIENTED_EDGE ( 'NONE', *, *, #3122, .T. ) ;
#7375 = CARTESIAN_POINT ( 'NONE',  ( -33.39999999999998437, -34.33129643109944595, -3.407651003244102306 ) ) ;
#7376 = PLANE ( 'NONE',  #6495 ) ;
#7377 = EDGE_CURVE ( 'NONE', #1577, #6753, #2887, .T. ) ;
#7378 = DIRECTION ( 'NONE',  ( -1.000000000000000000, 2.161476583036224152E-16, 5.473344771987640402E-16 ) ) ;
#7379 = ORIENTED_EDGE ( 'NONE', *, *, #9739, .T. ) ;
#7380 = ORIENTED_EDGE ( 'NONE', *, *, #7723, .T. ) ;
#7381 = ORIENTED_EDGE ( 'NONE', *, *, #4901, .T. ) ;
#7382 = CARTESIAN_POINT ( 'NONE',  ( -32.39999999999999147, -32.41870648513825159, 4.948350868272142655 ) ) ;
#7383 = ORIENTED_EDGE ( 'NONE', *, *, #9606, .F. ) ;
#7384 = ORIENTED_EDGE ( 'NONE', *, *, #1438, .T. ) ;
#7385 = DIRECTION ( 'NONE',  ( 1.349229370204183383E-15, 1.000000000000000000, 0.000000000000000000 ) ) ;
#7386 = DIRECTION ( 'NONE',  ( 1.348081413631192369E-15, 1.000000000000000000, 0.000000000000000000 ) ) ;
#7387 = DIRECTION ( 'NONE',  ( -0.000000000000000000, -1.000000000000000000, 2.351580947978375814E-14 ) ) ;
#7388 = AXIS2_PLACEMENT_3D ( 'NONE', #6570, #2858, #4222 ) ;
#7389 = CARTESIAN_POINT ( 'NONE',  ( -32.90278339302003019, -31.90510557183098683, 4.158099975090605582 ) ) ;
#7390 = DIRECTION ( 'NONE',  ( 1.000000000000000000, 1.175656832681595541E-18, -2.479139147737537908E-18 ) ) ;
#7391 = DIRECTION ( 'NONE',  ( 1.000000000000000000, -4.440892098500626162E-16, -2.121142188857532135E-16 ) ) ;
#7392 = CARTESIAN_POINT ( 'NONE',  ( -31.67831216333638622, 31.69999999992893081, 1.135397427717756894E-10 ) ) ;
#7393 = DIRECTION ( 'NONE',  ( 4.552033172299451792E-16, 0.6707851240783664348, 0.7416517493508464343 ) ) ;
#7394 = AXIS2_PLACEMENT_3D ( 'NONE', #8741, #4442, #8696 ) ;
#7395 = DIRECTION ( 'NONE',  ( 1.000000000000000000, -2.161476583036237957E-16, -5.473344771987708442E-16 ) ) ;
#7396 = DIRECTION ( 'NONE',  ( -1.000000000000000000, -1.175656832681595541E-18, 2.479139147737537908E-18 ) ) ;
#7397 = ORIENTED_EDGE ( 'NONE', *, *, #8947, .F. ) ;
#7398 = ORIENTED_EDGE ( 'NONE', *, *, #6025, .T. ) ;
#7399 = FACE_OUTER_BOUND ( 'NONE', #3840, .T. ) ;
#7400 = EDGE_LOOP ( 'NONE', ( #3215, #4284, #3590, #2536 ) ) ;
#7401 = DIRECTION ( 'NONE',  ( 0.000000000000000000, 0.000000000000000000, 1.000000000000000000 ) ) ;
#7402 = AXIS2_PLACEMENT_3D ( 'NONE', #2724, #6583, #2077 ) ;
#7403 = DIRECTION ( 'NONE',  ( 1.000000000000000000, -1.348081413631192369E-15, -3.190558386184555325E-16 ) ) ;
#7404 = EDGE_CURVE ( 'NONE', #1355, #742, #1631, .T. ) ;
#7405 = LINE ( 'NONE', #3459, #6693 ) ;
#7406 = CARTESIAN_POINT ( 'NONE',  ( -32.89999999999998437, -31.16156764352874831, -10.23702644580557042 ) ) ;
#7407 = CARTESIAN_POINT ( 'NONE',  ( -32.39999999999998437, 31.79094230992348002, 1.126253432128031252E-13 ) ) ;
#7408 = ORIENTED_EDGE ( 'NONE', *, *, #7670, .T. ) ;
#7409 = ORIENTED_EDGE ( 'NONE', *, *, #6100, .F. ) ;
#7410 = CARTESIAN_POINT ( 'NONE',  ( -32.89999997588742531, 27.71518198273692235, 17.64849002122537414 ) ) ;
#7411 = CARTESIAN_POINT ( 'NONE',  ( -32.39999999999998437, 6.600000000001118750, -32.63939337671580887 ) ) ;
#7412 = ORIENTED_EDGE ( 'NONE', *, *, #7653, .F. ) ;
#7413 = CARTESIAN_POINT ( 'NONE',  ( -30.89999999999999147, -31.99999999999999289, 1.445144259030070897E-14 ) ) ;
#7414 = EDGE_CURVE ( 'NONE', #9550, #928, #9276, .T. ) ;
#7415 = CARTESIAN_POINT ( 'NONE',  ( -32.89999999999998437, -32.31840398927750613, 4.640293516596664780 ) ) ;
#7416 = ORIENTED_EDGE ( 'NONE', *, *, #3468, .F. ) ;
#7417 = EDGE_CURVE ( 'NONE', #8276, #2868, #5633, .T. ) ;
#7418 =( LENGTH_UNIT ( ) NAMED_UNIT ( * ) SI_UNIT ( .MILLI., .METRE. ) );
#7419 = DIRECTION ( 'NONE',  ( 0.000000000000000000, -1.000000000000000000, 0.000000000000000000 ) ) ;
#7420 = ORIENTED_EDGE ( 'NONE', *, *, #9807, .T. ) ;
#7421 = ORIENTED_EDGE ( 'NONE', *, *, #2172, .T. ) ;
#7422 = VERTEX_POINT ( 'NONE', #8518 ) ;
#7423 = CIRCLE ( 'NONE', #5679, 1.000000000000000000 ) ;
#7424 = AXIS2_PLACEMENT_3D ( 'NONE', #1090, #4147, #3642 ) ;
#7425 = DIRECTION ( 'NONE',  ( 1.000000000000000000, 1.175656832681595541E-18, -2.479139147737537908E-18 ) ) ;
#7426 = EDGE_LOOP ( 'NONE', ( #2078, #2360, #7554, #5136 ) ) ;
#7427 = EDGE_CURVE ( 'NONE', #9357, #650, #7912, .T. ) ;
#7428 = EDGE_LOOP ( 'NONE', ( #7248, #3184, #7467, #7595, #523 ) ) ;
#7429 = EDGE_CURVE ( 'NONE', #4580, #3537, #2374, .T. ) ;
#7430 = DIRECTION ( 'NONE',  ( 0.000000000000000000, 1.000000000000000000, 0.000000000000000000 ) ) ;
#7431 = DIRECTION ( 'NONE',  ( 1.000000000000000000, -4.440892098500626162E-16, -2.121142188857532135E-16 ) ) ;
#7432 = CARTESIAN_POINT ( 'NONE',  ( -33.69999999999999574, 31.04339568581389841, 1.285380919387391296 ) ) ;
#7433 = ADVANCED_FACE ( 'NONE', ( #1628 ), #124, .T. ) ;
#7434 = CARTESIAN_POINT ( 'NONE',  ( -32.90278339302004440, -31.89830709767089800, 4.158275508610138615 ) ) ;
#7435 = DIRECTION ( 'NONE',  ( 1.000000000000000000, -1.348081413631192369E-15, -3.190558386184555325E-16 ) ) ;
#7436 = CARTESIAN_POINT ( 'NONE',  ( -25.20000000000000639, -30.97598580441541216, -4.492026652257703923 ) ) ;
#7437 = CARTESIAN_POINT ( 'NONE',  ( -32.39999999999192681, 31.69999999999998508, -1.464757135027916490E-13 ) ) ;
#7438 = CARTESIAN_POINT ( 'NONE',  ( -33.89999999999999858, -12.44999999999900098, -14.99999999999995204 ) ) ;
#7439 = CARTESIAN_POINT ( 'NONE',  ( -32.89999999999998437, -21.70656175734091775, -24.58995822652286378 ) ) ;
#7440 = VERTEX_POINT ( 'NONE', #6521 ) ;
#7441 = ORIENTED_EDGE ( 'NONE', *, *, #7653, .T. ) ;
#7442 = CARTESIAN_POINT ( 'NONE',  ( -29.49999999999997158, 32.97598580441740523, -4.492026652257700370 ) ) ;
#7443 = ORIENTED_EDGE ( 'NONE', *, *, #9880, .T. ) ;
#7444 = CARTESIAN_POINT ( 'NONE',  ( -83.77726090546464377, 9.946990652005932957E-13, -1.094535733474896288E-14 ) ) ;
#7445 = CARTESIAN_POINT ( 'NONE',  ( -29.49999999999998934, -31.69999999999900808, 1.599999999999862865 ) ) ;
#7446 = CARTESIAN_POINT ( 'NONE',  ( -29.29999999999997229, 17.55000000000098836, 14.99999999999992717 ) ) ;
#7447 = CIRCLE ( 'NONE', #6653, 29.50000000000000711 ) ;
#7448 = LINE ( 'NONE', #7310, #2666 ) ;
#7449 = CARTESIAN_POINT ( 'NONE',  ( -20.89999999999999503, -19.23499999999999233, -19.23499999999998877 ) ) ;
#7450 = ORIENTED_EDGE ( 'NONE', *, *, #3094, .T. ) ;
#7451 = EDGE_CURVE ( 'NONE', #9503, #8867, #6470, .T. ) ;
#7452 = VERTEX_POINT ( 'NONE', #7264 ) ;
#7453 = CARTESIAN_POINT ( 'NONE',  ( -33.39999999999984936, -34.49999999999899813, -2.950000000000011724 ) ) ;
#7454 = FACE_OUTER_BOUND ( 'NONE', #4743, .T. ) ;
#7455 = VERTEX_POINT ( 'NONE', #1864 ) ;
#7456 = CARTESIAN_POINT ( 'NONE',  ( -30.69999999999999218, 31.69999999999998508, 2.749999999999853895 ) ) ;
#7457 = CIRCLE ( 'NONE', #8726, 1.649999999999995248 ) ;
#7458 = CIRCLE ( 'NONE', #4438, 3.749999999999998224 ) ;
#7459 = DIRECTION ( 'NONE',  ( -1.000000000000000000, 2.161476583036237957E-16, 5.473344771987708442E-16 ) ) ;
#7460 = VERTEX_POINT ( 'NONE', #6618 ) ;
#7461 = CARTESIAN_POINT ( 'NONE',  ( -32.89997726397891853, 31.91018405623499632, 4.453174044313605862 ) ) ;
#7462 = VECTOR ( 'NONE', #3214, 1000.000000000000114 ) ;
#7463 = DIRECTION ( 'NONE',  ( 0.000000000000000000, -2.498001805467856192E-13, 1.000000000000000000 ) ) ;
#7464 = EDGE_LOOP ( 'NONE', ( #1595, #9669, #8804, #8775 ) ) ;
#7465 = EDGE_CURVE ( 'NONE', #6529, #3783, #8007, .T. ) ;
#7466 = ADVANCED_FACE ( 'NONE', ( #475 ), #1150, .T. ) ;
#7467 = ORIENTED_EDGE ( 'NONE', *, *, #2343, .T. ) ;
#7468 = CIRCLE ( 'NONE', #607, 2.550000000000000266 ) ;
#7469 = CARTESIAN_POINT ( 'NONE',  ( 70.33232511283226529, -9.481370026207550088E-14, -2.243993897086055271E-14 ) ) ;
#7470 = ORIENTED_EDGE ( 'NONE', *, *, #885, .T. ) ;
#7471 = AXIS2_PLACEMENT_3D ( 'NONE', #9145, #2296, #6112 ) ;
#7472 = CARTESIAN_POINT ( 'NONE',  ( -30.89999999999998437, 32.00000000000000711, 1.800415626910122252E-14 ) ) ;
#7473 = EDGE_LOOP ( 'NONE', ( #221, #8353, #9373, #6183 ) ) ;
#7474 = CARTESIAN_POINT ( 'NONE',  ( -32.89999979425169840, -9.566819143451322560, 31.37460804296997452 ) ) ;
#7475 = AXIS2_PLACEMENT_3D ( 'NONE', #8340, #2243, #9894 ) ;
#7476 = ORIENTED_EDGE ( 'NONE', *, *, #5406, .F. ) ;
#7477 = MECHANICAL_DESIGN_GEOMETRIC_PRESENTATION_REPRESENTATION (  '', ( #3008 ), #3496 ) ;
#7478 = CYLINDRICAL_SURFACE ( 'NONE', #9526, 29.50000000000000711 ) ;
#7479 = DIRECTION ( 'NONE',  ( -1.000000000000000000, -1.175656832681595541E-18, 2.479139147737537908E-18 ) ) ;
#7480 = EDGE_CURVE ( 'NONE', #1863, #2142, #4994, .T. ) ;
#7481 = DIRECTION ( 'NONE',  ( 0.000000000000000000, 0.000000000000000000, 1.000000000000000000 ) ) ;
#7482 = ADVANCED_FACE ( 'NONE', ( #7962 ), #5781, .F. ) ;
#7483 = AXIS2_PLACEMENT_3D ( 'NONE', #1126, #127, #9323 ) ;
#7484 = CARTESIAN_POINT ( 'NONE',  ( -1.925929944387235853E-31, 5.192620723968377201E-46, 1.228958387053729794E-46 ) ) ;
#7485 = AXIS2_PLACEMENT_3D ( 'NONE', #400, #1341, #2046 ) ;
#7486 = DIRECTION ( 'NONE',  ( -4.167503846190527060E-16, -1.000000000000000000, 0.000000000000000000 ) ) ;
#7487 = VECTOR ( 'NONE', #1233, 1000.000000000000000 ) ;
#7488 = CARTESIAN_POINT ( 'NONE',  ( -1.499999999999959588, 31.00000000000000355, 3.747857279185714720E-15 ) ) ;
#7489 = CARTESIAN_POINT ( 'NONE',  ( -30.69999999999998508, -33.87364542785550725, 2.949999999999857181 ) ) ;
#7490 = DIRECTION ( 'NONE',  ( 0.000000000000000000, 0.4549088130557008003, -0.8905380237835177626 ) ) ;
#7491 = DIRECTION ( 'NONE',  ( 1.000000000000000000, -1.348081413631192369E-15, -3.190558386184555325E-16 ) ) ;
#7492 = EDGE_CURVE ( 'NONE', #6774, #5269, #598, .T. ) ;
#7493 = EDGE_CURVE ( 'NONE', #9775, #4532, #7457, .T. ) ;
#7494 = CARTESIAN_POINT ( 'NONE',  ( -32.89999995247484321, -30.17346697058289706, -12.86142275879730512 ) ) ;
#7495 = ORIENTED_EDGE ( 'NONE', *, *, #3940, .F. ) ;
#7496 = AXIS2_PLACEMENT_3D ( 'NONE', #5086, #8119, #530 ) ;
#7497 = VERTEX_POINT ( 'NONE', #2656 ) ;
#7498 = CIRCLE ( 'NONE', #2550, 2.550000000000000266 ) ;
#7499 = DIRECTION ( 'NONE',  ( 0.000000000000000000, 0.9999167070499449528, -0.01290654726851262618 ) ) ;
#7500 = ORIENTED_EDGE ( 'NONE', *, *, #2602, .F. ) ;
#7501 = CARTESIAN_POINT ( 'NONE',  ( -29.30000000000000071, -9.188524590163924088, -28.03249927951398490 ) ) ;
#7502 = FACE_OUTER_BOUND ( 'NONE', #2996, .T. ) ;
#7503 = CARTESIAN_POINT ( 'NONE',  ( -32.69508667774753974, 31.89289554065198473, 3.948684026197198715 ) ) ;
#7504 = AXIS2_PLACEMENT_3D ( 'NONE', #2286, #8381, #141 ) ;
#7505 = ORIENTED_EDGE ( 'NONE', *, *, #1118, .F. ) ;
#7506 = DIRECTION ( 'NONE',  ( 0.7071067811865405783, 0.7071067811865545671, -2.257348641228274807E-16 ) ) ;
#7507 = VERTEX_POINT ( 'NONE', #9567 ) ;
#7508 = VERTEX_POINT ( 'NONE', #7217 ) ;
#7509 = CARTESIAN_POINT ( 'NONE',  ( -22.70000000000001350, -31.70000000000002061, 6.409852547655119470E-14 ) ) ;
#7510 = DIRECTION ( 'NONE',  ( 1.000000000000000000, -4.440892098500626162E-16, -2.121142188857532135E-16 ) ) ;
#7511 = ORIENTED_EDGE ( 'NONE', *, *, #9194, .F. ) ;
#7512 = CYLINDRICAL_SURFACE ( 'NONE', #752, 30.75000000000000000 ) ;
#7513 = AXIS2_PLACEMENT_3D ( 'NONE', #7563, #7514, #8260 ) ;
#7514 = DIRECTION ( 'NONE',  ( -1.000000000000000000, -1.179389324206871456E-17, 8.825547355056098943E-16 ) ) ;
#7515 = EDGE_LOOP ( 'NONE', ( #2009, #474, #5884, #9818, #8620 ) ) ;
#7516 = CARTESIAN_POINT ( 'NONE',  ( -33.32500000000000995, -32.95099923590318269, 2.448979565404745262 ) ) ;
#7517 = DIRECTION ( 'NONE',  ( 0.000000000000000000, -1.000000000000000000, 0.000000000000000000 ) ) ;
#7518 = VERTEX_POINT ( 'NONE', #5830 ) ;
#7519 = VECTOR ( 'NONE', #6162, 1000.000000000000114 ) ;
#7520 = EDGE_LOOP ( 'NONE', ( #9219, #9896 ) ) ;
#7521 = DIRECTION ( 'NONE',  ( -1.000000000000000000, 4.440892098500626162E-16, 2.121142188857532135E-16 ) ) ;
#7522 = VERTEX_POINT ( 'NONE', #5678 ) ;
#7523 = CARTESIAN_POINT ( 'NONE',  ( -3.999999999999983569, 16.50000000000097700, 22.99999999999998579 ) ) ;
#7524 = EDGE_LOOP ( 'NONE', ( #2846, #9143 ) ) ;
#7525 = CARTESIAN_POINT ( 'NONE',  ( -32.89999983186690713, -2.304032918031658550, 32.71953030350568525 ) ) ;
#7526 = EDGE_LOOP ( 'NONE', ( #9696, #3430 ) ) ;
#7527 = CIRCLE ( 'NONE', #1784, 32.80000000000002558 ) ;
#7528 = EDGE_CURVE ( 'NONE', #2495, #7869, #2514, .T. ) ;
#7529 = EDGE_CURVE ( 'NONE', #6970, #8171, #6823, .T. ) ;
#7530 = CARTESIAN_POINT ( 'NONE',  ( -29.29999999999997939, 20.03330444827511059, -19.23330444827406538 ) ) ;
#7531 = CARTESIAN_POINT ( 'NONE',  ( -30.99999999999998579, -4.049999999998871836, -34.26145793745505586 ) ) ;
#7532 = DIRECTION ( 'NONE',  ( -1.000000000000000000, -1.175656832681595541E-18, 2.479139147737537908E-18 ) ) ;
#7533 = CARTESIAN_POINT ( 'NONE',  ( 70.33232511283227950, 9.499999999999904077, -2.243993897086055271E-14 ) ) ;
#7534 = CARTESIAN_POINT ( 'NONE',  ( -33.39999999999998437, 34.33129643110142837, 3.407651003244083210 ) ) ;
#7535 = EDGE_CURVE ( 'NONE', #2126, #1226, #3967, .T. ) ;
#7536 = DIRECTION ( 'NONE',  ( 0.000000000000000000, 1.000000000000000000, 0.000000000000000000 ) ) ;
#7537 = ADVANCED_FACE ( 'NONE', ( #1171 ), #568, .F. ) ;
#7538 = EDGE_CURVE ( 'NONE', #1824, #3537, #3311, .T. ) ;
#7539 = CARTESIAN_POINT ( 'NONE',  ( -32.39999999999326263, -30.91512962736366532, 1.211326476013453890 ) ) ;
#7540 = DIRECTION ( 'NONE',  ( -1.000000000000000000, 4.440892098500626162E-16, 2.121142188857532135E-16 ) ) ;
#7541 = DIRECTION ( 'NONE',  ( -1.000000000000000000, 4.440892098500626162E-16, 2.121142188857532135E-16 ) ) ;
#7542 = CARTESIAN_POINT ( 'NONE',  ( -32.89999997469935522, -28.38228909562339197, -16.44245530431165392 ) ) ;
#7543 = VERTEX_POINT ( 'NONE', #8912 ) ;
#7544 = CIRCLE ( 'NONE', #3567, 2.000000000000008882 ) ;
#7545 = ORIENTED_EDGE ( 'NONE', *, *, #3183, .F. ) ;
#7546 = CARTESIAN_POINT ( 'NONE',  ( -41.47991357707551430, -1.199999999998882849, -31.83191206961782171 ) ) ;
#7547 = ORIENTED_EDGE ( 'NONE', *, *, #2289, .T. ) ;
#7548 = DIRECTION ( 'NONE',  ( 1.000000000000000000, -1.349229370204182792E-15, -3.192373063429540231E-16 ) ) ;
#7549 = EDGE_CURVE ( 'NONE', #5240, #6204, #2507, .T. ) ;
#7550 = CARTESIAN_POINT ( 'NONE',  ( -25.19999999999997797, 16.89121196084546028, -13.28949793360012421 ) ) ;
#7551 = EDGE_CURVE ( 'NONE', #9424, #4078, #7782, .T. ) ;
#7552 = CARTESIAN_POINT ( 'NONE',  ( -22.70000000003631158, -31.70000000000002061, 6.418476861114186249E-14 ) ) ;
#7553 = AXIS2_PLACEMENT_3D ( 'NONE', #9858, #3975, #9305 ) ;
#7554 = ORIENTED_EDGE ( 'NONE', *, *, #5486, .T. ) ;
#7555 = DIRECTION ( 'NONE',  ( -1.000000000000000000, 4.440892098500626162E-16, 2.121142188857532135E-16 ) ) ;
#7556 = VERTEX_POINT ( 'NONE', #8164 ) ;
#7557 = ORIENTED_EDGE ( 'NONE', *, *, #7404, .F. ) ;
#7558 = CARTESIAN_POINT ( 'NONE',  ( -32.89999997191432612, 26.62287877643371203, 19.25678098467007615 ) ) ;
#7559 = AXIS2_PLACEMENT_3D ( 'NONE', #7832, #6388, #9282 ) ;
#7560 = CARTESIAN_POINT ( 'NONE',  ( -30.99999999999998579, 9.947611131479868873E-13, -1.107619950837005845E-14 ) ) ;
#7561 = ORIENTED_EDGE ( 'NONE', *, *, #3580, .F. ) ;
#7562 = LINE ( 'NONE', #6663, #7932 ) ;
#7563 = CARTESIAN_POINT ( 'NONE',  ( -22.69999999999999574, 31.69999999999998508, -1.550187484731752581E-13 ) ) ;
#7564 = ORIENTED_EDGE ( 'NONE', *, *, #7125, .F. ) ;
#7565 = EDGE_CURVE ( 'NONE', #3076, #1154, #9057, .T. ) ;
#7566 = CARTESIAN_POINT ( 'NONE',  ( -32.89997726397891853, 31.91444509321564738, 4.453119044457301889 ) ) ;
#7567 = ORIENTED_EDGE ( 'NONE', *, *, #9555, .T. ) ;
#7568 = VERTEX_POINT ( 'NONE', #4377 ) ;
#7569 = DIRECTION ( 'NONE',  ( 0.000000000000000000, -1.000000000000000000, 0.000000000000000000 ) ) ;
#7570 = ORIENTED_EDGE ( 'NONE', *, *, #7551, .F. ) ;
#7571 = CARTESIAN_POINT ( 'NONE',  ( -29.49999999999998579, 31.89289554065197763, 3.948684026197200048 ) ) ;
#7572 = EDGE_LOOP ( 'NONE', ( #8558, #6113, #8612, #7511 ) ) ;
#7573 = CARTESIAN_POINT ( 'NONE',  ( -32.89999989546432602, -8.885073616880930558, 31.57403240107785436 ) ) ;
#7574 = ORIENTED_EDGE ( 'NONE', *, *, #2874, .T. ) ;
#7575 = FACE_BOUND ( 'NONE', #5405, .T. ) ;
#7576 = SURFACE_SIDE_STYLE ('',( #9778 ) ) ;
#7577 = DIRECTION ( 'NONE',  ( -4.440892098500626162E-16, -1.000000000000000000, 0.000000000000000000 ) ) ;
#7578 = CARTESIAN_POINT ( 'NONE',  ( -32.39999999999998437, 31.90580101289612713, -4.448517447234578093 ) ) ;
#7579 = CARTESIAN_POINT ( 'NONE',  ( -29.29999999999997939, 16.89121196084546028, -13.28949793360012421 ) ) ;
#7580 = VECTOR ( 'NONE', #787, 1000.000000000000000 ) ;
#7581 = EDGE_CURVE ( 'NONE', #5979, #6951, #2350, .T. ) ;
#7582 = CARTESIAN_POINT ( 'NONE',  ( -29.50000000000000355, -30.44999999999903295, -1.335594022029311054E-14 ) ) ;
#7583 = CARTESIAN_POINT ( 'NONE',  ( -33.55932967307803949, 34.18547163229504093, 3.261826204437686894 ) ) ;
#7584 = DIRECTION ( 'NONE',  ( 0.000000000000000000, 0.000000000000000000, -1.000000000000000000 ) ) ;
#7585 = CIRCLE ( 'NONE', #2149, 0.7999999999999917177 ) ;
#7586 = DIRECTION ( 'NONE',  ( -1.000000000000000000, 4.440892098500626162E-16, 2.121142188857532135E-16 ) ) ;
#7587 = DIRECTION ( 'NONE',  ( 1.000000000000000000, 0.000000000000000000, -0.000000000000000000 ) ) ;
#7588 = FACE_OUTER_BOUND ( 'NONE', #6480, .T. ) ;
#7589 = CARTESIAN_POINT ( 'NONE',  ( -32.89999999100027139, -26.43488196345725783, -19.41786554404318821 ) ) ;
#7590 = VERTEX_POINT ( 'NONE', #8206 ) ;
#7591 = EDGE_CURVE ( 'NONE', #2844, #8368, #7562, .T. ) ;
#7592 = EDGE_CURVE ( 'NONE', #7854, #8680, #9531, .T. ) ;
#7593 = VERTEX_POINT ( 'NONE', #714 ) ;
#7594 = DIRECTION ( 'NONE',  ( 0.000000000000000000, 4.012321188919349177E-15, -1.000000000000000000 ) ) ;
#7595 = ORIENTED_EDGE ( 'NONE', *, *, #8032, .F. ) ;
#7596 = CYLINDRICAL_SURFACE ( 'NONE', #765, 2.550000000000000266 ) ;
#7597 = CARTESIAN_POINT ( 'NONE',  ( -30.89999999999998082, -15.00000000000004086, 18.74999999999996092 ) ) ;
#7598 = DIRECTION ( 'NONE',  ( -1.000000000000000000, 4.440892098500626162E-16, 2.121142188857532135E-16 ) ) ;
#7599 = EDGE_LOOP ( 'NONE', ( #6498, #5477, #5910, #3819 ) ) ;
#7600 = FACE_OUTER_BOUND ( 'NONE', #6181, .T. ) ;
#7601 = VERTEX_POINT ( 'NONE', #8964 ) ;
#7602 = EDGE_CURVE ( 'NONE', #4373, #2863, #2027, .T. ) ;
#7603 = ADVANCED_FACE ( 'NONE', ( #2112 ), #7512, .F. ) ;
#7604 = EDGE_LOOP ( 'NONE', ( #4084, #8174 ) ) ;
#7605 = CARTESIAN_POINT ( 'NONE',  ( -32.89999996643420843, 18.28992443148740321, 27.29617145892497376 ) ) ;
#7606 = LINE ( 'NONE', #1561, #7704 ) ;
#7607 = ORIENTED_EDGE ( 'NONE', *, *, #6853, .F. ) ;
#7608 = DIRECTION ( 'NONE',  ( -4.513101726118522915E-16, -1.000000000000000000, 0.000000000000000000 ) ) ;
#7609 = DIRECTION ( 'NONE',  ( -3.690901012716610650E-16, -1.000000000000000000, 0.000000000000000000 ) ) ;
#7610 = AXIS2_PLACEMENT_3D ( 'NONE', #7925, #3433, #9429 ) ;
#7611 = EDGE_LOOP ( 'NONE', ( #8591, #4906, #2761, #9853 ) ) ;
#7612 = DIRECTION ( 'NONE',  ( 0.000000000000000000, -1.000000000000000000, 0.000000000000000000 ) ) ;
#7613 = AXIS2_PLACEMENT_3D ( 'NONE', #8528, #9233, #1586 ) ;
#7614 = EDGE_LOOP ( 'NONE', ( #7655, #4930, #873, #2394, #3260, #5839 ) ) ;
#7615 = VECTOR ( 'NONE', #1389, 1000.000000000000000 ) ;
#7616 = EDGE_CURVE ( 'NONE', #1764, #3230, #4117, .T. ) ;
#7617 = ORIENTED_EDGE ( 'NONE', *, *, #5068, .F. ) ;
#7618 = EDGE_CURVE ( 'NONE', #7726, #981, #8890, .T. ) ;
#7619 = CARTESIAN_POINT ( 'NONE',  ( -25.19999999999999218, -14.99999999999900524, -14.99999999999995381 ) ) ;
#7620 = AXIS2_PLACEMENT_3D ( 'NONE', #5078, #8061, #8710 ) ;
#7621 = CIRCLE ( 'NONE', #753, 30.75000000000000000 ) ;
#7622 = CARTESIAN_POINT ( 'NONE',  ( -22.19999999999999574, -32.94999999999902229, -1.350902107018652948E-14 ) ) ;
#7623 = VERTEX_POINT ( 'NONE', #3770 ) ;
#7624 = CARTESIAN_POINT ( 'NONE',  ( -32.89999968395130736, -3.392119254255042904, 32.62485085335251966 ) ) ;
#7625 = ORIENTED_EDGE ( 'NONE', *, *, #3893, .T. ) ;
#7626 = AXIS2_PLACEMENT_3D ( 'NONE', #7759, #4823, #911 ) ;
#7627 = SURFACE_STYLE_USAGE ( .BOTH. , #880 ) ;
#7628 = DIRECTION ( 'NONE',  ( 1.000000000000000000, -1.348081413631192369E-15, -3.190558386184555325E-16 ) ) ;
#7629 = AXIS2_PLACEMENT_3D ( 'NONE', #4407, #4457, #654 ) ;
#7630 = PRESENTATION_LAYER_ASSIGNMENT (  '', '', ( #2665 ) ) ;
#7631 = CARTESIAN_POINT ( 'NONE',  ( -29.29999999999998295, 9.728927654278865694E-15, 1.535206426618293050E-14 ) ) ;
#7632 = AXIS2_PLACEMENT_3D ( 'NONE', #7407, #6655, #9002 ) ;
#7633 = LINE ( 'NONE', #586, #9333 ) ;
#7634 = CIRCLE ( 'NONE', #3327, 2.249999999999998668 ) ;
#7635 = CYLINDRICAL_SURFACE ( 'NONE', #4384, 2.000000000000005329 ) ;
#7636 = CIRCLE ( 'NONE', #939, 1.000000000000000888 ) ;
#7637 = CARTESIAN_POINT ( 'NONE',  ( -33.63881708268909421, 34.11246253946865181, 3.188817082689248572 ) ) ;
#7638 = CYLINDRICAL_SURFACE ( 'NONE', #189, 2.750000000000002665 ) ;
#7639 = DIRECTION ( 'NONE',  ( 1.000000000000000000, -2.161476583036237957E-16, -5.473344771987708442E-16 ) ) ;
#7640 = DIRECTION ( 'NONE',  ( 1.199860534837472267E-32, 5.551115123125791330E-17, -1.000000000000000000 ) ) ;
#7641 = DIRECTION ( 'NONE',  ( 0.000000000000000000, -1.000000000000000000, 0.000000000000000000 ) ) ;
#7642 =( GEOMETRIC_REPRESENTATION_CONTEXT ( 3 ) GLOBAL_UNCERTAINTY_ASSIGNED_CONTEXT ( ( #5742 ) ) GLOBAL_UNIT_ASSIGNED_CONTEXT ( ( #8763, #3476, #8813 ) ) REPRESENTATION_CONTEXT ( 'NONE', 'WORKASPACE' ) );
#7643 = FACE_OUTER_BOUND ( 'NONE', #9340, .T. ) ;
#7644 = CARTESIAN_POINT ( 'NONE',  ( -32.89999999999285052, -25.81134368959599357, -20.23894072481220263 ) ) ;
#7645 = VERTEX_POINT ( 'NONE', #6811 ) ;
#7646 = ORIENTED_EDGE ( 'NONE', *, *, #6853, .T. ) ;
#7647 = DIRECTION ( 'NONE',  ( -1.000000000000000000, 0.000000000000000000, -1.734723475976805517E-15 ) ) ;
#7648 = VERTEX_POINT ( 'NONE', #4419 ) ;
#7649 = LINE ( 'NONE', #1652, #8745 ) ;
#7650 = AXIS2_PLACEMENT_3D ( 'NONE', #3518, #8153, #4260 ) ;
#7651 = DIRECTION ( 'NONE',  ( 1.000000000000000000, 1.175656832681595541E-18, -2.479139147737537908E-18 ) ) ;
#7652 = CARTESIAN_POINT ( 'NONE',  ( -32.89997779355446283, 31.90592264230581065, 4.453228196504886327 ) ) ;
#7653 = EDGE_CURVE ( 'NONE', #421, #2918, #9008, .T. ) ;
#7654 = EDGE_CURVE ( 'NONE', #677, #8048, #9214, .T. ) ;
#7655 = ORIENTED_EDGE ( 'NONE', *, *, #2638, .T. ) ;
#7656 = LINE ( 'NONE', #2256, #3505 ) ;
#7657 = ORIENTED_EDGE ( 'NONE', *, *, #9269, .T. ) ;
#7658 = CIRCLE ( 'NONE', #3668, 30.75000000000000000 ) ;
#7659 = EDGE_LOOP ( 'NONE', ( #1115, #7808, #3805, #2567 ) ) ;
#7660 = FACE_OUTER_BOUND ( 'NONE', #5838, .T. ) ;
#7661 = CARTESIAN_POINT ( 'NONE',  ( -33.69999999999999574, 37.01046404397898471, 0.04578905552852065297 ) ) ;
#7662 = ORIENTED_EDGE ( 'NONE', *, *, #5702, .T. ) ;
#7663 = DIRECTION ( 'NONE',  ( 9.251858538542975772E-16, 0.000000000000000000, 1.000000000000000000 ) ) ;
#7664 = VECTOR ( 'NONE', #1681, 999.9999999999998863 ) ;
#7665 = LINE ( 'NONE', #8312, #1449 ) ;
#7666 = ORIENTED_EDGE ( 'NONE', *, *, #7125, .T. ) ;
#7667 = DIRECTION ( 'NONE',  ( 1.369518533665900410E-15, 1.000000000000000000, 0.000000000000000000 ) ) ;
#7668 = CIRCLE ( 'NONE', #314, 2.750000000000001776 ) ;
#7669 = EDGE_CURVE ( 'NONE', #9424, #1062, #8360, .T. ) ;
#7670 = EDGE_CURVE ( 'NONE', #6797, #2317, #4623, .T. ) ;
#7671 = ORIENTED_EDGE ( 'NONE', *, *, #6435, .F. ) ;
#7672 = ORIENTED_EDGE ( 'NONE', *, *, #9134, .F. ) ;
#7673 = CARTESIAN_POINT ( 'NONE',  ( -29.29999999999995808, 19.23330444827523777, 19.23330444827390906 ) ) ;
#7674 = CARTESIAN_POINT ( 'NONE',  ( -32.39999999999997726, -31.91870648513827646, 4.948350868272142655 ) ) ;
#7675 = ORIENTED_EDGE ( 'NONE', *, *, #6586, .F. ) ;
#7676 = CARTESIAN_POINT ( 'NONE',  ( -32.89999997807784382, -8.207139766667099323, 31.75956320215032846 ) ) ;
#7677 = VERTEX_POINT ( 'NONE', #9055 ) ;
#7678 = FILL_AREA_STYLE_COLOUR ( '', #6681 ) ;
#7679 = ADVANCED_FACE ( 'NONE', ( #8257 ), #617, .F. ) ;
#7680 = CARTESIAN_POINT ( 'NONE',  ( -29.29999999999998295, 9.728927654278865694E-15, 1.535206426618293050E-14 ) ) ;
#7681 = VECTOR ( 'NONE', #8553, 1000.000000000000000 ) ;
#7682 = CARTESIAN_POINT ( 'NONE',  ( -25.19999999999998863, 9.989894952270185060E-13, -34.50000000000001421 ) ) ;
#7683 = LINE ( 'NONE', #4921, #9825 ) ;
#7684 =( BOUNDED_CURVE ( )  B_SPLINE_CURVE ( 3, ( #6321, #7820, #9213, #978 ),
 .UNSPECIFIED., .F., .F. ) 
 B_SPLINE_CURVE_WITH_KNOTS ( ( 4, 4 ),
 ( 0.000000000000000000, 1.000000000000000000 ),
 .UNSPECIFIED. ) 
 CURVE ( )  GEOMETRIC_REPRESENTATION_ITEM ( )  RATIONAL_B_SPLINE_CURVE ( ( 1.000000000000000000, 0.3333333333333325932, 0.3333333333333325932, 1.000000000000000000 ) ) 
 REPRESENTATION_ITEM ( '' )  );
#7685 = DIRECTION ( 'NONE',  ( -1.000000000000000000, -1.175656832681595541E-18, 2.479139147737537908E-18 ) ) ;
#7686 = CIRCLE ( 'NONE', #4030, 33.30000000000001137 ) ;
#7687 = CARTESIAN_POINT ( 'NONE',  ( -30.89999999999999858, 9.188524590163948957, -28.03249927951398490 ) ) ;
#7688 = DIRECTION ( 'NONE',  ( 1.314184451497584957E-15, 1.000000000000000000, 0.000000000000000000 ) ) ;
#7689 = DIRECTION ( 'NONE',  ( 1.000000000000000000, -4.440892098500626162E-16, -2.121142188857532135E-16 ) ) ;
#7690 = DIRECTION ( 'NONE',  ( 0.000000000000000000, -0.4549088130556964704, 0.8905380237835200941 ) ) ;
#7691 = CARTESIAN_POINT ( 'NONE',  ( -3.499999999999985789, 12.50000000000000533, 1.810584825555312962E-15 ) ) ;
#7692 = CIRCLE ( 'NONE', #8327, 34.50000000000000000 ) ;
#7693 = CARTESIAN_POINT ( 'NONE',  ( -24.69999999999995666, 14.70000000000099050, -1.069148654750918307E-14 ) ) ;
#7694 = CARTESIAN_POINT ( 'NONE',  ( -32.89999996245979474, -30.43472976701776744, -12.23137894141449245 ) ) ;
#7695 = VERTEX_POINT ( 'NONE', #2958 ) ;
#7696 = CIRCLE ( 'NONE', #1287, 3.750000000000000000 ) ;
#7697 = ORIENTED_EDGE ( 'NONE', *, *, #4552, .T. ) ;
#7698 = DIRECTION ( 'NONE',  ( 1.000000000000000000, 0.000000000000000000, -0.000000000000000000 ) ) ;
#7699 = ORIENTED_EDGE ( 'NONE', *, *, #4964, .T. ) ;
#7700 = DIRECTION ( 'NONE',  ( -1.000000000000000000, -1.179389324206870994E-17, 8.825547355056099929E-16 ) ) ;
#7701 = CARTESIAN_POINT ( 'NONE',  ( -23.49999999999997513, -5.599999999999004885, 24.67792535850613334 ) ) ;
#7702 = DIRECTION ( 'NONE',  ( -1.000000000000000000, -1.175656832681595541E-18, 2.479139147737537908E-18 ) ) ;
#7703 = FACE_BOUND ( 'NONE', #7886, .T. ) ;
#7704 = VECTOR ( 'NONE', #6074, 1000.000000000000000 ) ;
#7705 = EDGE_LOOP ( 'NONE', ( #5523, #8406, #8112, #8437 ) ) ;
#7706 = DIRECTION ( 'NONE',  ( -5.880418562633243017E-16, -8.881784197001254296E-16, -1.000000000000000000 ) ) ;
#7707 = ORIENTED_EDGE ( 'NONE', *, *, #1446, .F. ) ;
#7708 = EDGE_LOOP ( 'NONE', ( #2005, #6235, #7371, #9576 ) ) ;
#7709 = DIRECTION ( 'NONE',  ( 1.000000000000000000, -4.440892098500626162E-16, -2.121142188857532135E-16 ) ) ;
#7710 = PRODUCT_DEFINITION ( 'Î´Öª', '', #8237, #7230 ) ;
#7711 = EDGE_CURVE ( 'NONE', #2690, #1873, #1415, .T. ) ;
#7712 = DIRECTION ( 'NONE',  ( 0.000000000000000000, 0.000000000000000000, 1.000000000000000000 ) ) ;
#7713 = ORIENTED_EDGE ( 'NONE', *, *, #2604, .F. ) ;
#7714 = DIRECTION ( 'NONE',  ( 1.000000000000000000, -4.440892098500626162E-16, -2.121142188857532135E-16 ) ) ;
#7715 = VECTOR ( 'NONE', #4468, 1000.000000000000000 ) ;
#7716 = CARTESIAN_POINT ( 'NONE',  ( -32.69508667774751842, 31.82493143843376160, -3.949999999999890932 ) ) ;
#7717 = ORIENTED_EDGE ( 'NONE', *, *, #8377, .F. ) ;
#7718 = LINE ( 'NONE', #9405, #5748 ) ;
#7719 = ORIENTED_EDGE ( 'NONE', *, *, #6615, .T. ) ;
#7720 = CIRCLE ( 'NONE', #5339, 0.3750000000000002776 ) ;
#7721 = ORIENTED_EDGE ( 'NONE', *, *, #7734, .T. ) ;
#7722 = DIRECTION ( 'NONE',  ( 0.000000000000000000, 0.5437741451046760321, 0.8392316004034158228 ) ) ;
#7723 = EDGE_CURVE ( 'NONE', #6970, #421, #6020, .T. ) ;
#7724 = EDGE_CURVE ( 'NONE', #8717, #8236, #9371, .T. ) ;
#7725 = CARTESIAN_POINT ( 'NONE',  ( 1.763863650239176083E-15, -1.650000000000039435, 12.50000000000000000 ) ) ;
#7726 = VERTEX_POINT ( 'NONE', #3011 ) ;
#7727 = DIRECTION ( 'NONE',  ( -1.000000000000000000, -1.175656832681595541E-18, 2.479139147737537908E-18 ) ) ;
#7728 = ORIENTED_EDGE ( 'NONE', *, *, #2161, .F. ) ;
#7729 = LINE ( 'NONE', #8472, #6214 ) ;
#7730 = AXIS2_PLACEMENT_3D ( 'NONE', #6035, #4533, #9826 ) ;
#7731 = CARTESIAN_POINT ( 'NONE',  ( -33.89999999999998437, -14.99999999999901235, 14.99999999999992539 ) ) ;
#7732 = DIRECTION ( 'NONE',  ( -5.880418562633243017E-16, 0.000000000000000000, -1.000000000000000000 ) ) ;
#7733 = CYLINDRICAL_SURFACE ( 'NONE', #6787, 2.550000000000000266 ) ;
#7734 = EDGE_CURVE ( 'NONE', #8344, #6231, #1551, .T. ) ;
#7735 = ORIENTED_EDGE ( 'NONE', *, *, #6435, .T. ) ;
#7736 = ADVANCED_FACE ( 'NONE', ( #6076 ), #8403, .T. ) ;
#7737 = DIRECTION ( 'NONE',  ( -1.000000000000000000, -1.179389324206871456E-17, 8.825547355056098943E-16 ) ) ;
#7738 = DIRECTION ( 'NONE',  ( -5.802453940231056697E-16, -0.6707851240784041824, 0.7416517493508121284 ) ) ;
#7739 = CYLINDRICAL_SURFACE ( 'NONE', #3061, 1.249999999999990674 ) ;
#7740 = CARTESIAN_POINT ( 'NONE',  ( -22.19999999999996732, 31.70000000000096918, -1.076383098105778619E-14 ) ) ;
#7741 = CARTESIAN_POINT ( 'NONE',  ( -32.90275887879867156, -31.89830651471453749, -4.158252930508766099 ) ) ;
#7742 = CARTESIAN_POINT ( 'NONE',  ( -33.89999999999998437, 12.45000000000088569, -15.00000000000006750 ) ) ;
#7743 = FACE_OUTER_BOUND ( 'NONE', #9169, .T. ) ;
#7744 = CARTESIAN_POINT ( 'NONE',  ( -32.89999999993617763, -31.06003285096120692, -10.54149965775046915 ) ) ;
#7745 = VERTEX_POINT ( 'NONE', #1768 ) ;
#7746 = ADVANCED_FACE ( 'NONE', ( #2361 ), #5576, .T. ) ;
#7747 = ORIENTED_EDGE ( 'NONE', *, *, #8269, .F. ) ;
#7748 = LINE ( 'NONE', #4708, #770 ) ;
#7749 = VERTEX_POINT ( 'NONE', #5524 ) ;
#7750 = CARTESIAN_POINT ( 'NONE',  ( -29.49999999999998934, -31.79094230992149406, -1.347779901434579812E-13 ) ) ;
#7751 = CARTESIAN_POINT ( 'NONE',  ( -30.89999999999996660, 15.00000000000001243, 18.75000000000001776 ) ) ;
#7752 = DIRECTION ( 'NONE',  ( 0.000000000000000000, 0.000000000000000000, 1.000000000000000000 ) ) ;
#7753 = FACE_BOUND ( 'NONE', #3227, .T. ) ;
#7754 = DIRECTION ( 'NONE',  ( -1.000000000000000000, 0.000000000000000000, 0.000000000000000000 ) ) ;
#7755 = DIRECTION ( 'NONE',  ( 0.7071067811865378028, -0.000000000000000000, 0.7071067811865573427 ) ) ;
#7756 = ORIENTED_EDGE ( 'NONE', *, *, #6792, .T. ) ;
#7757 = EDGE_LOOP ( 'NONE', ( #7274, #2812, #2407, #2891, #6602, #4433 ) ) ;
#7758 = CARTESIAN_POINT ( 'NONE',  ( -32.89999999999999147, -32.15393890934883103, -4.505625283052774321 ) ) ;
#7759 = CARTESIAN_POINT ( 'NONE',  ( -32.39999999999998437, 32.41870648514025532, -4.948350868272169301 ) ) ;
#7760 = ORIENTED_EDGE ( 'NONE', *, *, #395, .T. ) ;
#7761 = LINE ( 'NONE', #4029, #8588 ) ;
#7762 = CARTESIAN_POINT ( 'NONE',  ( -30.89999999999998437, 28.77408854166667496, 3.820143356340675478 ) ) ;
#7763 = EDGE_CURVE ( 'NONE', #182, #1282, #215, .T. ) ;
#7764 = VERTEX_POINT ( 'NONE', #9308 ) ;
#7765 = ORIENTED_EDGE ( 'NONE', *, *, #4828, .F. ) ;
#7766 = AXIS2_PLACEMENT_3D ( 'NONE', #2577, #7132, #9524 ) ;
#7767 = CARTESIAN_POINT ( 'NONE',  ( -33.89999999999539426, 33.82451034383811361, -3.449999999995309263 ) ) ;
#7768 = ORIENTED_EDGE ( 'NONE', *, *, #3389, .F. ) ;
#7769 = CARTESIAN_POINT ( 'NONE',  ( -32.89999999999993463, -0.03488946856893952730, 32.79998401637827499 ) ) ;
#7770 = VERTEX_POINT ( 'NONE', #112 ) ;
#7771 = CARTESIAN_POINT ( 'NONE',  ( -29.30000000000001137, -18.43330444827313386, -19.23330444827405472 ) ) ;
#7772 = CIRCLE ( 'NONE', #273, 33.00000000000000000 ) ;
#7773 = DIRECTION ( 'NONE',  ( 1.000000000000000000, -4.440892098493158114E-16, -2.121142188919196899E-16 ) ) ;
#7774 = VECTOR ( 'NONE', #2042, 1000.000000000000000 ) ;
#7775 = ADVANCED_FACE ( 'NONE', ( #4776 ), #4871, .T. ) ;
#7776 = EDGE_CURVE ( 'NONE', #7677, #196, #1720, .T. ) ;
#7777 = CARTESIAN_POINT ( 'NONE',  ( -32.39999999999994884, 32.41280410874922779, -5.024950726914162225 ) ) ;
#7778 = CIRCLE ( 'NONE', #4272, 1.000000000000000000 ) ;
#7779 = EDGE_LOOP ( 'NONE', ( #2368, #2459, #9317, #1925 ) ) ;
#7780 = AXIS2_PLACEMENT_3D ( 'NONE', #4362, #5014, #6604 ) ;
#7781 = LINE ( 'NONE', #4890, #9791 ) ;
#7782 = CIRCLE ( 'NONE', #2664, 2.750000000000001776 ) ;
#7783 = DIRECTION ( 'NONE',  ( -1.000000000000000000, 2.161476583036237957E-16, 5.473344771987708442E-16 ) ) ;
#7784 = AXIS2_PLACEMENT_3D ( 'NONE', #8524, #2477, #2324 ) ;
#7785 = CARTESIAN_POINT ( 'NONE',  ( -30.89999999999998792, 15.00000000000016875, -11.24999999999982769 ) ) ;
#7786 = DIRECTION ( 'NONE',  ( 0.000000000000000000, -1.000000000000000000, 0.000000000000000000 ) ) ;
#7787 = AXIS2_PLACEMENT_3D ( 'NONE', #4819, #4066, #5617 ) ;
#7788 = ADVANCED_FACE ( 'NONE', ( #9204 ), #3160, .F. ) ;
#7789 = EDGE_CURVE ( 'NONE', #30, #7921, #6831, .T. ) ;
#7790 = ADVANCED_FACE ( 'NONE', ( #3977 ), #3261, .T. ) ;
#7791 = DIRECTION ( 'NONE',  ( 1.000000000000000000, -1.349229370204183383E-15, -3.166558725989409619E-16 ) ) ;
#7792 = VECTOR ( 'NONE', #9038, 1000.000000000000000 ) ;
#7793 = DIRECTION ( 'NONE',  ( -0.7071067811865378028, 0.000000000000000000, -0.7071067811865573427 ) ) ;
#7794 = ORIENTED_EDGE ( 'NONE', *, *, #90, .F. ) ;
#7795 = CIRCLE ( 'NONE', #9223, 3.449999999929787009 ) ;
#7796 = ORIENTED_EDGE ( 'NONE', *, *, #8146, .T. ) ;
#7797 = CARTESIAN_POINT ( 'NONE',  ( -33.89999999999998437, 15.00000000000088995, -15.00000000000006750 ) ) ;
#7798 = AXIS2_PLACEMENT_3D ( 'NONE', #7142, #1241, #3348 ) ;
#7799 = VERTEX_POINT ( 'NONE', #4722 ) ;
#7800 = DIRECTION ( 'NONE',  ( 1.348081413631192369E-15, 1.000000000000000000, 0.000000000000000000 ) ) ;
#7801 = DIRECTION ( 'NONE',  ( 1.000000000000000000, 1.175656832681595541E-18, -2.479139147737537908E-18 ) ) ;
#7802 = LINE ( 'NONE', #5416, #8296 ) ;
#7803 = B_SPLINE_CURVE_WITH_KNOTS ( 'NONE', 3,
 ( #6608, #2698, #5065, #6509 ),
 .UNSPECIFIED., .F., .F.,
 ( 4, 4 ),
 ( 0.000000000000000000, 0.09280962470381351470 ),
 .UNSPECIFIED. ) ;
#7804 = EDGE_CURVE ( 'NONE', #8057, #2953, #8576, .T. ) ;
#7805 = FACE_BOUND ( 'NONE', #1771, .T. ) ;
#7806 = CARTESIAN_POINT ( 'NONE',  ( -32.39999999999996305, -31.91870648513821962, -4.948350868272407332 ) ) ;
#7807 = LINE ( 'NONE', #6452, #147 ) ;
#7808 = ORIENTED_EDGE ( 'NONE', *, *, #13, .T. ) ;
#7809 = EDGE_LOOP ( 'NONE', ( #9748, #7225 ) ) ;
#7810 = CARTESIAN_POINT ( 'NONE',  ( -30.69999999999998508, 31.70000000000099050, -1.599999999999886624 ) ) ;
#7811 = CARTESIAN_POINT ( 'NONE',  ( -32.89999999999998437, 31.90580101289609161, 4.448517447234805466 ) ) ;
#7812 = EDGE_LOOP ( 'NONE', ( #599, #6307 ) ) ;
#7813 = DIRECTION ( 'NONE',  ( -4.440892098493158114E-16, -1.000000000000000000, 0.000000000000000000 ) ) ;
#7814 = CIRCLE ( 'NONE', #9085, 1.249999999999994227 ) ;
#7815 = DIRECTION ( 'NONE',  ( -1.000000000000000000, 5.706327223607910652E-16, 2.282530889443164557E-16 ) ) ;
#7816 = DIRECTION ( 'NONE',  ( -1.000000000000000000, 1.348081413631192369E-15, 3.190558386184555325E-16 ) ) ;
#7817 = CIRCLE ( 'NONE', #8611, 1.249999999999992450 ) ;
#7818 = EDGE_LOOP ( 'NONE', ( #4479, #7646, #490, #7495 ) ) ;
#7819 = VERTEX_POINT ( 'NONE', #6315 ) ;
#7820 = CARTESIAN_POINT ( 'NONE',  ( -33.70000000000000995, -26.38953595582680123, 0.04578905553044577276 ) ) ;
#7821 = CIRCLE ( 'NONE', #8134, 2.949999999941722795 ) ;
#7822 = CARTESIAN_POINT ( 'NONE',  ( -33.63881708268909421, 34.11246253946865181, 3.188817082689248572 ) ) ;
#7823 = ORIENTED_EDGE ( 'NONE', *, *, #3715, .F. ) ;
#7824 = LINE ( 'NONE', #8618, #1623 ) ;
#7825 = VECTOR ( 'NONE', #1149, 1000.000000000000000 ) ;
#7826 = EDGE_LOOP ( 'NONE', ( #716, #3074, #9348, #6912, #3332 ) ) ;
#7827 = DIRECTION ( 'NONE',  ( 0.000000000000000000, 0.000000000000000000, 1.000000000000000000 ) ) ;
#7828 = DIRECTION ( 'NONE',  ( -1.000000000000000000, 2.161476583036237957E-16, 5.473344771987708442E-16 ) ) ;
#7829 = AXIS2_PLACEMENT_3D ( 'NONE', #1773, #5630, #2424 ) ;
#7830 = PLANE ( 'NONE',  #8444 ) ;
#7831 = ORIENTED_EDGE ( 'NONE', *, *, #2975, .F. ) ;
#7832 = CARTESIAN_POINT ( 'NONE',  ( -22.69999999998617568, 31.69999999999998508, -1.550354795959492760E-13 ) ) ;
#7833 = EDGE_CURVE ( 'NONE', #6574, #9357, #2503, .T. ) ;
#7834 = CIRCLE ( 'NONE', #5455, 14.69999999999999751 ) ;
#7835 = CARTESIAN_POINT ( 'NONE',  ( -32.89999999999999147, -26.42146984566629442, 19.45340631265996478 ) ) ;
#7836 = DIRECTION ( 'NONE',  ( -1.349229370204183383E-15, -1.000000000000000000, 0.000000000000000000 ) ) ;
#7837 = CARTESIAN_POINT ( 'NONE',  ( -29.29999999999995808, 21.48330444827523777, 19.23330444827390906 ) ) ;
#7838 = CARTESIAN_POINT ( 'NONE',  ( -33.89999999999997016, 15.00000000000098943, 14.99999999999992895 ) ) ;
#7839 = CYLINDRICAL_SURFACE ( 'NONE', #9012, 23.40000000000001279 ) ;
#7840 = EDGE_LOOP ( 'NONE', ( #3956, #5889, #1463, #6747 ) ) ;
#7841 = ORIENTED_EDGE ( 'NONE', *, *, #8158, .F. ) ;
#7842 = EDGE_CURVE ( 'NONE', #2317, #1359, #4280, .T. ) ;
#7843 = EDGE_CURVE ( 'NONE', #3669, #9356, #969, .T. ) ;
#7844 = EDGE_CURVE ( 'NONE', #9521, #5146, #7761, .T. ) ;
#7845 = CARTESIAN_POINT ( 'NONE',  ( -25.19999999999996376, 16.50000000000098765, 22.99999999999998934 ) ) ;
#7846 = VERTEX_POINT ( 'NONE', #7861 ) ;
#7847 = DIRECTION ( 'NONE',  ( 0.000000000000000000, -1.000000000000000000, 0.000000000000000000 ) ) ;
#7848 = FACE_OUTER_BOUND ( 'NONE', #4418, .T. ) ;
#7849 = CARTESIAN_POINT ( 'NONE',  ( -2.999999999999957812, 33.00000000000000711, 9.571675158553733030E-16 ) ) ;
#7850 = CIRCLE ( 'NONE', #6261, 33.99999999999998579 ) ;
#7851 = FACE_BOUND ( 'NONE', #3925, .T. ) ;
#7852 = DIRECTION ( 'NONE',  ( 0.000000000000000000, 0.000000000000000000, 1.000000000000000000 ) ) ;
#7853 = DIRECTION ( 'NONE',  ( 0.000000000000000000, -0.9986829581603673400, 0.05130642338009983039 ) ) ;
#7854 = VERTEX_POINT ( 'NONE', #7069 ) ;
#7855 = EDGE_LOOP ( 'NONE', ( #8066, #7441, #5131, #8762 ) ) ;
#7856 = LINE ( 'NONE', #815, #6434 ) ;
#7857 = EDGE_CURVE ( 'NONE', #1937, #8078, #8421, .T. ) ;
#7858 = EDGE_CURVE ( 'NONE', #8818, #9010, #7110, .T. ) ;
#7859 = FACE_OUTER_BOUND ( 'NONE', #4668, .T. ) ;
#7860 = ORIENTED_EDGE ( 'NONE', *, *, #8657, .F. ) ;
#7861 = CARTESIAN_POINT ( 'NONE',  ( -22.89999999999997726, 9.947644637699601813E-13, 34.49999999999998579 ) ) ;
#7862 = DIRECTION ( 'NONE',  ( 0.000000000000000000, 0.000000000000000000, 1.000000000000000000 ) ) ;
#7863 = CARTESIAN_POINT ( 'NONE',  ( -30.70000000000001350, -31.70000000000001350, 6.579543922768655202E-14 ) ) ;
#7864 = EDGE_LOOP ( 'NONE', ( #9777, #1975, #6584, #1920 ) ) ;
#7865 = ORIENTED_EDGE ( 'NONE', *, *, #2161, .T. ) ;
#7866 = CARTESIAN_POINT ( 'NONE',  ( -0.9999999999763615754, -6.349999999997633537, 1.575290314000708621E-15 ) ) ;
#7867 = EDGE_CURVE ( 'NONE', #6676, #7109, #3161, .T. ) ;
#7868 = DIRECTION ( 'NONE',  ( -1.000000000000000000, -1.175656832681595541E-18, 2.479139147737537908E-18 ) ) ;
#7869 = VERTEX_POINT ( 'NONE', #866 ) ;
#7870 = DIRECTION ( 'NONE',  ( 2.465190328815661892E-32, 5.551115123125782702E-17, -1.000000000000000000 ) ) ;
#7871 = VERTEX_POINT ( 'NONE', #3923 ) ;
#7872 = FACE_OUTER_BOUND ( 'NONE', #3959, .T. ) ;
#7873 = B_SPLINE_CURVE_WITH_KNOTS ( 'NONE', 3,
 ( #2092, #5161, #596, #8188, #3508, #9648, #6497, #9598, #2789, #2742, #8839, #9544, #8737, #550, #5760, #7439, #4306, #3655, #5857, #3606, #6698, #6897, #2988, #4599, #4549, #696, #9839, #4452, #8385, #2293, #7644, #6944, #6055, #5259, #2937, #3095, #1494, #8341, #7589, #45, #741, #8292, #9142, #2889, #9095, #9793, #649, #2244, #6746, #9895, #5951, #1447, #4505, #798, #6845, #3856, #6154, #5207, #7542, #3749, #1392, #1538, #9186, #3707, #2337, #5311, #8989, #5404, #8435, #3801, #1594, #4655, #3046, #2186, #6002, #7494, #6108, #5355, #849, #9034, #7694, #3905, #2137, #8235, #6793, #3138, #2393, #8487, #9240, #4705, #6201, #3953, #1646, #7744, #896, #93, #5461, #4217, #2853, #9556, #3568, #7406, #5822, #1163, #5069 ),
 .UNSPECIFIED., .F., .F.,
 ( 4, 2, 2, 2, 2, 2, 1, 1, 1, 2, 2, 2, 2, 1, 1, 1, 1, 1, 1, 1, 2, 2, 2, 2, 2, 1, 1, 1, 1, 2, 2, 2, 1, 1, 1, 2, 2, 2, 1, 1, 2, 2, 2, 1, 1, 1, 1, 1, 1, 1, 2, 2, 2, 2, 2, 1, 1, 1, 2, 2, 2, 2, 1, 1, 1, 1, 2, 2, 4 ),
 ( 0.000000000000000000, 0.1250000000004889145, 0.2500000000009778289, 0.3750000000014667156, 0.4375000000017112978, 0.4687500000018336443, 0.4843750000018947621, 0.4921875000019253488, 0.4960937500019407809, 0.4980468750019484414, 0.5000000000019562130, 0.5625000000022016833, 0.5937500000023243629, 0.6093750000023857583, 0.6171875000024166225, 0.6210937500024318325, 0.6230468750024394931, 0.6240234375024433788, 0.6245117187524455993, 0.6247558593774465985, 0.6248779296899470426, 0.6250000000024475977, 0.6406250000023605562, 0.6484375000023171465, 0.6523437500022954971, 0.6542968750022846169, 0.6552734375022791768, 0.6557617187522765123, 0.6560058593772752911, 0.6561279296897746249, 0.6562500000022740698, 0.6718750000021873614, 0.6796875000021439517, 0.6835937500021223023, 0.6855468750021115332, 0.6865234375021062041, 0.6875000000021009861, 0.7187500000019280133, 0.7343750000018413049, 0.7421875000017981172, 0.7460937500017765789, 0.7500000000017549295, 0.7812500000015822899, 0.7968750000014960255, 0.8046875000014527268, 0.8085937500014311885, 0.8105468750014205304, 0.8115234375014150903, 0.8120117187514124257, 0.8122558593764112045, 0.8123779296889104273, 0.8125000000014096502, 0.8281250000012909673, 0.8359375000012315704, 0.8398437500012019274, 0.8417968750011871615, 0.8427734375011797230, 0.8432617187511760592, 0.8435058593761742829, 0.8437500000011723955, 0.8593750000010564882, 0.8671875000009983125, 0.8710937500009692247, 0.8730468750009545698, 0.8740234375009473533, 0.8745117187509436896, 0.8747558593759418022, 0.8750000000009398038, 1.000000000000000000 ),
 .UNSPECIFIED. ) ;
#7874 = DIRECTION ( 'NONE',  ( -4.440892098500626162E-16, -1.000000000000000000, 0.000000000000000000 ) ) ;
#7875 = CARTESIAN_POINT ( 'NONE',  ( -22.80000000000000782, -33.20000000000002416, 6.495758806306345972E-14 ) ) ;
#7876 = AXIS2_PLACEMENT_3D ( 'NONE', #1248, #7246, #8838 ) ;
#7877 = EDGE_LOOP ( 'NONE', ( #9409, #2399, #8709, #767, #7768, #8958, #1659, #4781 ) ) ;
#7878 = ORIENTED_EDGE ( 'NONE', *, *, #7884, .F. ) ;
#7879 = CARTESIAN_POINT ( 'NONE',  ( -3.999999999999979128, -3.743999999999017891, 23.09853813556173563 ) ) ;
#7880 = AXIS2_PLACEMENT_3D ( 'NONE', #7674, #3024, #2319 ) ;
#7881 = DIRECTION ( 'NONE',  ( 1.000000000000000000, -4.440892098500626162E-16, -2.121142188857532135E-16 ) ) ;
#7882 = CARTESIAN_POINT ( 'NONE',  ( -29.29999999999996163, 20.03330444827523138, 19.23330444827390906 ) ) ;
#7883 = DIRECTION ( 'NONE',  ( -4.448008912761041834E-16, -1.000000000000000000, 0.000000000000000000 ) ) ;
#7884 = EDGE_CURVE ( 'NONE', #612, #2896, #6964, .T. ) ;
#7885 = ORIENTED_EDGE ( 'NONE', *, *, #271, .T. ) ;
#7886 = EDGE_LOOP ( 'NONE', ( #3526, #3099 ) ) ;
#7887 = CARTESIAN_POINT ( 'NONE',  ( -29.49999999999998934, 31.70000000000099050, 1.122642985676348249E-13 ) ) ;
#7888 = CARTESIAN_POINT ( 'NONE',  ( -33.89999999999998437, -34.49999999999901235, -1.453079841080928749E-13 ) ) ;
#7889 = DIRECTION ( 'NONE',  ( -5.473344771987708442E-16, 5.551115123125803656E-17, -1.000000000000000000 ) ) ;
#7890 = DIRECTION ( 'NONE',  ( -1.000000000000000000, -1.175656832681595541E-18, 2.479139147737537908E-18 ) ) ;
#7891 = CARTESIAN_POINT ( 'NONE',  ( -30.89999999999997016, -7.499999999999992895, 28.53068523537423928 ) ) ;
#7892 = EDGE_CURVE ( 'NONE', #8356, #4041, #7795, .T. ) ;
#7893 = EDGE_LOOP ( 'NONE', ( #8418, #8990, #2942, #2667, #2469, #9007 ) ) ;
#7894 = EDGE_CURVE ( 'NONE', #3587, #6478, #7304, .T. ) ;
#7895 = CARTESIAN_POINT ( 'NONE',  ( -25.19999999999996376, 20.90202088431462712, 17.72403791909757231 ) ) ;
#7896 = ORIENTED_EDGE ( 'NONE', *, *, #7064, .T. ) ;
#7897 = ORIENTED_EDGE ( 'NONE', *, *, #2024, .T. ) ;
#7898 = DIRECTION ( 'NONE',  ( 1.000000000000000000, 0.000000000000000000, 0.000000000000000000 ) ) ;
#7899 = DIRECTION ( 'NONE',  ( -1.000000000000000000, 1.348081413631192369E-15, 3.190558386184555325E-16 ) ) ;
#7900 = ORIENTED_EDGE ( 'NONE', *, *, #3389, .T. ) ;
#7901 = DIRECTION ( 'NONE',  ( 0.000000000000000000, 1.000000000000000000, -1.541976423090496028E-15 ) ) ;
#7902 = CARTESIAN_POINT ( 'NONE',  ( -25.19999999999997087, 13.28949793360127352, 16.89121196084430565 ) ) ;
#7903 = DIRECTION ( 'NONE',  ( 0.000000000000000000, -1.000000000000000000, 0.000000000000000000 ) ) ;
#7904 = EDGE_CURVE ( 'NONE', #2142, #1863, #1083, .T. ) ;
#7905 = EDGE_CURVE ( 'NONE', #22, #4209, #8700, .T. ) ;
#7906 = LINE ( 'NONE', #2326, #243 ) ;
#7907 = ORIENTED_EDGE ( 'NONE', *, *, #6142, .F. ) ;
#7908 = EDGE_LOOP ( 'NONE', ( #8769, #3420, #187, #1627 ) ) ;
#7909 = CARTESIAN_POINT ( 'NONE',  ( -23.49999999999997513, -3.999999999999006128, 24.67792535850613334 ) ) ;
#7910 = LINE ( 'NONE', #1065, #6126 ) ;
#7911 = ORIENTED_EDGE ( 'NONE', *, *, #9753, .T. ) ;
#7912 = LINE ( 'NONE', #3374, #3713 ) ;
#7913 = FACE_OUTER_BOUND ( 'NONE', #4456, .T. ) ;
#7914 = ORIENTED_EDGE ( 'NONE', *, *, #9633, .F. ) ;
#7915 = FACE_OUTER_BOUND ( 'NONE', #5260, .T. ) ;
#7916 = EDGE_CURVE ( 'NONE', #2696, #2896, #2520, .T. ) ;
#7917 = DIRECTION ( 'NONE',  ( 0.000000000000000000, -1.000000000000000000, 0.000000000000000000 ) ) ;
#7918 = EDGE_CURVE ( 'NONE', #7819, #3014, #4124, .T. ) ;
#7919 = AXIS2_PLACEMENT_3D ( 'NONE', #1138, #1830, #4891 ) ;
#7920 = ORIENTED_EDGE ( 'NONE', *, *, #2838, .F. ) ;
#7921 = VERTEX_POINT ( 'NONE', #1851 ) ;
#7922 = DIRECTION ( 'NONE',  ( 1.000000000000000000, -1.348081413631192369E-15, -3.190558386184555325E-16 ) ) ;
#7923 = UNCERTAINTY_MEASURE_WITH_UNIT (LENGTH_MEASURE( 1.000000000000000082E-05 ), #2036, 'distance_accuracy_value', 'NONE');
#7924 = AXIS2_PLACEMENT_3D ( 'NONE', #5564, #8596, #8644 ) ;
#7925 = CARTESIAN_POINT ( 'NONE',  ( -29.29999999999999361, -14.99999999999998934, -14.99999999999998401 ) ) ;
#7926 = FACE_OUTER_BOUND ( 'NONE', #8362, .T. ) ;
#7927 = LINE ( 'NONE', #3437, #2066 ) ;
#7928 = FACE_OUTER_BOUND ( 'NONE', #7855, .T. ) ;
#7929 = VECTOR ( 'NONE', #690, 1000.000000000000000 ) ;
#7930 = AXIS2_PLACEMENT_3D ( 'NONE', #8685, #7992, #8039 ) ;
#7931 = ORIENTED_EDGE ( 'NONE', *, *, #7361, .T. ) ;
#7932 = VECTOR ( 'NONE', #2860, 1000.000000000000000 ) ;
#7933 = CIRCLE ( 'NONE', #1552, 33.99999999999999289 ) ;
#7934 = DIRECTION ( 'NONE',  ( -1.000000000000000000, 4.440892098500626162E-16, 2.121142188857532135E-16 ) ) ;
#7935 = DIRECTION ( 'NONE',  ( -1.000000000000000000, -1.175656832681595541E-18, 2.479139147737537908E-18 ) ) ;
#7936 = DIRECTION ( 'NONE',  ( 1.348081413631192172E-15, 1.000000000000000000, 0.000000000000000000 ) ) ;
#7937 = CIRCLE ( 'NONE', #3644, 2.599999999999998312 ) ;
#7938 = CARTESIAN_POINT ( 'NONE',  ( -29.29999999999997229, 15.00000000000098765, 14.99999999999992717 ) ) ;
#7939 = DIRECTION ( 'NONE',  ( 0.7071067811865385799, -0.7071067811865565655, -1.391392584992771660E-16 ) ) ;
#7940 = VECTOR ( 'NONE', #6508, 1000.000000000000114 ) ;
#7941 = ORIENTED_EDGE ( 'NONE', *, *, #1684, .F. ) ;
#7942 = AXIS2_PLACEMENT_3D ( 'NONE', #7258, #3666, #413 ) ;
#7943 = PLANE ( 'NONE',  #7959 ) ;
#7944 = ORIENTED_EDGE ( 'NONE', *, *, #2524, .T. ) ;
#7945 = AXIS2_PLACEMENT_3D ( 'NONE', #8539, #6900, #1650 ) ;
#7946 = ORIENTED_EDGE ( 'NONE', *, *, #9740, .T. ) ;
#7947 = CARTESIAN_POINT ( 'NONE',  ( -39.92017501842904181, 32.97598580441740523, -4.492026652257696817 ) ) ;
#7948 = FACE_OUTER_BOUND ( 'NONE', #5194, .T. ) ;
#7949 = ORIENTED_EDGE ( 'NONE', *, *, #7842, .F. ) ;
#7950 = DIRECTION ( 'NONE',  ( -1.000000000000000000, 4.440892098493159100E-16, 2.121142188919197885E-16 ) ) ;
#7951 = CIRCLE ( 'NONE', #461, 18.00000000000000711 ) ;
#7952 = CARTESIAN_POINT ( 'NONE',  ( -83.77726090546464377, 9.946990652005932957E-13, -1.094535733474896288E-14 ) ) ;
#7953 = ADVANCED_FACE ( 'NONE', ( #407 ), #5710, .F. ) ;
#7954 = CARTESIAN_POINT ( 'NONE',  ( -32.39999999999364633, 31.04339568581389841, 1.285380919387389964 ) ) ;
#7955 = CARTESIAN_POINT ( 'NONE',  ( -32.89999999999998437, 31.79094230992348002, 1.127570259384924611E-13 ) ) ;
#7956 = ORIENTED_EDGE ( 'NONE', *, *, #2221, .F. ) ;
#7957 = ORIENTED_EDGE ( 'NONE', *, *, #6501, .T. ) ;
#7958 = DIRECTION ( 'NONE',  ( 1.000000000000000000, -1.348081413631192369E-15, -3.190558386184555325E-16 ) ) ;
#7959 = AXIS2_PLACEMENT_3D ( 'NONE', #3255, #3356, #6407 ) ;
#7960 = DIRECTION ( 'NONE',  ( 1.349229370204183383E-15, 1.000000000000000000, 0.000000000000000000 ) ) ;
#7961 = ORIENTED_EDGE ( 'NONE', *, *, #5900, .F. ) ;
#7962 = FACE_OUTER_BOUND ( 'NONE', #8666, .T. ) ;
#7963 = AXIS2_PLACEMENT_3D ( 'NONE', #5990, #8331, #2082 ) ;
#7964 = EDGE_CURVE ( 'NONE', #6231, #8966, #4164, .T. ) ;
#7965 = CARTESIAN_POINT ( 'NONE',  ( -29.49999999999998934, -31.79094230992149406, 3.949999999999868727 ) ) ;
#7966 = VERTEX_POINT ( 'NONE', #8049 ) ;
#7967 = EDGE_CURVE ( 'NONE', #6774, #7695, #4257, .T. ) ;
#7968 = ADVANCED_FACE ( 'NONE', ( #2643 ), #2748, .F. ) ;
#7969 = CARTESIAN_POINT ( 'NONE',  ( -33.69999999999999574, 32.48487037263634392, 1.211326476013237397 ) ) ;
#7970 = AXIS2_PLACEMENT_3D ( 'NONE', #2418, #5578, #1618 ) ;
#7971 = DIRECTION ( 'NONE',  ( -1.000000000000000000, 2.161476583036224152E-16, 5.473344771987640402E-16 ) ) ;
#7972 = CARTESIAN_POINT ( 'NONE',  ( -3.499999999999983569, 14.15000000000000036, 1.810584825555312962E-15 ) ) ;
#7973 = ORIENTED_EDGE ( 'NONE', *, *, #7244, .T. ) ;
#7974 = CIRCLE ( 'NONE', #4149, 33.99999999999999289 ) ;
#7975 = ORIENTED_EDGE ( 'NONE', *, *, #645, .F. ) ;
#7976 = AXIS2_PLACEMENT_3D ( 'NONE', #202, #2492, #1798 ) ;
#7977 = CARTESIAN_POINT ( 'NONE',  ( -20.89999999999998792, 15.00000000000016698, -14.99999999999983125 ) ) ;
#7978 = EDGE_CURVE ( 'NONE', #3497, #8895, #4443, .T. ) ;
#7979 = CIRCLE ( 'NONE', #8456, 1.249999999999994227 ) ;
#7980 = CYLINDRICAL_SURFACE ( 'NONE', #3132, 1.249999999999990674 ) ;
#7981 = DIRECTION ( 'NONE',  ( 1.000000000000000000, -4.440892098500626162E-16, -2.121142188857532135E-16 ) ) ;
#7982 = AXIS2_PLACEMENT_3D ( 'NONE', #7089, #3900, #6939 ) ;
#7983 = DIRECTION ( 'NONE',  ( 5.256737805990324050E-16, 0.000000000000000000, 1.000000000000000000 ) ) ;
#7984 = DIRECTION ( 'NONE',  ( -1.000000000000000000, -1.175656832681595541E-18, 2.479139147737537908E-18 ) ) ;
#7985 = CIRCLE ( 'NONE', #4008, 1.000000000000000888 ) ;
#7986 = ORIENTED_EDGE ( 'NONE', *, *, #6252, .F. ) ;
#7987 = CONICAL_SURFACE ( 'NONE', #2405, 1.500000000016814772, 0.7853981631042508127 ) ;
#7988 = CARTESIAN_POINT ( 'NONE',  ( -23.49999999999995737, 19.23330444827523777, 19.23330444827390906 ) ) ;
#7989 = CARTESIAN_POINT ( 'NONE',  ( -4.999999999999961808, 31.50000000000000711, 1.595279193092283776E-15 ) ) ;
#7990 = CARTESIAN_POINT ( 'NONE',  ( -83.77726090546464377, -31.91870648513821962, -3.948350868272433978 ) ) ;
#7991 = DIRECTION ( 'NONE',  ( 0.000000000000000000, 0.7071067811865553443, -0.7071067811865396902 ) ) ;
#7992 = DIRECTION ( 'NONE',  ( 1.000000000000000000, -2.161476583036237957E-16, -5.473344771987708442E-16 ) ) ;
#7993 = LINE ( 'NONE', #8040, #8148 ) ;
#7994 = CYLINDRICAL_SURFACE ( 'NONE', #1423, 2.599999999999998312 ) ;
#7995 = ORIENTED_EDGE ( 'NONE', *, *, #9507, .T. ) ;
#7996 = ORIENTED_EDGE ( 'NONE', *, *, #7602, .F. ) ;
#7997 = CARTESIAN_POINT ( 'NONE',  ( -30.70000000000000284, 31.69999999999998508, -2.750000000000149658 ) ) ;
#7998 = DIRECTION ( 'NONE',  ( 9.251858538542975772E-16, 0.000000000000000000, 1.000000000000000000 ) ) ;
#7999 = ORIENTED_EDGE ( 'NONE', *, *, #8883, .F. ) ;
#8000 = DIRECTION ( 'NONE',  ( -1.000000000000000000, -0.000000000000000000, 0.000000000000000000 ) ) ;
#8001 = AXIS2_PLACEMENT_3D ( 'NONE', #6640, #1532, #8380 ) ;
#8002 = DIRECTION ( 'NONE',  ( -0.000000000000000000, 0.9986829581603673400, -0.05130642338009983039 ) ) ;
#8003 = CARTESIAN_POINT ( 'NONE',  ( -5.000000000000004441, 6.740407068155994979E-15, 1.595279193092283776E-15 ) ) ;
#8004 = CARTESIAN_POINT ( 'NONE',  ( -32.39999999999998437, -31.89289554065000232, -3.948684026197222252 ) ) ;
#8005 = FACE_OUTER_BOUND ( 'NONE', #6632, .T. ) ;
#8006 = VERTEX_POINT ( 'NONE', #2000 ) ;
#8007 = CIRCLE ( 'NONE', #2430, 1.249999999999987121 ) ;
#8008 = ADVANCED_FACE ( 'NONE', ( #9450 ), #360, .F. ) ;
#8009 = VERTEX_POINT ( 'NONE', #4316 ) ;
#8010 = DIRECTION ( 'NONE',  ( -1.000000000000000000, 4.440892098500626162E-16, 2.121142188857532135E-16 ) ) ;
#8011 = FACE_BOUND ( 'NONE', #7520, .T. ) ;
#8012 = ORIENTED_EDGE ( 'NONE', *, *, #9259, .T. ) ;
#8013 = CARTESIAN_POINT ( 'NONE',  ( -33.89999999999998437, -12.44999999999879492, 15.00000000000015099 ) ) ;
#8014 = CARTESIAN_POINT ( 'NONE',  ( -32.89999999999997726, -32.12948776741795598, 4.493856549512797116 ) ) ;
#8015 = ORIENTED_EDGE ( 'NONE', *, *, #9298, .F. ) ;
#8016 =( NAMED_UNIT ( * ) SI_UNIT ( $, .STERADIAN. ) SOLID_ANGLE_UNIT ( ) );
#8017 = DIRECTION ( 'NONE',  ( 0.000000000000000000, -1.000000000000000000, 0.000000000000000000 ) ) ;
#8018 = ORIENTED_EDGE ( 'NONE', *, *, #7063, .T. ) ;
#8019 = AXIS2_PLACEMENT_3D ( 'NONE', #5236, #9020, #8273 ) ;
#8020 = ADVANCED_FACE ( 'NONE', ( #7357 ), #310, .T. ) ;
#8021 = EDGE_CURVE ( 'NONE', #6795, #196, #2795, .T. ) ;
#8022 = ORIENTED_EDGE ( 'NONE', *, *, #1177, .T. ) ;
#8023 = CARTESIAN_POINT ( 'NONE',  ( 70.33232511283225108, -6.350000000000094680, -2.166228825340198073E-14 ) ) ;
#8024 = ORIENTED_EDGE ( 'NONE', *, *, #2575, .T. ) ;
#8025 = ORIENTED_EDGE ( 'NONE', *, *, #4919, .F. ) ;
#8026 = VECTOR ( 'NONE', #9601, 1000.000000000000000 ) ;
#8027 =( NAMED_UNIT ( * ) SI_UNIT ( $, .STERADIAN. ) SOLID_ANGLE_UNIT ( ) );
#8028 = CYLINDRICAL_SURFACE ( 'NONE', #8414, 2.000000000000005329 ) ;
#8029 = PLANE ( 'NONE',  #5115 ) ;
#8030 = EDGE_CURVE ( 'NONE', #8512, #6059, #8896, .T. ) ;
#8031 = DIRECTION ( 'NONE',  ( -1.000000000000000000, 2.161476583036237957E-16, 5.473344771987708442E-16 ) ) ;
#8032 = EDGE_CURVE ( 'NONE', #3230, #7770, #4912, .T. ) ;
#8033 = VECTOR ( 'NONE', #5193, 1000.000000000000000 ) ;
#8034 = EDGE_LOOP ( 'NONE', ( #3618, #9794, #6770, #1345, #4889, #8869 ) ) ;
#8035 = DIRECTION ( 'NONE',  ( -1.000000000000000000, -1.175656832681595541E-18, 2.479139147737537908E-18 ) ) ;
#8036 = DIRECTION ( 'NONE',  ( 0.7071067811865486830, 0.7071067811865464625, -2.256065470642706695E-16 ) ) ;
#8037 = CARTESIAN_POINT ( 'NONE',  ( -29.29999999999999361, -14.99999999999900346, -14.99999999999995381 ) ) ;
#8038 = CARTESIAN_POINT ( 'NONE',  ( -31.79999999999998650, -6.549999999998872724, -33.87251835928358190 ) ) ;
#8039 = DIRECTION ( 'NONE',  ( -5.880418562633243017E-16, 0.000000000000000000, -1.000000000000000000 ) ) ;
#8040 = CARTESIAN_POINT ( 'NONE',  ( -29.29999999999998650, -8.499999999999989342, 1.535206426618293050E-14 ) ) ;
#8041 = EDGE_CURVE ( 'NONE', #4810, #8120, #5722, .T. ) ;
#8042 = ADVANCED_FACE ( 'NONE', ( #3712 ), #7596, .T. ) ;
#8043 = DIRECTION ( 'NONE',  ( -4.270088556250603178E-16, -1.000000000000000000, 0.000000000000000000 ) ) ;
#8044 = VERTEX_POINT ( 'NONE', #5959 ) ;
#8045 = VERTEX_POINT ( 'NONE', #6060 ) ;
#8046 = DIRECTION ( 'NONE',  ( 0.000000000000000000, 0.9986829581603673400, -0.05130642338010032999 ) ) ;
#8047 = LINE ( 'NONE', #2641, #601 ) ;
#8048 = VERTEX_POINT ( 'NONE', #7501 ) ;
#8049 = CARTESIAN_POINT ( 'NONE',  ( -25.19999999999999218, -29.14999999999902869, -1.319084974185790016E-14 ) ) ;
#8050 = CARTESIAN_POINT ( 'NONE',  ( -42.91599376778213326, -32.95528202194999778, -4.779057109270987702 ) ) ;
#8051 = CARTESIAN_POINT ( 'NONE',  ( -83.77726090546464377, 32.90690173235814342, 5.101550585556383410 ) ) ;
#8052 = CARTESIAN_POINT ( 'NONE',  ( -33.39999999999998437, 34.33129643110142837, 3.407651003244083210 ) ) ;
#8053 = AXIS2_PLACEMENT_3D ( 'NONE', #9528, #2624, #342 ) ;
#8054 =( BOUNDED_SURFACE ( )  B_SPLINE_SURFACE ( 3, 3, ( 
 ( #5251, #5105, #8334, #8181 ),
 ( #7434, #7389, #2179, #2239 ),
 ( #5994, #2981, #8285, #8135 ),
 ( #6638, #734, #4444, #1486 ) ),
 .UNSPECIFIED., .F., .F., .F. ) 
 B_SPLINE_SURFACE_WITH_KNOTS ( ( 4, 4 ),
 ( 4, 4 ),
 ( 0.000000000000000000, 1.000000000000000000 ),
 ( 0.000000000000000000, 1.000000000000000000 ),
 .UNSPECIFIED. ) 
 GEOMETRIC_REPRESENTATION_ITEM ( )  RATIONAL_B_SPLINE_SURFACE ( (
 ( 1.000000000000000000, 0.9999444713666300055, 0.9999444713666300055, 1.000000000000000000),
 ( 0.8024913433455861389, 0.8024467820979989119, 0.8024467820979989119, 0.8024913433455861389),
 ( 0.8024913433455861389, 0.8024467820979989119, 0.8024467820979989119, 0.8024913433455861389),
 ( 1.000000000000000000, 0.9999444713666300055, 0.9999444713666300055, 1.000000000000000000) ) ) 
 REPRESENTATION_ITEM ( '' )  SURFACE ( )  );
#8055 = DIRECTION ( 'NONE',  ( 1.000000000000000000, -0.000000000000000000, -0.000000000000000000 ) ) ;
#8056 = VERTEX_POINT ( 'NONE', #1453 ) ;
#8057 = VERTEX_POINT ( 'NONE', #746 ) ;
#8058 = DIRECTION ( 'NONE',  ( -1.000000000000000000, -1.175656832681595541E-18, 2.479139147737537908E-18 ) ) ;
#8059 = CARTESIAN_POINT ( 'NONE',  ( -20.89999999999999858, -14.99999999999999112, -18.74999999999998934 ) ) ;
#8060 = EDGE_LOOP ( 'NONE', ( #8205, #5219, #5529, #1566 ) ) ;
#8061 = DIRECTION ( 'NONE',  ( 1.000000000000000000, 1.175656832681595541E-18, -2.479139147737537908E-18 ) ) ;
#8062 = CARTESIAN_POINT ( 'NONE',  ( -22.69999999999999574, 31.69999999999998508, -1.500000000000155653 ) ) ;
#8063 = ORIENTED_EDGE ( 'NONE', *, *, #4990, .F. ) ;
#8064 = VECTOR ( 'NONE', #8751, 1000.000000000000000 ) ;
#8065 = CARTESIAN_POINT ( 'NONE',  ( -29.29999999999995808, 18.43330444827524772, 19.23330444827390906 ) ) ;
#8066 = ORIENTED_EDGE ( 'NONE', *, *, #6575, .F. ) ;
#8067 = ORIENTED_EDGE ( 'NONE', *, *, #701, .T. ) ;
#8068 = VERTEX_POINT ( 'NONE', #6007 ) ;
#8069 = DIRECTION ( 'NONE',  ( -1.000000000000000000, 4.440892098500626162E-16, 2.121142188857532135E-16 ) ) ;
#8070 = ORIENTED_EDGE ( 'NONE', *, *, #3333, .T. ) ;
#8071 = EDGE_LOOP ( 'NONE', ( #7412, #7303, #8163, #825 ) ) ;
#8072 = ADVANCED_FACE ( 'NONE', ( #5167 ), #1305, .T. ) ;
#8073 = ADVANCED_FACE ( 'NONE', ( #8951 ), #4364, .T. ) ;
#8074 = FACE_OUTER_BOUND ( 'NONE', #697, .T. ) ;
#8075 = DIRECTION ( 'NONE',  ( -1.000000000000000000, -1.175656832681595541E-18, 2.479139147737537908E-18 ) ) ;
#8076 = CARTESIAN_POINT ( 'NONE',  ( 1.685101767038990580E-14, 12.50000000000000000, 6.938893903907175130E-16 ) ) ;
#8077 = DIRECTION ( 'NONE',  ( 1.000000000000000000, -1.348081413631192369E-15, -3.190558386184555325E-16 ) ) ;
#8078 = VERTEX_POINT ( 'NONE', #6705 ) ;
#8079 = AXIS2_PLACEMENT_3D ( 'NONE', #3679, #5880, #7463 ) ;
#8080 = DIRECTION ( 'NONE',  ( -1.000000000000000000, 2.161476583036224152E-16, 5.473344771987640402E-16 ) ) ;
#8081 = FACE_BOUND ( 'NONE', #3051, .T. ) ;
#8082 = ADVANCED_FACE ( 'NONE', ( #2897 ), #934, .F. ) ;
#8083 = DIRECTION ( 'NONE',  ( -1.000000000000000000, -1.175656832681595541E-18, 2.479139147737537908E-18 ) ) ;
#8084 = ADVANCED_FACE ( 'NONE', ( #1347 ), #8151, .F. ) ;
#8085 = FACE_OUTER_BOUND ( 'NONE', #9578, .T. ) ;
#8086 = FACE_OUTER_BOUND ( 'NONE', #3159, .T. ) ;
#8087 = AXIS2_PLACEMENT_3D ( 'NONE', #545, #4497, #2831 ) ;
#8088 = CIRCLE ( 'NONE', #4913, 0.3749999999999999445 ) ;
#8089 = FACE_OUTER_BOUND ( 'NONE', #6210, .T. ) ;
#8090 = DIRECTION ( 'NONE',  ( -1.000000000000000000, 4.440892098493159100E-16, 2.121142188919197885E-16 ) ) ;
#8091 = EDGE_LOOP ( 'NONE', ( #3269, #3550, #7707 ) ) ;
#8092 = AXIS2_PLACEMENT_3D ( 'NONE', #8606, #6913, #914 ) ;
#8093 = AXIS2_PLACEMENT_3D ( 'NONE', #4539, #4393, #7430 ) ;
#8094 = ORIENTED_EDGE ( 'NONE', *, *, #1922, .F. ) ;
#8095 = LINE ( 'NONE', #3454, #6996 ) ;
#8096 = CIRCLE ( 'NONE', #759, 31.00000000000000000 ) ;
#8097 = ORIENTED_EDGE ( 'NONE', *, *, #5665, .T. ) ;
#8098 = CARTESIAN_POINT ( 'NONE',  ( -30.99999999999998579, 9.947611131479868873E-13, -1.107619950837005845E-14 ) ) ;
#8099 = CARTESIAN_POINT ( 'NONE',  ( -32.39999999999999147, 30.91512962736362624, -1.211326476013526721 ) ) ;
#8100 = ADVANCED_FACE ( 'NONE', ( #8193 ), #211, .T. ) ;
#8101 = CARTESIAN_POINT ( 'NONE',  ( -33.89999999999999858, -12.44999999999900098, -14.99999999999995204 ) ) ;
#8102 = AXIS2_PLACEMENT_3D ( 'NONE', #3144, #1698, #5361 ) ;
#8103 =( GEOMETRIC_REPRESENTATION_CONTEXT ( 3 ) GLOBAL_UNCERTAINTY_ASSIGNED_CONTEXT ( ( #3236 ) ) GLOBAL_UNIT_ASSIGNED_CONTEXT ( ( #3378, #2661, #5684 ) ) REPRESENTATION_CONTEXT ( 'NONE', 'WORKASPACE' ) );
#8104 = LINE ( 'NONE', #1209, #2215 ) ;
#8105 = CIRCLE ( 'NONE', #8904, 33.00000000000000000 ) ;
#8106 = DIRECTION ( 'NONE',  ( -1.000000000000000000, 4.440892098500626162E-16, 2.121142188857532135E-16 ) ) ;
#8107 = EDGE_LOOP ( 'NONE', ( #5189, #4343, #5329, #7295, #4138 ) ) ;
#8108 = ORIENTED_EDGE ( 'NONE', *, *, #6684, .T. ) ;
#8109 = CARTESIAN_POINT ( 'NONE',  ( -33.89999999999997016, 16.25000000000098410, 14.99999999999992895 ) ) ;
#8110 = AXIS2_PLACEMENT_3D ( 'NONE', #5064, #6606, #1256 ) ;
#8111 = PLANE ( 'NONE',  #6593 ) ;
#8112 = ORIENTED_EDGE ( 'NONE', *, *, #7351, .T. ) ;
#8113 = CARTESIAN_POINT ( 'NONE',  ( -3.500000000000006661, 1.363427245447174841E-13, -12.49999999999999822 ) ) ;
#8114 = DIRECTION ( 'NONE',  ( 1.000000000000000000, 1.175656832681595541E-18, -2.479139147737537908E-18 ) ) ;
#8115 = ORIENTED_EDGE ( 'NONE', *, *, #738, .F. ) ;
#8116 = LINE ( 'NONE', #8860, #3337 ) ;
#8117 = DIRECTION ( 'NONE',  ( -1.000000000000000000, 4.440892098500626162E-16, 2.121142188857532135E-16 ) ) ;
#8118 = STYLED_ITEM ( 'NONE', ( #1630 ), #8508 ) ;
#8119 = DIRECTION ( 'NONE',  ( 1.000000000000000000, -2.161476583036237957E-16, -5.473344771987708442E-16 ) ) ;
#8120 = VERTEX_POINT ( 'NONE', #2143 ) ;
#8121 = VERTEX_POINT ( 'NONE', #3052 ) ;
#8122 = ORIENTED_EDGE ( 'NONE', *, *, #7351, .F. ) ;
#8123 = CYLINDRICAL_SURFACE ( 'NONE', #3584, 3.950000000000002842 ) ;
#8124 = ORIENTED_EDGE ( 'NONE', *, *, #9076, .F. ) ;
#8125 = STYLED_ITEM ( 'NONE', ( #374 ), #8670 ) ;
#8126 = ORIENTED_EDGE ( 'NONE', *, *, #5301, .T. ) ;
#8127 = DIRECTION ( 'NONE',  ( -1.000000000000000000, 4.440892098493158114E-16, 2.121142188919196899E-16 ) ) ;
#8128 = CIRCLE ( 'NONE', #7024, 33.00000000000000000 ) ;
#8129 = LINE ( 'NONE', #434, #304 ) ;
#8130 = AXIS2_PLACEMENT_3D ( 'NONE', #7359, #5670, #2750 ) ;
#8131 = CARTESIAN_POINT ( 'NONE',  ( -33.89999999999998437, -14.99999999999879563, 15.00000000000015099 ) ) ;
#8132 = ADVANCED_FACE ( 'NONE', ( #5264 ), #284, .T. ) ;
#8133 = VERTEX_POINT ( 'NONE', #9800 ) ;
#8134 = AXIS2_PLACEMENT_3D ( 'NONE', #8568, #3124, #6884 ) ;
#8135 = CARTESIAN_POINT ( 'NONE',  ( -32.69510622155181068, -31.91870648513826225, 3.948350868272160863 ) ) ;
#8136 = CIRCLE ( 'NONE', #9258, 1.599999999999999423 ) ;
#8137 = DIRECTION ( 'NONE',  ( 1.348081413631192369E-15, 1.000000000000000000, 0.000000000000000000 ) ) ;
#8138 = CARTESIAN_POINT ( 'NONE',  ( -21.59999999999998366, 8.064590685340961693E-15, 34.00000000000000711 ) ) ;
#8139 = CARTESIAN_POINT ( 'NONE',  ( -33.69999999999999574, 31.04339568581389841, 1.285380919387391074 ) ) ;
#8140 = DIRECTION ( 'NONE',  ( -4.167503846190528046E-16, -1.000000000000000000, 0.000000000000000000 ) ) ;
#8141 = AXIS2_PLACEMENT_3D ( 'NONE', #9358, #2371, #3984 ) ;
#8142 = CYLINDRICAL_SURFACE ( 'NONE', #6994, 2.249999999999998668 ) ;
#8143 = ORIENTED_EDGE ( 'NONE', *, *, #1842, .F. ) ;
#8144 = EDGE_CURVE ( 'NONE', #6906, #2208, #1404, .T. ) ;
#8145 = EDGE_CURVE ( 'NONE', #7093, #8368, #2672, .T. ) ;
#8146 = EDGE_CURVE ( 'NONE', #1342, #4282, #9147, .T. ) ;
#8147 = ORIENTED_EDGE ( 'NONE', *, *, #7858, .T. ) ;
#8148 = VECTOR ( 'NONE', #1893, 1000.000000000000000 ) ;
#8149 = FACE_OUTER_BOUND ( 'NONE', #356, .T. ) ;
#8150 = VERTEX_POINT ( 'NONE', #4811 ) ;
#8151 = CYLINDRICAL_SURFACE ( 'NONE', #4289, 33.30000000000001137 ) ;
#8152 = CARTESIAN_POINT ( 'NONE',  ( -29.29999999999997584, -19.23499999999978627, 19.23500000000021259 ) ) ;
#8153 = DIRECTION ( 'NONE',  ( -1.870764767190635655E-16, -0.7416517493508393288, 0.6707851240783740954 ) ) ;
#8154 = CONICAL_SURFACE ( 'NONE', #3048, 1.500000000003950174, 0.7853981636726827809 ) ;
#8155 = CARTESIAN_POINT ( 'NONE',  ( -33.32499999999999574, 31.69999999999998508, -1.456416044084281645E-13 ) ) ;
#8156 = CARTESIAN_POINT ( 'NONE',  ( -30.69999999999998508, 31.70000000000099050, 1.122672735346120984E-13 ) ) ;
#8157 = ORIENTED_EDGE ( 'NONE', *, *, #9621, .T. ) ;
#8158 = EDGE_CURVE ( 'NONE', #2118, #7093, #9541, .T. ) ;
#8159 = EDGE_CURVE ( 'NONE', #7157, #6766, #9066, .T. ) ;
#8160 = EDGE_LOOP ( 'NONE', ( #2510, #2992, #3711, #267 ) ) ;
#8161 = DIRECTION ( 'NONE',  ( -1.000000000000000000, -1.175656832681595541E-18, 2.479139147737537908E-18 ) ) ;
#8162 = AXIS2_PLACEMENT_3D ( 'NONE', #9392, #3293, #2449 ) ;
#8163 = ORIENTED_EDGE ( 'NONE', *, *, #9350, .T. ) ;
#8164 = CARTESIAN_POINT ( 'NONE',  ( -29.49999999999996803, 32.95528202195200151, 4.779057109270951287 ) ) ;
#8165 = CYLINDRICAL_SURFACE ( 'NONE', #5708, 2.549999999999998490 ) ;
#8166 = EDGE_LOOP ( 'NONE', ( #4333, #2814 ) ) ;
#8167 = DIRECTION ( 'NONE',  ( -1.000000000000000000, -1.175656832681595541E-18, 2.479139147737537908E-18 ) ) ;
#8168 = CIRCLE ( 'NONE', #4671, 2.550000000000000266 ) ;
#8169 = ORIENTED_EDGE ( 'NONE', *, *, #152, .F. ) ;
#8170 = EDGE_CURVE ( 'NONE', #727, #4557, #7096, .T. ) ;
#8171 = VERTEX_POINT ( 'NONE', #4760 ) ;
#8172 = EDGE_LOOP ( 'NONE', ( #3316, #3171, #6066, #2295 ) ) ;
#8173 = DIRECTION ( 'NONE',  ( -4.565061778886329113E-16, -1.000000000000000000, 0.000000000000000000 ) ) ;
#8174 = ORIENTED_EDGE ( 'NONE', *, *, #6333, .F. ) ;
#8175 = ORIENTED_EDGE ( 'NONE', *, *, #5120, .T. ) ;
#8176 = CARTESIAN_POINT ( 'NONE',  ( -5.000000000000004441, 6.740407068155994979E-15, 1.595279193092283776E-15 ) ) ;
#8177 = AXIS2_PLACEMENT_3D ( 'NONE', #5221, #9810, #8358 ) ;
#8178 = DIRECTION ( 'NONE',  ( 0.000000000000000000, 3.890984756615977524E-15, -1.000000000000000000 ) ) ;
#8179 = DIRECTION ( 'NONE',  ( 1.000000000000000000, -4.440892098500626162E-16, -2.121142188857532135E-16 ) ) ;
#8180 = CIRCLE ( 'NONE', #3085, 1.249999999999997558 ) ;
#8181 = CARTESIAN_POINT ( 'NONE',  ( -32.89997739694124590, -31.91870648513825515, 4.453105081965182066 ) ) ;
#8182 = FACE_OUTER_BOUND ( 'NONE', #2723, .T. ) ;
#8183 = CARTESIAN_POINT ( 'NONE',  ( -21.59999999999998366, 8.064590685340961693E-15, 34.00000000000000711 ) ) ;
#8184 = ADVANCED_FACE ( 'NONE', ( #2346 ), #2198, .F. ) ;
#8185 = CARTESIAN_POINT ( 'NONE',  ( -32.39999999999754721, -31.04339568581391262, -1.285380919387465681 ) ) ;
#8186 = AXIS2_PLACEMENT_3D ( 'NONE', #2871, #3589, #3541 ) ;
#8187 = CARTESIAN_POINT ( 'NONE',  ( -31.79999999999998650, 9.947601726225209511E-13, -1.107421619705186766E-14 ) ) ;
#8188 = CARTESIAN_POINT ( 'NONE',  ( -32.89999999999997726, -8.655430496144296271, -31.69357297281113262 ) ) ;
#8189 = EDGE_LOOP ( 'NONE', ( #977, #4228, #5428, #8999 ) ) ;
#8190 = ORIENTED_EDGE ( 'NONE', *, *, #3333, .F. ) ;
#8191 = DIRECTION ( 'NONE',  ( -1.000000000000000000, -1.175656832681595541E-18, 2.479139147737537908E-18 ) ) ;
#8192 = ORIENTED_EDGE ( 'NONE', *, *, #1489, .F. ) ;
#8193 = FACE_OUTER_BOUND ( 'NONE', #7270, .T. ) ;
#8194 = AXIS2_PLACEMENT_3D ( 'NONE', #4940, #5501, #1685 ) ;
#8195 = DIRECTION ( 'NONE',  ( 0.000000000000000000, 0.000000000000000000, 1.000000000000000000 ) ) ;
#8196 = CARTESIAN_POINT ( 'NONE',  ( -32.69508667774753974, 31.79094230992345871, 3.950000000000114753 ) ) ;
#8197 = ADVANCED_FACE ( 'NONE', ( #9391 ), #9295, .T. ) ;
#8198 = EDGE_CURVE ( 'NONE', #1450, #3672, #3319, .T. ) ;
#8199 = CARTESIAN_POINT ( 'NONE',  ( -32.90275887879867156, -31.79094230992148340, -4.159638747121626068 ) ) ;
#8200 = CARTESIAN_POINT ( 'NONE',  ( -30.69999999999998508, 31.70000000000099050, 1.600000000000111333 ) ) ;
#8201 = ORIENTED_EDGE ( 'NONE', *, *, #1058, .F. ) ;
#8202 = ORIENTED_EDGE ( 'NONE', *, *, #2106, .F. ) ;
#8203 = CARTESIAN_POINT ( 'NONE',  ( -32.89999999999999147, 1.936554257710895399, 32.80003121289374235 ) ) ;
#8204 = DIRECTION ( 'NONE',  ( -1.199860534837472267E-32, -5.551115123125791330E-17, 1.000000000000000000 ) ) ;
#8205 = ORIENTED_EDGE ( 'NONE', *, *, #5472, .F. ) ;
#8206 = CARTESIAN_POINT ( 'NONE',  ( -29.29999999999999716, -14.99999999999998934, -18.74999999999998224 ) ) ;
#8207 = DIRECTION ( 'NONE',  ( 1.000000000000000000, -1.348081413631192369E-15, -3.190558386184555325E-16 ) ) ;
#8208 = ORIENTED_EDGE ( 'NONE', *, *, #8447, .T. ) ;
#8209 = SURFACE_SIDE_STYLE ('',( #4275 ) ) ;
#8210 = EDGE_CURVE ( 'NONE', #6916, #3373, #5577, .T. ) ;
#8211 = EDGE_CURVE ( 'NONE', #9550, #6033, #7004, .T. ) ;
#8212 = ADVANCED_FACE ( 'NONE', ( #8392 ), #52, .T. ) ;
#8213 = DIRECTION ( 'NONE',  ( 0.000000000000000000, 0.9986829581603670070, -0.05130642338010681092 ) ) ;
#8214 = VERTEX_POINT ( 'NONE', #3202 ) ;
#8215 = ORIENTED_EDGE ( 'NONE', *, *, #5097, .F. ) ;
#8216 = CARTESIAN_POINT ( 'NONE',  ( -1.812849522204949801E-15, 1.650000000000126921, -12.50000000000000000 ) ) ;
#8217 = EDGE_LOOP ( 'NONE', ( #8957, #7038 ) ) ;
#8218 = VECTOR ( 'NONE', #3153, 1000.000000000000000 ) ;
#8219 = CIRCLE ( 'NONE', #1678, 1.249999999999992450 ) ;
#8220 = FACE_OUTER_BOUND ( 'NONE', #6038, .T. ) ;
#8221 = ORIENTED_EDGE ( 'NONE', *, *, #6815, .T. ) ;
#8222 = CARTESIAN_POINT ( 'NONE',  ( -32.90000000494307386, -12.39010298621034067, 30.37520794850550843 ) ) ;
#8223 = ORIENTED_EDGE ( 'NONE', *, *, #2037, .F. ) ;
#8224 = ADVANCED_FACE ( 'NONE', ( #155 ), #4608, .F. ) ;
#8225 = EDGE_CURVE ( 'NONE', #3143, #6704, #5732, .T. ) ;
#8226 = DIRECTION ( 'NONE',  ( -4.440892098493158114E-16, -1.000000000000000000, 0.000000000000000000 ) ) ;
#8227 = DIRECTION ( 'NONE',  ( -1.000000000000000000, 4.440892098500626162E-16, 2.121142188857532135E-16 ) ) ;
#8228 = CARTESIAN_POINT ( 'NONE',  ( -1.925929944387235853E-31, 5.192620723968377201E-46, 1.228958387053729794E-46 ) ) ;
#8229 = CARTESIAN_POINT ( 'NONE',  ( -32.89999999999998437, 32.27517009208868615, 4.596940088502303290 ) ) ;
#8230 = DIRECTION ( 'NONE',  ( 2.479139147737537908E-18, 0.000000000000000000, 1.000000000000000000 ) ) ;
#8231 = DIRECTION ( 'NONE',  ( 1.348081413631192369E-15, 1.000000000000000000, 0.000000000000000000 ) ) ;
#8232 = DIRECTION ( 'NONE',  ( -0.7071067809919273639, 0.000000000000000000, 0.7071067813811676706 ) ) ;
#8233 = DIRECTION ( 'NONE',  ( -1.000000000000000000, 4.440892098500626162E-16, 2.121142188857532135E-16 ) ) ;
#8234 = CARTESIAN_POINT ( 'NONE',  ( -33.39999999999998437, -34.33129643109944595, -3.407651003244102306 ) ) ;
#8235 = CARTESIAN_POINT ( 'NONE',  ( -32.89999997928330089, -30.60724669067607806, -11.79186464617623997 ) ) ;
#8236 = VERTEX_POINT ( 'NONE', #6303 ) ;
#8237 = PRODUCT_DEFINITION_FORMATION_WITH_SPECIFIED_SOURCE ( 'ÈÎºÎ', '', #8697, .NOT_KNOWN. ) ;
#8238 = VERTEX_POINT ( 'NONE', #4059 ) ;
#8239 = FACE_OUTER_BOUND ( 'NONE', #582, .T. ) ;
#8240 = VERTEX_POINT ( 'NONE', #8492 ) ;
#8241 = CARTESIAN_POINT ( 'NONE',  ( -33.70000000000000284, 32.88033821089912578, -2.310652217682303000 ) ) ;
#8242 = DIRECTION ( 'NONE',  ( -1.000000000000000000, 4.440892098500626162E-16, 2.121142188857532135E-16 ) ) ;
#8243 = AXIS2_PLACEMENT_3D ( 'NONE', #8935, #2086, #8230 ) ;
#8244 = DIRECTION ( 'NONE',  ( -1.000000000000000000, 0.000000000000000000, 0.000000000000000000 ) ) ;
#8245 = AXIS2_PLACEMENT_3D ( 'NONE', #2590, #6548, #4902 ) ;
#8246 = CIRCLE ( 'NONE', #918, 2.550000000000000266 ) ;
#8247 = ORIENTED_EDGE ( 'NONE', *, *, #4865, .T. ) ;
#8248 = CARTESIAN_POINT ( 'NONE',  ( -33.70000000000000995, -30.61959168403987874, -2.115027865327850698 ) ) ;
#8249 = VERTEX_POINT ( 'NONE', #6347 ) ;
#8250 = AXIS2_PLACEMENT_3D ( 'NONE', #4130, #6937, #4589 ) ;
#8251 = ORIENTED_EDGE ( 'NONE', *, *, #7404, .T. ) ;
#8252 = CARTESIAN_POINT ( 'NONE',  ( -32.89999998465563635, 29.59934179936030674, 14.26455151189991710 ) ) ;
#8253 = EDGE_CURVE ( 'NONE', #4685, #227, #7649, .T. ) ;
#8254 = EDGE_CURVE ( 'NONE', #5570, #456, #7636, .T. ) ;
#8255 = CARTESIAN_POINT ( 'NONE',  ( -33.32500000000000284, -28.05304010509382806, 4.950978037211115179 ) ) ;
#8256 = VERTEX_POINT ( 'NONE', #1002 ) ;
#8257 = FACE_OUTER_BOUND ( 'NONE', #1846, .T. ) ;
#8258 = AXIS2_PLACEMENT_3D ( 'NONE', #1964, #4331, #524 ) ;
#8259 = CIRCLE ( 'NONE', #1540, 2.750000000000001776 ) ;
#8260 = DIRECTION ( 'NONE',  ( 0.000000000000000000, 0.000000000000000000, 1.000000000000000000 ) ) ;
#8261 = ORIENTED_EDGE ( 'NONE', *, *, #5287, .F. ) ;
#8262 = CARTESIAN_POINT ( 'NONE',  ( -30.90000000000000213, -19.23499999999998877, -20.48499999999996746 ) ) ;
#8263 = CIRCLE ( 'NONE', #7309, 0.7999999999999917177 ) ;
#8264 = ORIENTED_EDGE ( 'NONE', *, *, #3701, .F. ) ;
#8265 = AXIS2_PLACEMENT_3D ( 'NONE', #4558, #4, #7401 ) ;
#8266 = VERTEX_POINT ( 'NONE', #245 ) ;
#8267 = CARTESIAN_POINT ( 'NONE',  ( -25.19999999999996376, 21.48330444827523422, 19.23330444827390906 ) ) ;
#8268 = ORIENTED_EDGE ( 'NONE', *, *, #8021, .F. ) ;
#8269 = EDGE_CURVE ( 'NONE', #4297, #73, #3911, .T. ) ;
#8270 = EDGE_CURVE ( 'NONE', #1543, #7068, #7951, .T. ) ;
#8271 = EDGE_CURVE ( 'NONE', #2294, #6023, #2369, .T. ) ;
#8272 = VECTOR ( 'NONE', #9339, 1000.000000000000114 ) ;
#8273 = DIRECTION ( 'NONE',  ( 0.000000000000000000, 0.000000000000000000, -1.000000000000000000 ) ) ;
#8274 = ORIENTED_EDGE ( 'NONE', *, *, #1785, .T. ) ;
#8275 = CARTESIAN_POINT ( 'NONE',  ( -32.89999999999993463, -6.980415205015174429, 32.04861875730319554 ) ) ;
#8276 = VERTEX_POINT ( 'NONE', #1094 ) ;
#8277 = AXIS2_PLACEMENT_3D ( 'NONE', #5753, #9482, #296 ) ;
#8278 = LINE ( 'NONE', #7530, #6345 ) ;
#8279 = CARTESIAN_POINT ( 'NONE',  ( -29.29999999999997939, 18.43330444827512693, -19.23330444827406538 ) ) ;
#8280 = FACE_OUTER_BOUND ( 'NONE', #2417, .T. ) ;
#8281 = VECTOR ( 'NONE', #671, 1000.000000000000000 ) ;
#8282 = EDGE_CURVE ( 'NONE', #8647, #3029, #6595, .T. ) ;
#8283 = LINE ( 'NONE', #4495, #544 ) ;
#8284 = CIRCLE ( 'NONE', #1748, 34.50000000000000000 ) ;
#8285 = CARTESIAN_POINT ( 'NONE',  ( -32.69510622155179647, -31.91010164247742154, 3.948350868272160419 ) ) ;
#8286 = VECTOR ( 'NONE', #5845, 1000.000000000000000 ) ;
#8287 = FACE_OUTER_BOUND ( 'NONE', #5586, .T. ) ;
#8288 = CARTESIAN_POINT ( 'NONE',  ( -29.29999999999997939, 32.00000000000000711, 1.712842110558318728E-14 ) ) ;
#8289 = VECTOR ( 'NONE', #6559, 1000.000000000000000 ) ;
#8290 = CARTESIAN_POINT ( 'NONE',  ( -32.39999999999998437, -32.91870648513825159, 4.948350868272142655 ) ) ;
#8291 = DIRECTION ( 'NONE',  ( 1.175656832681585912E-18, -1.000000000000000000, -3.890984756615977524E-15 ) ) ;
#8292 = CARTESIAN_POINT ( 'NONE',  ( -32.89999998146020488, -26.62633091935991203, -19.15434148823495875 ) ) ;
#8293 = ORIENTED_EDGE ( 'NONE', *, *, #4853, .F. ) ;
#8294 = ADVANCED_FACE ( 'NONE', ( #4099 ), #8682, .T. ) ;
#8295 = ORIENTED_EDGE ( 'NONE', *, *, #7616, .F. ) ;
#8296 = VECTOR ( 'NONE', #6305, 1000.000000000000000 ) ;
#8297 = DIRECTION ( 'NONE',  ( -1.000000000000000000, 4.440892098500626162E-16, 2.121142188857532135E-16 ) ) ;
#8298 = EDGE_LOOP ( 'NONE', ( #7625, #6879, #7164, #5012 ) ) ;
#8299 = CARTESIAN_POINT ( 'NONE',  ( -1.700000000000007061, 2.291738403173033576E-15, -3.461177810754488099E-32 ) ) ;
#8300 = CYLINDRICAL_SURFACE ( 'NONE', #3544, 0.7999999999999917177 ) ;
#8301 = FACE_OUTER_BOUND ( 'NONE', #3289, .T. ) ;
#8302 = CIRCLE ( 'NONE', #8776, 34.50000000000000000 ) ;
#8303 = VERTEX_POINT ( 'NONE', #9437 ) ;
#8304 = CARTESIAN_POINT ( 'NONE',  ( -20.89999999999996660, 19.23500000000000654, 20.48499999999999588 ) ) ;
#8305 = ORIENTED_EDGE ( 'NONE', *, *, #6890, .T. ) ;
#8306 = ORIENTED_EDGE ( 'NONE', *, *, #1620, .T. ) ;
#8307 = CARTESIAN_POINT ( 'NONE',  ( 1.907535200288136796E-14, 14.14999999999999503, 6.938893903907175130E-16 ) ) ;
#8308 = CARTESIAN_POINT ( 'NONE',  ( -33.54466991411009502, -25.55104163328746125, 0.05301890640173637786 ) ) ;
#8309 = VERTEX_POINT ( 'NONE', #7287 ) ;
#8310 = DIRECTION ( 'NONE',  ( -1.000000000000000000, -1.175656832681595541E-18, 2.479139147737537908E-18 ) ) ;
#8311 = AXIS2_PLACEMENT_3D ( 'NONE', #1713, #3309, #9451 ) ;
#8312 = CARTESIAN_POINT ( 'NONE',  ( -22.80000000001791705, -31.70000000000002061, -1.500000000003886003 ) ) ;
#8313 = ORIENTED_EDGE ( 'NONE', *, *, #9180, .T. ) ;
#8314 = DIRECTION ( 'NONE',  ( 0.000000000000000000, 1.000000000000000000, 5.442269728554676689E-15 ) ) ;
#8315 = FACE_BOUND ( 'NONE', #1050, .T. ) ;
#8316 = EDGE_CURVE ( 'NONE', #8895, #2208, #1243, .T. ) ;
#8317 = EDGE_LOOP ( 'NONE', ( #334, #878, #9196, #5049 ) ) ;
#8318 = AXIS2_PLACEMENT_3D ( 'NONE', #9296, #902, #4858 ) ;
#8319 = ORIENTED_EDGE ( 'NONE', *, *, #9141, .F. ) ;
#8320 = DIRECTION ( 'NONE',  ( -1.000000000000000000, 4.440892098500626162E-16, 2.121142188857532135E-16 ) ) ;
#8321 = ORIENTED_EDGE ( 'NONE', *, *, #1134, .F. ) ;
#8322 = CYLINDRICAL_SURFACE ( 'NONE', #9300, 3.750000000000000000 ) ;
#8323 = ORIENTED_EDGE ( 'NONE', *, *, #8556, .T. ) ;
#8324 = CARTESIAN_POINT ( 'NONE',  ( -32.89999999885622373, -7.448339356465461414, 31.94347004071277496 ) ) ;
#8325 = ORIENTED_EDGE ( 'NONE', *, *, #834, .F. ) ;
#8326 = DIRECTION ( 'NONE',  ( 9.251858538542971828E-16, 0.000000000000000000, 1.000000000000000000 ) ) ;
#8327 = AXIS2_PLACEMENT_3D ( 'NONE', #5947, #7435, #6742 ) ;
#8328 = PLANE ( 'NONE',  #6500 ) ;
#8329 = EDGE_CURVE ( 'NONE', #921, #2754, #8595, .T. ) ;
#8330 = EDGE_CURVE ( 'NONE', #5667, #6645, #9232, .T. ) ;
#8331 = DIRECTION ( 'NONE',  ( 1.000000000000000000, 1.175656832681595541E-18, -2.479139147737537908E-18 ) ) ;
#8332 = CARTESIAN_POINT ( 'NONE',  ( -29.49999999999998934, -31.79094230992149406, -1.347779901434579812E-13 ) ) ;
#8333 = FACE_OUTER_BOUND ( 'NONE', #7313, .T. ) ;
#8334 = CARTESIAN_POINT ( 'NONE',  ( -32.89997739694126011, -31.91444497306865458, 4.453105081965182066 ) ) ;
#8335 = CARTESIAN_POINT ( 'NONE',  ( -30.69999999999998508, -34.33129643109944595, -3.407651003244102306 ) ) ;
#8336 = CARTESIAN_POINT ( 'NONE',  ( -33.70000000000000995, -33.14147468682246256, 0.07405444337421041023 ) ) ;
#8337 = EDGE_CURVE ( 'NONE', #4297, #3922, #4299, .T. ) ;
#8338 = EDGE_CURVE ( 'NONE', #8171, #6970, #3651, .T. ) ;
#8339 = LINE ( 'NONE', #8185, #8886 ) ;
#8340 = CARTESIAN_POINT ( 'NONE',  ( -39.92017501842906313, -31.69999999999902229, -1.052453688656660695E-14 ) ) ;
#8341 = CARTESIAN_POINT ( 'NONE',  ( -32.89999999301031863, -26.37893080928933287, -19.49372174229301535 ) ) ;
#8342 = ORIENTED_EDGE ( 'NONE', *, *, #78, .T. ) ;
#8343 = AXIS2_PLACEMENT_3D ( 'NONE', #5779, #9711, #4375 ) ;
#8344 = VERTEX_POINT ( 'NONE', #3499 ) ;
#8345 = DIRECTION ( 'NONE',  ( -1.000000000000000000, 1.348081413631192369E-15, 3.190558386184555325E-16 ) ) ;
#8346 = ORIENTED_EDGE ( 'NONE', *, *, #5310, .T. ) ;
#8347 = CARTESIAN_POINT ( 'NONE',  ( -33.32500000000000284, 32.95099923590314717, -2.448979565404827863 ) ) ;
#8348 = FACE_OUTER_BOUND ( 'NONE', #7908, .T. ) ;
#8349 = DIRECTION ( 'NONE',  ( 0.000000000000000000, 0.000000000000000000, -1.000000000000000000 ) ) ;
#8350 = VECTOR ( 'NONE', #966, 1000.000000000000000 ) ;
#8351 = EDGE_CURVE ( 'NONE', #3066, #9410, #614, .T. ) ;
#8352 = ADVANCED_FACE ( 'NONE', ( #2681 ), #7143, .T. ) ;
#8353 = ORIENTED_EDGE ( 'NONE', *, *, #3690, .T. ) ;
#8354 = DIRECTION ( 'NONE',  ( 0.000000000000000000, 1.000000000000000000, 0.000000000000000000 ) ) ;
#8355 = ORIENTED_EDGE ( 'NONE', *, *, #3998, .T. ) ;
#8356 = VERTEX_POINT ( 'NONE', #8639 ) ;
#8357 = CARTESIAN_POINT ( 'NONE',  ( -30.89999999999999503, -28.12890625000000000, -4.584172027608784283 ) ) ;
#8358 = DIRECTION ( 'NONE',  ( 0.000000000000000000, 1.000000000000000000, 8.843688308901367861E-15 ) ) ;
#8359 = EDGE_LOOP ( 'NONE', ( #2872, #1183 ) ) ;
#8360 = LINE ( 'NONE', #7456, #4917 ) ;
#8361 = CARTESIAN_POINT ( 'NONE',  ( -23.49999999999997868, 9.923209738074770903E-13, -1.224778599053717573E-14 ) ) ;
#8362 = EDGE_LOOP ( 'NONE', ( #9049, #1660 ) ) ;
#8363 = CARTESIAN_POINT ( 'NONE',  ( -32.89999999999998437, 15.00000000000089706, -15.00000000000005151 ) ) ;
#8364 = ORIENTED_EDGE ( 'NONE', *, *, #4310, .T. ) ;
#8365 = VERTEX_POINT ( 'NONE', #6444 ) ;
#8366 = DIRECTION ( 'NONE',  ( -1.000000000000000000, 2.161476583036237957E-16, 5.473344771987708442E-16 ) ) ;
#8367 = CARTESIAN_POINT ( 'NONE',  ( -33.89999999999998437, 15.00000000000088995, -15.00000000000006750 ) ) ;
#8368 = VERTEX_POINT ( 'NONE', #499 ) ;
#8369 = CARTESIAN_POINT ( 'NONE',  ( -32.89999999999999147, -6.951458305627542522, 32.05490981793261085 ) ) ;
#8370 = EDGE_LOOP ( 'NONE', ( #4862, #5534, #1313, #6613 ) ) ;
#8371 = SURFACE_STYLE_USAGE ( .BOTH. , #1292 ) ;
#8372 = DIRECTION ( 'NONE',  ( 1.314184451497584957E-15, 1.000000000000000000, 0.000000000000000000 ) ) ;
#8373 = DIRECTION ( 'NONE',  ( -0.000000000000000000, -1.000000000000000000, -3.890984756615977524E-15 ) ) ;
#8374 = LINE ( 'NONE', #5895, #3275 ) ;
#8375 = AXIS2_PLACEMENT_3D ( 'NONE', #894, #9335, #3904 ) ;
#8376 = FACE_BOUND ( 'NONE', #9649, .T. ) ;
#8377 = EDGE_CURVE ( 'NONE', #7726, #5662, #5806, .T. ) ;
#8378 = EDGE_CURVE ( 'NONE', #3607, #2989, #8834, .T. ) ;
#8379 = CARTESIAN_POINT ( 'NONE',  ( -32.39999999998895674, -31.04339568581391262, -1.285380919387465681 ) ) ;
#8380 = DIRECTION ( 'NONE',  ( -4.167503846190528046E-16, -1.000000000000000000, 0.000000000000000000 ) ) ;
#8381 = DIRECTION ( 'NONE',  ( 1.000000000000000000, 1.179389324206871456E-17, -8.825547355056098943E-16 ) ) ;
#8382 = CARTESIAN_POINT ( 'NONE',  ( -29.49999999999996803, 31.70000000000096918, -9.215397183191787561E-15 ) ) ;
#8383 = LINE ( 'NONE', #2933, #7615 ) ;
#8384 = CARTESIAN_POINT ( 'NONE',  ( -30.99999999999998579, -8.799999999998846079, -41.66652461438935973 ) ) ;
#8385 = CARTESIAN_POINT ( 'NONE',  ( -32.89999999992048885, -25.79953599990922086, -20.25400394781733482 ) ) ;
#8386 = ORIENTED_EDGE ( 'NONE', *, *, #1605, .T. ) ;
#8387 = ORIENTED_EDGE ( 'NONE', *, *, #7115, .F. ) ;
#8388 = ADVANCED_FACE ( 'NONE', ( #3552 ), #1985, .T. ) ;
#8389 = ADVANCED_FACE ( 'NONE', ( #2629 ), #2540, .T. ) ;
#8390 = CARTESIAN_POINT ( 'NONE',  ( -29.29999999999998650, -17.72403791909681914, 20.90202088431345118 ) ) ;
#8391 = VERTEX_POINT ( 'NONE', #7989 ) ;
#8392 = FACE_OUTER_BOUND ( 'NONE', #1367, .T. ) ;
#8393 = DIRECTION ( 'NONE',  ( 1.348081413631192369E-15, 1.000000000000000000, 0.000000000000000000 ) ) ;
#8394 = CARTESIAN_POINT ( 'NONE',  ( -33.70000000000000995, -32.88033821089916131, 2.310652217682219511 ) ) ;
#8395 = ORIENTED_EDGE ( 'NONE', *, *, #8506, .F. ) ;
#8396 = FACE_BOUND ( 'NONE', #4252, .T. ) ;
#8397 = ORIENTED_EDGE ( 'NONE', *, *, #9529, .F. ) ;
#8398 = ORIENTED_EDGE ( 'NONE', *, *, #4642, .T. ) ;
#8399 = CARTESIAN_POINT ( 'NONE',  ( -19.89732793106028552, 31.91870648514024467, -4.948350868272185288 ) ) ;
#8400 = ADVANCED_FACE ( 'NONE', ( #8081, #1796, #7241, #4199, #392 ), #4857, .F. ) ;
#8401 = CARTESIAN_POINT ( 'NONE',  ( -33.70000000000000284, -28.25903377553484574, 4.671328639480536893 ) ) ;
#8402 = ORIENTED_EDGE ( 'NONE', *, *, #3893, .F. ) ;
#8403 = PLANE ( 'NONE',  #2823 ) ;
#8404 = AXIS2_PLACEMENT_3D ( 'NONE', #621, #6722, #6306 ) ;
#8405 = CARTESIAN_POINT ( 'NONE',  ( -25.19999999999999218, -16.89121196084370879, -13.28949793360006204 ) ) ;
#8406 = ORIENTED_EDGE ( 'NONE', *, *, #6804, .F. ) ;
#8407 = FACE_OUTER_BOUND ( 'NONE', #8034, .T. ) ;
#8408 = AXIS2_PLACEMENT_3D ( 'NONE', #589, #9887, #3040 ) ;
#8409 = ORIENTED_EDGE ( 'NONE', *, *, #6165, .F. ) ;
#8410 = AXIS2_PLACEMENT_3D ( 'NONE', #5056, #1841, #5007 ) ;
#8411 = ORIENTED_EDGE ( 'NONE', *, *, #7285, .T. ) ;
#8412 = CARTESIAN_POINT ( 'NONE',  ( -25.19999999999996732, 31.29423380247609643, -2.517509442474100911 ) ) ;
#8413 = AXIS2_PLACEMENT_3D ( 'NONE', #3622, #4980, #5138 ) ;
#8414 = AXIS2_PLACEMENT_3D ( 'NONE', #432, #7133, #1978 ) ;
#8415 = LINE ( 'NONE', #4634, #383 ) ;
#8416 = ORIENTED_EDGE ( 'NONE', *, *, #3130, .F. ) ;
#8417 = CARTESIAN_POINT ( 'NONE',  ( -32.89999969097549837, -3.196503658956082461, 32.64573118272954844 ) ) ;
#8418 = ORIENTED_EDGE ( 'NONE', *, *, #8337, .F. ) ;
#8419 = CIRCLE ( 'NONE', #5242, 34.50000000000000000 ) ;
#8420 = CARTESIAN_POINT ( 'NONE',  ( -25.19999999999997087, 31.29423380247610353, 2.517509442474074266 ) ) ;
#8421 = CIRCLE ( 'NONE', #8734, 2.000000000000005329 ) ;
#8422 = MANIFOLD_SOLID_BREP ( 'Í¹Ì¨-À­Éì1', #3435 ) ;
#8423 = DIRECTION ( 'NONE',  ( 0.000000000000000000, -0.4549088130556897536, 0.8905380237835235357 ) ) ;
#8424 = DIRECTION ( 'NONE',  ( 0.000000000000000000, 0.000000000000000000, 1.000000000000000000 ) ) ;
#8425 = CIRCLE ( 'NONE', #2995, 1.249999999999987121 ) ;
#8426 = DIRECTION ( 'NONE',  ( 1.000000000000000000, -0.000000000000000000, -0.000000000000000000 ) ) ;
#8427 = DIRECTION ( 'NONE',  ( 0.000000000000000000, -0.4549088130556915299, 0.8905380237835225365 ) ) ;
#8428 = CARTESIAN_POINT ( 'NONE',  ( -32.89999999999997726, 9.922618282587336580E-13, -1.474514954580286030E-14 ) ) ;
#8429 = CARTESIAN_POINT ( 'NONE',  ( -30.99999999999998579, 6.600000000001130296, -33.86281146036163392 ) ) ;
#8430 = CARTESIAN_POINT ( 'NONE',  ( -32.89997779355446283, -31.86760331434012983, -4.454217584174148925 ) ) ;
#8431 = CARTESIAN_POINT ( 'NONE',  ( -32.39999999999630376, 30.25852531317753602, 0.07405444337400712840 ) ) ;
#8432 = CIRCLE ( 'NONE', #4787, 1.000000000000000888 ) ;
#8433 = FACE_OUTER_BOUND ( 'NONE', #8172, .T. ) ;
#8434 = EDGE_CURVE ( 'NONE', #4613, #921, #7729, .T. ) ;
#8435 = CARTESIAN_POINT ( 'NONE',  ( -32.89999999156783161, -30.01247018900273034, -13.23337119812013896 ) ) ;
#8436 = ORIENTED_EDGE ( 'NONE', *, *, #6382, .F. ) ;
#8437 = ORIENTED_EDGE ( 'NONE', *, *, #2358, .F. ) ;
#8438 = DIRECTION ( 'NONE',  ( 1.000000000000000000, -1.348081413631192369E-15, -3.190558386184555325E-16 ) ) ;
#8439 = ORIENTED_EDGE ( 'NONE', *, *, #3581, .T. ) ;
#8440 = DIRECTION ( 'NONE',  ( -0.5000000002744622307, 1.060575238530848365E-16, -0.8660254036259777966 ) ) ;
#8441 = AXIS2_PLACEMENT_3D ( 'NONE', #7863, #9311, #2464 ) ;
#8442 = FACE_BOUND ( 'NONE', #561, .T. ) ;
#8443 = CARTESIAN_POINT ( 'NONE',  ( -28.99999999999998934, -14.99999999999901235, 14.99999999999992539 ) ) ;
#8444 = AXIS2_PLACEMENT_3D ( 'NONE', #130, #2478, #7084 ) ;
#8445 = EDGE_CURVE ( 'NONE', #6488, #6469, #8936, .T. ) ;
#8446 = ORIENTED_EDGE ( 'NONE', *, *, #4492, .T. ) ;
#8447 = EDGE_CURVE ( 'NONE', #4532, #9775, #3170, .T. ) ;
#8448 = DIRECTION ( 'NONE',  ( 8.825547355056099929E-16, 0.000000000000000000, 1.000000000000000000 ) ) ;
#8449 = EDGE_LOOP ( 'NONE', ( #1828, #7860, #4907, #4808, #8794, #3139, #703, #6218, #758, #7500, #2537, #597, #2214, #18, #1887, #7061, #7033, #6176, #5737, #4728, #8889, #6603, #3369, #1610 ) ) ;
#8450 = AXIS2_PLACEMENT_3D ( 'NONE', #9031, #1491, #5157 ) ;
#8451 = ORIENTED_EDGE ( 'NONE', *, *, #1621, .F. ) ;
#8452 = LINE ( 'NONE', #5573, #2283 ) ;
#8453 = CYLINDRICAL_SURFACE ( 'NONE', #1235, 2.550000000000000266 ) ;
#8454 = ORIENTED_EDGE ( 'NONE', *, *, #7062, .T. ) ;
#8455 = DIRECTION ( 'NONE',  ( 0.000000000000000000, 3.890984756615977524E-15, -1.000000000000000000 ) ) ;
#8456 = AXIS2_PLACEMENT_3D ( 'NONE', #6032, #3072, #1575 ) ;
#8457 = FACE_BOUND ( 'NONE', #2428, .T. ) ;
#8458 = ORIENTED_EDGE ( 'NONE', *, *, #7363, .F. ) ;
#8459 = FACE_OUTER_BOUND ( 'NONE', #9724, .T. ) ;
#8460 = CONICAL_SURFACE ( 'NONE', #6709, 31.50000000000000000, 0.7853981633974344012 ) ;
#8461 = EDGE_CURVE ( 'NONE', #3025, #8971, #293, .T. ) ;
#8462 = ADVANCED_FACE ( 'NONE', ( #2323, #9684 ), #5295, .F. ) ;
#8463 = EDGE_LOOP ( 'NONE', ( #1950, #9497 ) ) ;
#8464 = CIRCLE ( 'NONE', #7083, 1.000000000000000000 ) ;
#8465 = ORIENTED_EDGE ( 'NONE', *, *, #8657, .T. ) ;
#8466 = FACE_OUTER_BOUND ( 'NONE', #5963, .T. ) ;
#8467 = VECTOR ( 'NONE', #2505, 1000.000000000000000 ) ;
#8468 = FACE_OUTER_BOUND ( 'NONE', #4569, .T. ) ;
#8469 = ORIENTED_EDGE ( 'NONE', *, *, #7833, .T. ) ;
#8470 = CARTESIAN_POINT ( 'NONE',  ( -83.77726090546464377, -32.90690173235615390, -5.101550585556418049 ) ) ;
#8471 = ORIENTED_EDGE ( 'NONE', *, *, #5408, .F. ) ;
#8472 = CARTESIAN_POINT ( 'NONE',  ( -19.89732793106028552, 31.89289554065197763, 3.948684026197200492 ) ) ;
#8473 = CARTESIAN_POINT ( 'NONE',  ( -29.29999999999997939, 17.72403791909879445, -20.90202088431346894 ) ) ;
#8474 = AXIS2_PLACEMENT_3D ( 'NONE', #4711, #1797, #297 ) ;
#8475 = ADVANCED_FACE ( 'NONE', ( #1525 ), #3599, .F. ) ;
#8476 = DIRECTION ( 'NONE',  ( 1.000000000000000000, -4.440892098500626162E-16, -2.121142188857532135E-16 ) ) ;
#8477 = CARTESIAN_POINT ( 'NONE',  ( -25.19999999999998508, -13.28949793359900866, 16.89121196084475329 ) ) ;
#8478 = VERTEX_POINT ( 'NONE', #4639 ) ;
#8479 = CARTESIAN_POINT ( 'NONE',  ( -32.39999999999324132, 32.35660431418607885, -1.285380919387683063 ) ) ;
#8480 = AXIS2_PLACEMENT_3D ( 'NONE', #5495, #9415, #3325 ) ;
#8481 = DIRECTION ( 'NONE',  ( -0.000000000000000000, 0.5437741451046699259, 0.8392316004034198196 ) ) ;
#8482 = DIRECTION ( 'NONE',  ( 0.000000000000000000, 0.6707851240784056257, -0.7416517493508107961 ) ) ;
#8483 = CYLINDRICAL_SURFACE ( 'NONE', #642, 2.000000000000005329 ) ;
#8484 = CARTESIAN_POINT ( 'NONE',  ( -30.69999999999998508, 9.947614658450367396E-13, -1.107694325011438000E-14 ) ) ;
#8485 = LINE ( 'NONE', #7742, #1896 ) ;
#8486 = CARTESIAN_POINT ( 'NONE',  ( -33.39999999999998437, 9.947582915715884728E-13, -1.107024957441548922E-14 ) ) ;
#8487 = CARTESIAN_POINT ( 'NONE',  ( -32.89999998610190346, -30.68716079469411895, -11.58213877029637828 ) ) ;
#8488 = ORIENTED_EDGE ( 'NONE', *, *, #8282, .T. ) ;
#8489 = VERTEX_POINT ( 'NONE', #2783 ) ;
#8490 = DIRECTION ( 'NONE',  ( 0.000000000000000000, 0.000000000000000000, 1.000000000000000000 ) ) ;
#8491 = ORIENTED_EDGE ( 'NONE', *, *, #5310, .F. ) ;
#8492 = CARTESIAN_POINT ( 'NONE',  ( -25.19999999999999218, -31.29423380247414599, 2.517509442474075154 ) ) ;
#8493 = CARTESIAN_POINT ( 'NONE',  ( 70.33232511283226529, -9.481370026207550088E-14, -2.243993897086055271E-14 ) ) ;
#8494 = ADVANCED_FACE ( 'NONE', ( #7575, #6927 ), #5106, .T. ) ;
#8495 = LINE ( 'NONE', #5808, #9580 ) ;
#8496 = CARTESIAN_POINT ( 'NONE',  ( -23.49999999999997513, 4.256000000000991434, 26.25731258145051683 ) ) ;
#8497 = ORIENTED_EDGE ( 'NONE', *, *, #1072, .F. ) ;
#8498 = DIRECTION ( 'NONE',  ( 1.000000000000000000, -4.440892098500626162E-16, -2.121142188857532135E-16 ) ) ;
#8499 = ORIENTED_EDGE ( 'NONE', *, *, #2728, .T. ) ;
#8500 = EDGE_LOOP ( 'NONE', ( #1405, #8664 ) ) ;
#8501 = DIRECTION ( 'NONE',  ( 0.000000000000000000, -3.513364001978340906E-15, 1.000000000000000000 ) ) ;
#8502 = FACE_OUTER_BOUND ( 'NONE', #9075, .T. ) ;
#8503 = ORIENTED_EDGE ( 'NONE', *, *, #515, .F. ) ;
#8504 = CARTESIAN_POINT ( 'NONE',  ( -30.69999999999999929, 31.69999999999998508, -1.479583105891303829E-13 ) ) ;
#8505 = AXIS2_PLACEMENT_3D ( 'NONE', #7107, #4719, #6269 ) ;
#8506 = EDGE_CURVE ( 'NONE', #7106, #3357, #2376, .T. ) ;
#8507 = CARTESIAN_POINT ( 'NONE',  ( -22.80000000001791705, 31.69999999999998508, -1.549324904481785836E-13 ) ) ;
#8508 = MANIFOLD_SOLID_BREP ( 'XM_7015RMD_BC-1-solid1', #9823 ) ;
#8509 = VERTEX_POINT ( 'NONE', #984 ) ;
#8510 = EDGE_CURVE ( 'NONE', #8589, #8866, #5891, .T. ) ;
#8511 = CARTESIAN_POINT ( 'NONE',  ( -1.500000000000001332, 2.022122120446816953E-15, 4.785837579276882292E-16 ) ) ;
#8512 = VERTEX_POINT ( 'NONE', #8523 ) ;
#8513 = AXIS2_PLACEMENT_3D ( 'NONE', #5641, #7922, #7184 ) ;
#8514 = ORIENTED_EDGE ( 'NONE', *, *, #6110, .T. ) ;
#8515 = CARTESIAN_POINT ( 'NONE',  ( -32.39999999999326263, -33.14147468682238440, 0.07405444337474401117 ) ) ;
#8516 = CARTESIAN_POINT ( 'NONE',  ( -42.91599376778213326, -32.48544952681287157, -0.9724037437341265244 ) ) ;
#8517 = ORIENTED_EDGE ( 'NONE', *, *, #3701, .T. ) ;
#8518 = CARTESIAN_POINT ( 'NONE',  ( -30.90000000000000213, 8.500000000000012434, -28.98275349237886545 ) ) ;
#8519 = EDGE_CURVE ( 'NONE', #2495, #965, #1679, .T. ) ;
#8520 = ORIENTED_EDGE ( 'NONE', *, *, #5613, .T. ) ;
#8521 = EDGE_CURVE ( 'NONE', #3783, #6529, #9710, .T. ) ;
#8522 = ADVANCED_FACE ( 'NONE', ( #3989 ), #144, .F. ) ;
#8523 = CARTESIAN_POINT ( 'NONE',  ( -29.29999999999999716, 9.188524590163948957, -28.03249927951398490 ) ) ;
#8524 = CARTESIAN_POINT ( 'NONE',  ( 70.33232511283226529, -9.481370026207550088E-14, -2.243993897086055271E-14 ) ) ;
#8525 = CARTESIAN_POINT ( 'NONE',  ( -23.49999999999997158, 15.00000000000098410, 14.99999999999992717 ) ) ;
#8526 = CARTESIAN_POINT ( 'NONE',  ( -32.89999999999997726, 6.600000000001118750, -32.12911452250125421 ) ) ;
#8527 = EDGE_CURVE ( 'NONE', #2859, #6014, #5588, .T. ) ;
#8528 = CARTESIAN_POINT ( 'NONE',  ( -30.69999999999999574, 31.69999999999998508, -1.479583105891304081E-13 ) ) ;
#8529 = EDGE_CURVE ( 'NONE', #6951, #234, #4737, .T. ) ;
#8530 = CARTESIAN_POINT ( 'NONE',  ( -32.89999999999998437, -14.63377288751883754, 29.35579688330408032 ) ) ;
#8531 = FACE_OUTER_BOUND ( 'NONE', #6581, .T. ) ;
#8532 = CYLINDRICAL_SURFACE ( 'NONE', #9534, 1.249999999999990674 ) ;
#8533 = AXIS2_PLACEMENT_3D ( 'NONE', #5048, #1234, #8876 ) ;
#8534 = DIRECTION ( 'NONE',  ( 1.000000000000000000, -4.440892098500626162E-16, -2.121142188857532135E-16 ) ) ;
#8535 = CARTESIAN_POINT ( 'NONE',  ( -33.32499999999999574, 37.84895836671251601, 0.05301890640147226968 ) ) ;
#8536 = ORIENTED_EDGE ( 'NONE', *, *, #756, .T. ) ;
#8537 = ORIENTED_EDGE ( 'NONE', *, *, #3224, .T. ) ;
#8538 = AXIS2_PLACEMENT_3D ( 'NONE', #7955, #3414, #8424 ) ;
#8539 = CARTESIAN_POINT ( 'NONE',  ( -20.89999999999998792, 15.00000000000016698, -14.99999999999983125 ) ) ;
#8540 = EDGE_LOOP ( 'NONE', ( #576, #1456, #653, #3632 ) ) ;
#8541 = DIRECTION ( 'NONE',  ( 1.000000000000000000, -1.348081413631192369E-15, -3.190558386184555325E-16 ) ) ;
#8542 = CARTESIAN_POINT ( 'NONE',  ( -9.908398390154197194E-15, -7.349999999973988452, 9.001153973701191413E-16 ) ) ;
#8543 = CARTESIAN_POINT ( 'NONE',  ( -32.89999999999998437, 32.41889583625843585, -4.948350868272187064 ) ) ;
#8544 = CYLINDRICAL_SURFACE ( 'NONE', #7292, 1.249999999999987121 ) ;
#8545 = CARTESIAN_POINT ( 'NONE',  ( -28.99999999999998934, 15.00000000000089706, -17.60000000000005116 ) ) ;
#8546 = DIRECTION ( 'NONE',  ( 1.000000000000000000, -4.440892098500626162E-16, -2.121142188857532135E-16 ) ) ;
#8547 = ORIENTED_EDGE ( 'NONE', *, *, #8506, .T. ) ;
#8548 = VERTEX_POINT ( 'NONE', #7771 ) ;
#8549 = CARTESIAN_POINT ( 'NONE',  ( -32.39999999999998437, -31.79094230992149406, -1.344410693882025498E-13 ) ) ;
#8550 = CARTESIAN_POINT ( 'NONE',  ( -33.89999999999999858, -14.99999999999900169, -14.99999999999995204 ) ) ;
#8551 = ORIENTED_EDGE ( 'NONE', *, *, #151, .F. ) ;
#8552 = CARTESIAN_POINT ( 'NONE',  ( -30.69999999999998508, 31.79094230992346581, 2.950000000000112532 ) ) ;
#8553 = DIRECTION ( 'NONE',  ( 1.175656832681595541E-18, -1.000000000000000000, -2.914616878206063915E-36 ) ) ;
#8554 = CARTESIAN_POINT ( 'NONE',  ( -23.49999999999997158, 16.25000000000098055, 14.99999999999992717 ) ) ;
#8555 = ORIENTED_EDGE ( 'NONE', *, *, #8820, .F. ) ;
#8556 = EDGE_CURVE ( 'NONE', #1999, #4234, #8432, .T. ) ;
#8557 = EDGE_CURVE ( 'NONE', #4041, #3115, #8667, .T. ) ;
#8558 = ORIENTED_EDGE ( 'NONE', *, *, #5786, .F. ) ;
#8559 = CARTESIAN_POINT ( 'NONE',  ( -30.99999999999998579, 9.947611131479868873E-13, -1.107619950837005845E-14 ) ) ;
#8560 = CIRCLE ( 'NONE', #7919, 1.000000000000000888 ) ;
#8561 = DIRECTION ( 'NONE',  ( 0.000000000000000000, 1.000000000000000000, -6.802837160693365582E-16 ) ) ;
#8562 = ORIENTED_EDGE ( 'NONE', *, *, #9260, .F. ) ;
#8563 = DIRECTION ( 'NONE',  ( 0.000000000000000000, -0.7416517493508473224, 0.6707851240783653246 ) ) ;
#8564 = ORIENTED_EDGE ( 'NONE', *, *, #1176, .F. ) ;
#8565 = DIRECTION ( 'NONE',  ( 0.000000000000000000, 0.000000000000000000, 1.000000000000000000 ) ) ;
#8566 = CARTESIAN_POINT ( 'NONE',  ( -32.89999999999997726, 32.12948776742007340, -4.493856549512864618 ) ) ;
#8567 = CIRCLE ( 'NONE', #4268, 33.00000000000000000 ) ;
#8568 = CARTESIAN_POINT ( 'NONE',  ( -33.39999999997189661, 31.79094230992348002, 1.126278223519507690E-13 ) ) ;
#8569 = EDGE_CURVE ( 'NONE', #1182, #862, #6977, .T. ) ;
#8570 = CIRCLE ( 'NONE', #9372, 1.249999999969408693 ) ;
#8571 = ADVANCED_FACE ( 'NONE', ( #4086, #2429 ), #9366, .T. ) ;
#8572 = EDGE_CURVE ( 'NONE', #9336, #2655, #9083, .T. ) ;
#8573 = ORIENTED_EDGE ( 'NONE', *, *, #7833, .F. ) ;
#8574 = CIRCLE ( 'NONE', #1877, 1.249999999999992450 ) ;
#8575 = DIRECTION ( 'NONE',  ( 1.000000000000000000, -1.348081413631192369E-15, -3.190558386184555325E-16 ) ) ;
#8576 = CIRCLE ( 'NONE', #5396, 31.50000000000000000 ) ;
#8577 = CARTESIAN_POINT ( 'NONE',  ( -32.89999999999999147, -13.64783282885906246, 29.82590029545436394 ) ) ;
#8578 = CIRCLE ( 'NONE', #6511, 26.60000000000000142 ) ;
#8579 = DIRECTION ( 'NONE',  ( -2.161476583036238204E-16, -1.000000000000000000, -5.551115123125791330E-17 ) ) ;
#8580 = FACE_BOUND ( 'NONE', #5216, .T. ) ;
#8581 = CIRCLE ( 'NONE', #6225, 3.950000000000002842 ) ;
#8582 = DIRECTION ( 'NONE',  ( -1.000000000000000000, 4.440892098500626162E-16, 2.121142188857532135E-16 ) ) ;
#8583 = VECTOR ( 'NONE', #7499, 1000.000000000000227 ) ;
#8584 = EDGE_CURVE ( 'NONE', #3976, #5667, #5587, .T. ) ;
#8585 = CARTESIAN_POINT ( 'NONE',  ( -33.32499999999999574, 30.44900076409683010, 2.448979565404542313 ) ) ;
#8586 = ADVANCED_FACE ( 'NONE', ( #7872 ), #4140, .T. ) ;
#8587 = ORIENTED_EDGE ( 'NONE', *, *, #1084, .T. ) ;
#8588 = VECTOR ( 'NONE', #7019, 1000.000000000000000 ) ;
#8589 = VERTEX_POINT ( 'NONE', #1867 ) ;
#8590 = DIRECTION ( 'NONE',  ( 0.000000000000000000, -1.000000000000000000, 0.000000000000000000 ) ) ;
#8591 = ORIENTED_EDGE ( 'NONE', *, *, #4491, .F. ) ;
#8592 = DIRECTION ( 'NONE',  ( -1.000000000000000000, 1.348181831873279409E-15, 3.205467292565838918E-16 ) ) ;
#8593 = CARTESIAN_POINT ( 'NONE',  ( -3.999999999999979128, -3.999999999999014566, 24.67792535850612978 ) ) ;
#8594 = CARTESIAN_POINT ( 'NONE',  ( -29.29999999999997584, 16.89121196084546028, -13.28949793360012244 ) ) ;
#8595 = CIRCLE ( 'NONE', #7327, 1.000000000000000000 ) ;
#8596 = DIRECTION ( 'NONE',  ( 1.000000000000000000, -1.348081413631192369E-15, -3.190558386184555325E-16 ) ) ;
#8597 = VERTEX_POINT ( 'NONE', #1825 ) ;
#8598 = ADVANCED_FACE ( 'NONE', ( #7915 ), #1070, .F. ) ;
#8599 = CYLINDRICAL_SURFACE ( 'NONE', #2993, 2.600000000000001421 ) ;
#8600 = ORIENTED_EDGE ( 'NONE', *, *, #8732, .T. ) ;
#8601 = ORIENTED_EDGE ( 'NONE', *, *, #4876, .F. ) ;
#8602 = CARTESIAN_POINT ( 'NONE',  ( -32.89999999999998437, -32.18689301334996600, -4.524626379006030596 ) ) ;
#8603 = AXIS2_PLACEMENT_3D ( 'NONE', #2159, #2313, #717 ) ;
#8604 = LINE ( 'NONE', #6962, #2829 ) ;
#8605 = EDGE_LOOP ( 'NONE', ( #5095, #3355, #6331, #8815 ) ) ;
#8606 = CARTESIAN_POINT ( 'NONE',  ( -32.40000000000000568, -30.25852531317756444, -0.07405444337407754429 ) ) ;
#8607 = VECTOR ( 'NONE', #3665, 1000.000000000000000 ) ;
#8608 = DIRECTION ( 'NONE',  ( -0.000000000000000000, -0.9999167070499455079, 0.01290654726847243611 ) ) ;
#8609 = DIRECTION ( 'NONE',  ( 8.825547355056099929E-16, 0.000000000000000000, 1.000000000000000000 ) ) ;
#8610 = AXIS2_PLACEMENT_3D ( 'NONE', #7578, #731, #2927 ) ;
#8611 = AXIS2_PLACEMENT_3D ( 'NONE', #808, #6904, #1549 ) ;
#8612 = ORIENTED_EDGE ( 'NONE', *, *, #4689, .T. ) ;
#8613 = EDGE_LOOP ( 'NONE', ( #2890, #9096 ) ) ;
#8614 = LINE ( 'NONE', #4834, #172 ) ;
#8615 = VECTOR ( 'NONE', #1033, 1000.000000000000000 ) ;
#8616 = LINE ( 'NONE', #8516, #532 ) ;
#8617 = ORIENTED_EDGE ( 'NONE', *, *, #2024, .F. ) ;
#8618 = CARTESIAN_POINT ( 'NONE',  ( -28.99999999999998934, -14.99999999999901235, 17.59999999999992326 ) ) ;
#8619 = AXIS2_PLACEMENT_3D ( 'NONE', #8288, #2133, #1442 ) ;
#8620 = ORIENTED_EDGE ( 'NONE', *, *, #3929, .T. ) ;
#8621 = CARTESIAN_POINT ( 'NONE',  ( -29.49999999999998934, 31.70000000000099050, -1.599999999999886624 ) ) ;
#8622 = EDGE_CURVE ( 'NONE', #5379, #8121, #2615, .T. ) ;
#8623 = CARTESIAN_POINT ( 'NONE',  ( -25.19999999999999929, -32.95528202195000489, -4.779057109270982373 ) ) ;
#8624 = VECTOR ( 'NONE', #3572, 1000.000000000000000 ) ;
#8625 = LINE ( 'NONE', #5592, #8615 ) ;
#8626 = EDGE_LOOP ( 'NONE', ( #4617, #8446, #2050, #1706 ) ) ;
#8627 = CARTESIAN_POINT ( 'NONE',  ( 70.33232511283226529, -9.481370026207550088E-14, -2.243993897086055271E-14 ) ) ;
#8628 = AXIS2_PLACEMENT_3D ( 'NONE', #4524, #3065, #3771 ) ;
#8629 = EDGE_CURVE ( 'NONE', #6472, #1496, #2377, .T. ) ;
#8630 = EDGE_CURVE ( 'NONE', #169, #8489, #946, .T. ) ;
#8631 = CARTESIAN_POINT ( 'NONE',  ( -29.29999999999999361, -14.99999999999998934, -14.99999999999998401 ) ) ;
#8632 = DIRECTION ( 'NONE',  ( -1.000000000000000000, 4.440892098500626162E-16, 2.121142188857532135E-16 ) ) ;
#8633 = DIRECTION ( 'NONE',  ( 0.000000000000000000, 1.000000000000000000, 0.000000000000000000 ) ) ;
#8634 = CARTESIAN_POINT ( 'NONE',  ( -33.54466991411008792, 35.34695989490621315, 4.950978037210846949 ) ) ;
#8635 = ORIENTED_EDGE ( 'NONE', *, *, #1514, .F. ) ;
#8636 = VECTOR ( 'NONE', #747, 1000.000000000000000 ) ;
#8637 = ORIENTED_EDGE ( 'NONE', *, *, #823, .F. ) ;
#8638 = DIRECTION ( 'NONE',  ( 0.000000000000000000, -0.5437741451046762542, -0.8392316004034157118 ) ) ;
#8639 = CARTESIAN_POINT ( 'NONE',  ( -33.89999999999854197, -31.79094230992150827, 3.449999999975659204 ) ) ;
#8640 = ADVANCED_FACE ( 'NONE', ( #8915 ), #1967, .F. ) ;
#8641 = CARTESIAN_POINT ( 'NONE',  ( -30.99999999999998579, 9.947611131479868873E-13, -1.107619950837005845E-14 ) ) ;
#8642 = ADVANCED_FACE ( 'NONE', ( #2069 ), #6621, .F. ) ;
#8643 = DIRECTION ( 'NONE',  ( -1.000000000000000000, 4.440892098500626162E-16, 2.121142188857532135E-16 ) ) ;
#8644 = DIRECTION ( 'NONE',  ( 1.261617073437677851E-15, 1.000000000000000000, 0.000000000000000000 ) ) ;
#8645 = CARTESIAN_POINT ( 'NONE',  ( -29.29999999999999716, -19.23499999999998877, -19.23499999999998522 ) ) ;
#8646 = FACE_OUTER_BOUND ( 'NONE', #6620, .T. ) ;
#8647 = VERTEX_POINT ( 'NONE', #7220 ) ;
#8648 = ORIENTED_EDGE ( 'NONE', *, *, #7417, .T. ) ;
#8649 = DIRECTION ( 'NONE',  ( -4.270088556250603178E-16, -1.000000000000000000, 0.000000000000000000 ) ) ;
#8650 = FACE_BOUND ( 'NONE', #5294, .T. ) ;
#8651 = EDGE_LOOP ( 'NONE', ( #6567, #7239, #2516, #1775 ) ) ;
#8652 = DIRECTION ( 'NONE',  ( -1.000000000000000000, 1.348081413631192369E-15, 3.190558386184555325E-16 ) ) ;
#8653 = LINE ( 'NONE', #171, #4168 ) ;
#8654 = MANIFOLD_SOLID_BREP ( 'XM_7015RMD_CA-1-solid1', #5995 ) ;
#8655 = EDGE_CURVE ( 'NONE', #3143, #6712, #5730, .T. ) ;
#8656 = PLANE ( 'NONE',  #7970 ) ;
#8657 = EDGE_CURVE ( 'NONE', #6057, #7182, #3626, .T. ) ;
#8658 = DIRECTION ( 'NONE',  ( 0.000000000000000000, 0.000000000000000000, 1.000000000000000000 ) ) ;
#8659 = ORIENTED_EDGE ( 'NONE', *, *, #5999, .F. ) ;
#8660 = ORIENTED_EDGE ( 'NONE', *, *, #7857, .F. ) ;
#8661 = CARTESIAN_POINT ( 'NONE',  ( -30.69999999999998863, 33.87364542785747545, 2.950000000000117861 ) ) ;
#8662 = CIRCLE ( 'NONE', #1319, 33.00000000000000000 ) ;
#8663 = DIRECTION ( 'NONE',  ( 1.000000000000000000, -2.161476583036237957E-16, -5.473344771987708442E-16 ) ) ;
#8664 = ORIENTED_EDGE ( 'NONE', *, *, #5299, .F. ) ;
#8665 = CARTESIAN_POINT ( 'NONE',  ( -29.29999999999999005, -16.89121196084347076, 13.28949793360009934 ) ) ;
#8666 = EDGE_LOOP ( 'NONE', ( #6924, #3483, #2818, #5826 ) ) ;
#8667 = LINE ( 'NONE', #228, #6851 ) ;
#8668 = FILL_AREA_STYLE_COLOUR ( '', #3804 ) ;
#8669 = CIRCLE ( 'NONE', #9458, 2.600000000000000089 ) ;
#8670 = MANIFOLD_SOLID_BREP ( 'M3¡Á8 SHB-2-solid1', #1351 ) ;
#8671 = DIRECTION ( 'NONE',  ( 1.000000000000000000, -0.000000000000000000, -0.000000000000000000 ) ) ;
#8672 = EDGE_LOOP ( 'NONE', ( #9122, #7885 ) ) ;
#8673 = CARTESIAN_POINT ( 'NONE',  ( -20.89999999999997371, -19.23499999999978982, 20.48500000000020194 ) ) ;
#8674 = CIRCLE ( 'NONE', #6763, 6.349999999999999645 ) ;
#8675 = LINE ( 'NONE', #9474, #2646 ) ;
#8676 = CARTESIAN_POINT ( 'NONE',  ( -33.70000000000000995, -31.04339568581391262, -1.285380919387465237 ) ) ;
#8677 = CARTESIAN_POINT ( 'NONE',  ( -29.29999999999997584, -15.00000000000004086, 18.74999999999996092 ) ) ;
#8678 = DIRECTION ( 'NONE',  ( 0.000000000000000000, 1.000000000000000000, 0.000000000000000000 ) ) ;
#8679 = EDGE_CURVE ( 'NONE', #2964, #7508, #8116, .T. ) ;
#8680 = VERTEX_POINT ( 'NONE', #7375 ) ;
#8681 = DIRECTION ( 'NONE',  ( -1.000000000000000000, 2.161476583036237957E-16, 5.473344771987708442E-16 ) ) ;
#8682 = CYLINDRICAL_SURFACE ( 'NONE', #2678, 2.750000000000001776 ) ;
#8683 = DIRECTION ( 'NONE',  ( -1.000000000000000000, 0.000000000000000000, 5.473344771987708442E-16 ) ) ;
#8684 = DIRECTION ( 'NONE',  ( 1.000000000000000000, 1.175656832681595541E-18, -2.479139147737537908E-18 ) ) ;
#8685 = CARTESIAN_POINT ( 'NONE',  ( -30.89999999999998792, 1.007476390756466385E-14, 1.622779942970096890E-14 ) ) ;
#8686 = CARTESIAN_POINT ( 'NONE',  ( -32.39999999999998437, 31.91870648514024467, -4.948350868272185288 ) ) ;
#8687 = DIRECTION ( 'NONE',  ( 2.346194846099210504E-16, 0.05130642338009983039, 0.9986829581603673400 ) ) ;
#8688 = VERTEX_POINT ( 'NONE', #7516 ) ;
#8689 = CLOSED_SHELL ( 'NONE', ( #2882, #8475, #4687, #4381, #4247, #1500, #5239, #9441, #4935, #7679, #772, #9473, #5650, #2235, #9869, #972, #7276, #3775, #2419, #4416, #9641, #6978, #8020, #4698, #8948, #3949, #539, #4614, #1844, #6880, #872, #4696, #2825, #4171 ) ) ;
#8690 = EDGE_CURVE ( 'NONE', #9456, #1782, #5896, .T. ) ;
#8691 = EDGE_CURVE ( 'NONE', #2340, #6477, #5976, .T. ) ;
#8692 = EDGE_CURVE ( 'NONE', #9455, #3608, #299, .T. ) ;
#8693 = AXIS2_PLACEMENT_3D ( 'NONE', #4395, #5344, #6783 ) ;
#8694 = EDGE_LOOP ( 'NONE', ( #1622, #3906 ) ) ;
#8695 =( BOUNDED_SURFACE ( )  B_SPLINE_SURFACE ( 3, 3, ( 
 ( #5275, #6123, #8255, #3722 ),
 ( #2308, #8308, #4469, #666 ),
 ( #615, #6809, #8401, #14 ),
 ( #1358, #1462, #9859, #6765 ) ),
 .UNSPECIFIED., .F., .F., .F. ) 
 B_SPLINE_SURFACE_WITH_KNOTS ( ( 4, 4 ),
 ( 4, 4 ),
 ( 0.000000000000000000, 1.000000000000000000 ),
 ( 0.000000000000000000, 1.000000000000000000 ),
 .UNSPECIFIED. ) 
 GEOMETRIC_REPRESENTATION_ITEM ( )  RATIONAL_B_SPLINE_SURFACE ( (
 ( 1.000000000000000000, 0.3333333333333315940, 0.3333333333333315940, 1.000000000000000000),
 ( 0.8047378541243649375, 0.2682459513747869062, 0.2682459513747869062, 0.8047378541243649375),
 ( 0.8047378541243649375, 0.2682459513747869062, 0.2682459513747869062, 0.8047378541243649375),
 ( 1.000000000000000000, 0.3333333333333315940, 0.3333333333333315940, 1.000000000000000000) ) ) 
 REPRESENTATION_ITEM ( '' )  SURFACE ( )  );
#8696 = DIRECTION ( 'NONE',  ( 0.000000000000000000, -4.133657621222720042E-15, 1.000000000000000000 ) ) ;
#8697 = PRODUCT ( 'RMD-7015', 'RMD-7015', '', ( #729 ) ) ;
#8698 = CARTESIAN_POINT ( 'NONE',  ( -30.99999999999998579, 6.600000000001118750, -32.63939337671581598 ) ) ;
#8699 = ORIENTED_EDGE ( 'NONE', *, *, #7493, .T. ) ;
#8700 = LINE ( 'NONE', #1205, #3803 ) ;
#8701 = DIRECTION ( 'NONE',  ( -1.000000000000000000, 0.000000000000000000, -0.000000000000000000 ) ) ;
#8702 = DIRECTION ( 'NONE',  ( -1.000000000000000000, 1.348081413631192369E-15, 3.190558386184555325E-16 ) ) ;
#8703 = DIRECTION ( 'NONE',  ( 1.000000000000000000, -4.440892098500626162E-16, -2.121142188857532135E-16 ) ) ;
#8704 = EDGE_LOOP ( 'NONE', ( #3969, #4911, #5606, #9517, #4220, #5122 ) ) ;
#8705 = EDGE_CURVE ( 'NONE', #3306, #2747, #1467, .T. ) ;
#8706 = ORIENTED_EDGE ( 'NONE', *, *, #9061, .T. ) ;
#8707 = DIRECTION ( 'NONE',  ( -1.000000000000000000, 4.440892098500626162E-16, 2.121142188857532135E-16 ) ) ;
#8708 = CARTESIAN_POINT ( 'NONE',  ( -83.77726090546464377, -34.33129643109947438, 3.407651003243789667 ) ) ;
#8709 = ORIENTED_EDGE ( 'NONE', *, *, #1489, .T. ) ;
#8710 = DIRECTION ( 'NONE',  ( 0.000000000000000000, 0.000000000000000000, 1.000000000000000000 ) ) ;
#8711 = CARTESIAN_POINT ( 'NONE',  ( -29.29999999999998650, -20.90202088431246352, 17.72403791909764337 ) ) ;
#8712 = ORIENTED_EDGE ( 'NONE', *, *, #4788, .T. ) ;
#8713 = CARTESIAN_POINT ( 'NONE',  ( -30.89999999999997016, 19.23500000000001009, 19.23500000000001720 ) ) ;
#8714 = LINE ( 'NONE', #9368, #6832 ) ;
#8715 = CARTESIAN_POINT ( 'NONE',  ( -42.91599376778213326, -30.73958990536177183, 0.8000702782374439215 ) ) ;
#8716 = ORIENTED_EDGE ( 'NONE', *, *, #8510, .F. ) ;
#8717 = VERTEX_POINT ( 'NONE', #2365 ) ;
#8718 = DIRECTION ( 'NONE',  ( 1.261617073437677851E-15, 1.000000000000000000, 0.000000000000000000 ) ) ;
#8719 = STYLED_ITEM ( 'NONE', ( #2718 ), #2110 ) ;
#8720 = CARTESIAN_POINT ( 'NONE',  ( -29.29999999999999005, -28.77408854166666785, -3.820143356340652385 ) ) ;
#8721 = CARTESIAN_POINT ( 'NONE',  ( -28.99999999999998934, 15.00000000000089706, -15.00000000000005151 ) ) ;
#8722 = FACE_BOUND ( 'NONE', #1368, .T. ) ;
#8723 = FACE_OUTER_BOUND ( 'NONE', #5965, .T. ) ;
#8724 = AXIS2_PLACEMENT_3D ( 'NONE', #6666, #2067, #5139 ) ;
#8725 = EDGE_LOOP ( 'NONE', ( #1034, #4470, #9021, #6006, #4413 ) ) ;
#8726 = AXIS2_PLACEMENT_3D ( 'NONE', #8113, #2805, #5726 ) ;
#8727 = AXIS2_PLACEMENT_3D ( 'NONE', #5600, #8632, #1787 ) ;
#8728 = CARTESIAN_POINT ( 'NONE',  ( -30.69999999999998508, -31.79094230992150827, 2.949999999999865619 ) ) ;
#8729 = DIRECTION ( 'NONE',  ( 1.000000000000000000, -4.440892098500626162E-16, -2.121142188857532135E-16 ) ) ;
#8730 = CARTESIAN_POINT ( 'NONE',  ( -33.89999999999997016, 13.75000000000099831, 14.99999999999992895 ) ) ;
#8731 = CARTESIAN_POINT ( 'NONE',  ( -33.89999999999998437, 15.00000000000089706, -12.40000000000005365 ) ) ;
#8732 = EDGE_CURVE ( 'NONE', #9521, #2964, #1420, .T. ) ;
#8733 = DIRECTION ( 'NONE',  ( 1.000000000000000000, -4.440892098500626162E-16, -2.121142188857532135E-16 ) ) ;
#8734 = AXIS2_PLACEMENT_3D ( 'NONE', #4072, #7714, #3216 ) ;
#8735 = CARTESIAN_POINT ( 'NONE',  ( -3.499999999999998668, -3.961912117822069243E-14, 12.50000000000000178 ) ) ;
#8736 = AXIS2_PLACEMENT_3D ( 'NONE', #661, #7555, #3817 ) ;
#8737 = CARTESIAN_POINT ( 'NONE',  ( -32.89999999999998437, -21.17213326394545092, -25.05350465578117536 ) ) ;
#8738 = ORIENTED_EDGE ( 'NONE', *, *, #7528, .F. ) ;
#8739 = AXIS2_PLACEMENT_3D ( 'NONE', #7887, #8035, #1146 ) ;
#8740 = ORIENTED_EDGE ( 'NONE', *, *, #3521, .T. ) ;
#8741 = CARTESIAN_POINT ( 'NONE',  ( -41.47991357707551430, 6.600000000001116973, -31.83191206961778619 ) ) ;
#8742 = DIRECTION ( 'NONE',  ( 1.000000000000000000, -1.348081413631192369E-15, -3.190558386184555325E-16 ) ) ;
#8743 = ORIENTED_EDGE ( 'NONE', *, *, #5603, .F. ) ;
#8744 = DIRECTION ( 'NONE',  ( 0.000000000000000000, 0.6707851240784056257, -0.7416517493508107961 ) ) ;
#8745 = VECTOR ( 'NONE', #854, 1000.000000000000000 ) ;
#8746 = DIRECTION ( 'NONE',  ( 0.000000000000000000, 1.000000000000000000, 0.000000000000000000 ) ) ;
#8747 = CARTESIAN_POINT ( 'NONE',  ( -25.19999999999999574, 9.930759254642225199E-13, -1.188719181843139531E-14 ) ) ;
#8748 = ADVANCED_FACE ( 'NONE', ( #8407 ), #7016, .F. ) ;
#8749 = EDGE_CURVE ( 'NONE', #6003, #3592, #9884, .T. ) ;
#8750 = DIRECTION ( 'NONE',  ( -1.000000000000000000, 4.440892098500626162E-16, 2.121142188857532135E-16 ) ) ;
#8751 = DIRECTION ( 'NONE',  ( -1.000000000000000000, 4.440892098500626162E-16, 2.121142188857532135E-16 ) ) ;
#8752 = ORIENTED_EDGE ( 'NONE', *, *, #6394, .T. ) ;
#8753 = MECHANICAL_DESIGN_GEOMETRIC_PRESENTATION_REPRESENTATION (  '', ( #5265 ), #6061 ) ;
#8754 = ORIENTED_EDGE ( 'NONE', *, *, #884, .T. ) ;
#8755 = DIRECTION ( 'NONE',  ( -1.000000000000000000, 4.440892098500626162E-16, 2.121142188857532135E-16 ) ) ;
#8756 = CIRCLE ( 'NONE', #3970, 2.750000000000001776 ) ;
#8757 = FACE_BOUND ( 'NONE', #9829, .T. ) ;
#8758 = ORIENTED_EDGE ( 'NONE', *, *, #6263, .F. ) ;
#8759 = CARTESIAN_POINT ( 'NONE',  ( -32.39999999999998437, 9.783840404509192012E-13, -1.344410693882025498E-14 ) ) ;
#8760 = CIRCLE ( 'NONE', #2538, 2.599999999999998312 ) ;
#8761 = CARTESIAN_POINT ( 'NONE',  ( -22.19999999999999574, -33.29999999999900240, -1.252353447508865394E-14 ) ) ;
#8762 = ORIENTED_EDGE ( 'NONE', *, *, #9350, .F. ) ;
#8763 =( LENGTH_UNIT ( ) NAMED_UNIT ( * ) SI_UNIT ( .MILLI., .METRE. ) );
#8764 = VECTOR ( 'NONE', #463, 1000.000000000000000 ) ;
#8765 = EDGE_CURVE ( 'NONE', #4160, #3586, #2266, .T. ) ;
#8766 = EDGE_CURVE ( 'NONE', #7593, #7854, #5110, .T. ) ;
#8767 = DIRECTION ( 'NONE',  ( 5.519574696289840845E-16, 0.000000000000000000, 1.000000000000000000 ) ) ;
#8768 = CARTESIAN_POINT ( 'NONE',  ( -23.49999999999998579, -19.23330444827314523, 19.23330444827405472 ) ) ;
#8769 = ORIENTED_EDGE ( 'NONE', *, *, #3264, .F. ) ;
#8770 = AXIS2_PLACEMENT_3D ( 'NONE', #6043, #684, #1435 ) ;
#8771 = ORIENTED_EDGE ( 'NONE', *, *, #257, .F. ) ;
#8772 = AXIS2_PLACEMENT_3D ( 'NONE', #1700, #6163, #158 ) ;
#8773 = DIRECTION ( 'NONE',  ( 0.000000000000000000, 0.9986829581603673400, -0.05130642338010032305 ) ) ;
#8774 = ORIENTED_EDGE ( 'NONE', *, *, #6804, .T. ) ;
#8775 = ORIENTED_EDGE ( 'NONE', *, *, #6561, .T. ) ;
#8776 = AXIS2_PLACEMENT_3D ( 'NONE', #2562, #3270, #3225 ) ;
#8777 = EDGE_CURVE ( 'NONE', #3769, #9675, #4302, .T. ) ;
#8778 = ADVANCED_FACE ( 'NONE', ( #5377 ), #5228, .T. ) ;
#8779 = DIRECTION ( 'NONE',  ( 1.000000000000000000, -2.161476583036237957E-16, -5.473344771987708442E-16 ) ) ;
#8780 = CIRCLE ( 'NONE', #4644, 2.000000000000005329 ) ;
#8781 = DIRECTION ( 'NONE',  ( -1.000000000000000000, 4.440892098500626162E-16, 2.121142188857532135E-16 ) ) ;
#8782 = CARTESIAN_POINT ( 'NONE',  ( -29.49999999999998934, -31.69999999999900808, 1.599999999999862865 ) ) ;
#8783 = EDGE_LOOP ( 'NONE', ( #5556, #9126 ) ) ;
#8784 = CIRCLE ( 'NONE', #4490, 34.50000000000000000 ) ;
#8785 = DIRECTION ( 'NONE',  ( 0.000000000000000000, -0.5437741451046754770, -0.8392316004034162669 ) ) ;
#8786 = DIRECTION ( 'NONE',  ( 1.000000000000000000, -4.440892098500626162E-16, -2.121142188857532135E-16 ) ) ;
#8787 = CARTESIAN_POINT ( 'NONE',  ( -33.63881709647567675, 34.11246252433322468, -3.188817096475596635 ) ) ;
#8788 = DIRECTION ( 'NONE',  ( -1.000000000000000000, 2.161476583036237957E-16, 5.473344771987708442E-16 ) ) ;
#8789 = CARTESIAN_POINT ( 'NONE',  ( -29.29999999999997939, 28.77408854166667496, 3.820143356340674590 ) ) ;
#8790 = CIRCLE ( 'NONE', #2727, 1.649999999999995248 ) ;
#8791 = DIRECTION ( 'NONE',  ( 1.000000000000000000, 1.175656832681595541E-18, -2.479139147737537908E-18 ) ) ;
#8792 = DIRECTION ( 'NONE',  ( 1.000000000000000000, -1.387455962210850830E-16, 1.254881176481421247E-16 ) ) ;
#8793 = VERTEX_POINT ( 'NONE', #5330 ) ;
#8794 = ORIENTED_EDGE ( 'NONE', *, *, #1982, .T. ) ;
#8795 = DIRECTION ( 'NONE',  ( 1.000000000000000000, -4.440892098500626162E-16, -2.121142188857532135E-16 ) ) ;
#8796 = CARTESIAN_POINT ( 'NONE',  ( -33.40000000000128466, -31.79094230992147985, -2.950000000001417710 ) ) ;
#8797 = ORIENTED_EDGE ( 'NONE', *, *, #4368, .F. ) ;
#8798 = DIRECTION ( 'NONE',  ( -1.175656832681585912E-18, 1.000000000000000000, 3.890984756615977524E-15 ) ) ;
#8799 = AXIS2_PLACEMENT_3D ( 'NONE', #85, #3131, #7688 ) ;
#8800 = DIRECTION ( 'NONE',  ( -1.000000000000000000, 4.440892098500626162E-16, 2.121142188857532135E-16 ) ) ;
#8801 = DIRECTION ( 'NONE',  ( -3.912910096188286323E-16, -1.000000000000000000, 0.000000000000000000 ) ) ;
#8802 = DIRECTION ( 'NONE',  ( 1.000000000000000000, -4.440892098500626162E-16, -2.121142188857532135E-16 ) ) ;
#8803 = ORIENTED_EDGE ( 'NONE', *, *, #9432, .F. ) ;
#8804 = ORIENTED_EDGE ( 'NONE', *, *, #4814, .T. ) ;
#8805 = LINE ( 'NONE', #8109, #5286 ) ;
#8806 = EDGE_CURVE ( 'NONE', #2098, #1959, #3342, .T. ) ;
#8807 = EDGE_CURVE ( 'NONE', #7745, #8238, #7658, .T. ) ;
#8808 = FACE_BOUND ( 'NONE', #3010, .T. ) ;
#8809 = ORIENTED_EDGE ( 'NONE', *, *, #5472, .T. ) ;
#8810 = CARTESIAN_POINT ( 'NONE',  ( -19.99999999999999289, 9.907666615730020731E-13, -1.299018575663730817E-14 ) ) ;
#8811 = CARTESIAN_POINT ( 'NONE',  ( -32.89999999999998437, -1.199999999998879074, -32.77804143020144778 ) ) ;
#8812 = VERTEX_POINT ( 'NONE', #8262 ) ;
#8813 =( NAMED_UNIT ( * ) SI_UNIT ( $, .STERADIAN. ) SOLID_ANGLE_UNIT ( ) );
#8814 = CARTESIAN_POINT ( 'NONE',  ( -2.999999999999999112, 4.044244240893584208E-15, 9.571675158553656116E-16 ) ) ;
#8815 = ORIENTED_EDGE ( 'NONE', *, *, #454, .T. ) ;
#8816 = VECTOR ( 'NONE', #9774, 1000.000000000000000 ) ;
#8817 = ORIENTED_EDGE ( 'NONE', *, *, #4339, .F. ) ;
#8818 = VERTEX_POINT ( 'NONE', #4573 ) ;
#8819 = EDGE_CURVE ( 'NONE', #7003, #3455, #955, .T. ) ;
#8820 = EDGE_CURVE ( 'NONE', #5987, #5622, #6538, .T. ) ;
#8821 = ADVANCED_FACE ( 'NONE', ( #768 ), #9725, .F. ) ;
#8822 = CARTESIAN_POINT ( 'NONE',  ( -29.49999999999998934, 31.91870648514024467, -3.948350868272184844 ) ) ;
#8823 = VERTEX_POINT ( 'NONE', #869 ) ;
#8824 = ORIENTED_EDGE ( 'NONE', *, *, #3399, .T. ) ;
#8825 = AXIS2_PLACEMENT_3D ( 'NONE', #3302, #3258, #9349 ) ;
#8826 = PLANE ( 'NONE',  #9518 ) ;
#8827 = CARTESIAN_POINT ( 'NONE',  ( -32.89999999999998437, 15.00000000000087752, 15.00000000000004796 ) ) ;
#8828 = DIRECTION ( 'NONE',  ( -1.000000000000000000, 2.161476583036237957E-16, 5.473344771987708442E-16 ) ) ;
#8829 = LINE ( 'NONE', #2030, #238 ) ;
#8830 = AXIS2_PLACEMENT_3D ( 'NONE', #7977, #1082, #3185 ) ;
#8831 = EDGE_CURVE ( 'NONE', #366, #8078, #4829, .T. ) ;
#8832 = ORIENTED_EDGE ( 'NONE', *, *, #4236, .F. ) ;
#8833 = CARTESIAN_POINT ( 'NONE',  ( -30.89999999999999503, -29.11588541666666430, -4.745020168928391513 ) ) ;
#8834 = LINE ( 'NONE', #4898, #6364 ) ;
#8835 = CARTESIAN_POINT ( 'NONE',  ( -33.72601700394190516, 34.01673104401921677, -3.276017003941820160 ) ) ;
#8836 = CYLINDRICAL_SURFACE ( 'NONE', #3520, 1.249999999999990674 ) ;
#8837 = LINE ( 'NONE', #1989, #7774 ) ;
#8838 = DIRECTION ( 'NONE',  ( 0.000000000000000000, 0.000000000000000000, 1.000000000000000000 ) ) ;
#8839 = CARTESIAN_POINT ( 'NONE',  ( -32.89999999999998437, -20.35184207277728419, -25.72673637576724204 ) ) ;
#8840 = ORIENTED_EDGE ( 'NONE', *, *, #9495, .F. ) ;
#8841 = ORIENTED_EDGE ( 'NONE', *, *, #1905, .F. ) ;
#8842 = CARTESIAN_POINT ( 'NONE',  ( -32.89999999999999147, 32.41897862687611820, 4.881495555902837680 ) ) ;
#8843 = CARTESIAN_POINT ( 'NONE',  ( -3.999999999999981792, 18.50000000000097700, 22.99999999999998579 ) ) ;
#8844 = ORIENTED_EDGE ( 'NONE', *, *, #974, .F. ) ;
#8845 = DIRECTION ( 'NONE',  ( 1.000000000000000000, -1.348081413631192369E-15, -3.190558386184555325E-16 ) ) ;
#8846 = DIRECTION ( 'NONE',  ( -1.000000000000000000, 4.440892098500626162E-16, 2.121142188857532135E-16 ) ) ;
#8847 = CARTESIAN_POINT ( 'NONE',  ( -32.39999999998894253, 32.35660431418607885, -1.285380919387682619 ) ) ;
#8848 = CARTESIAN_POINT ( 'NONE',  ( -33.70000000000000995, -32.35660431418611438, 1.285380919387597576 ) ) ;
#8849 = AXIS2_PLACEMENT_3D ( 'NONE', #4494, #4440, #5300 ) ;
#8850 = DIRECTION ( 'NONE',  ( -1.348181831873279607E-15, -1.000000000000000000, 0.000000000000000000 ) ) ;
#8851 = ORIENTED_EDGE ( 'NONE', *, *, #25, .F. ) ;
#8852 = ORIENTED_EDGE ( 'NONE', *, *, #1514, .T. ) ;
#8853 = FACE_BOUND ( 'NONE', #4071, .T. ) ;
#8854 = CARTESIAN_POINT ( 'NONE',  ( -32.39999999999996305, -31.91870648513821962, -4.948350868272407332 ) ) ;
#8855 = ORIENTED_EDGE ( 'NONE', *, *, #5423, .T. ) ;
#8856 = DIRECTION ( 'NONE',  ( 1.000000000000000000, -1.349229370204182792E-15, -3.192373063429540231E-16 ) ) ;
#8857 = CARTESIAN_POINT ( 'NONE',  ( -32.89999999999999147, -31.98081100064488425, 4.448350868272160419 ) ) ;
#8858 = EDGE_LOOP ( 'NONE', ( #7216, #2059, #6264, #7085 ) ) ;
#8859 = TOROIDAL_SURFACE ( 'NONE', #1200, 32.79999999999999716, 0.5000000000000123235 ) ;
#8860 = CARTESIAN_POINT ( 'NONE',  ( -33.89999999999999858, -16.24999999999899458, -14.99999999999995204 ) ) ;
#8861 = FACE_OUTER_BOUND ( 'NONE', #3114, .T. ) ;
#8862 = EDGE_CURVE ( 'NONE', #1555, #9399, #4074, .T. ) ;
#8863 = ADVANCED_FACE ( 'NONE', ( #1057, #8459 ), #9355, .F. ) ;
#8864 = CARTESIAN_POINT ( 'NONE',  ( -23.49999999999995737, 20.03330444827522783, 19.23330444827390906 ) ) ;
#8865 = ORIENTED_EDGE ( 'NONE', *, *, #4689, .F. ) ;
#8866 = VERTEX_POINT ( 'NONE', #4679 ) ;
#8867 = VERTEX_POINT ( 'NONE', #312 ) ;
#8868 = DIRECTION ( 'NONE',  ( 1.000000000000000000, -4.440892098500626162E-16, -2.121142188857532135E-16 ) ) ;
#8869 = ORIENTED_EDGE ( 'NONE', *, *, #1982, .F. ) ;
#8870 = EDGE_LOOP ( 'NONE', ( #9857, #3826 ) ) ;
#8871 = CARTESIAN_POINT ( 'NONE',  ( -22.80000000000000782, -31.70000000000002061, -1.499999999985976995 ) ) ;
#8872 = ADVANCED_FACE ( 'NONE', ( #6318 ), #2506, .T. ) ;
#8873 = EDGE_CURVE ( 'NONE', #2868, #4658, #7718, .T. ) ;
#8874 = ADVANCED_FACE ( 'NONE', ( #5625 ), #8656, .T. ) ;
#8875 = LINE ( 'NONE', #1934, #4633 ) ;
#8876 = DIRECTION ( 'NONE',  ( 0.000000000000000000, 0.000000000000000000, 1.000000000000000000 ) ) ;
#8877 = ORIENTED_EDGE ( 'NONE', *, *, #4065, .T. ) ;
#8878 = CIRCLE ( 'NONE', #5231, 2.249999999999998668 ) ;
#8879 = CARTESIAN_POINT ( 'NONE',  ( -33.89999999999998437, -17.54999999999879634, 15.00000000000014921 ) ) ;
#8880 = CYLINDRICAL_SURFACE ( 'NONE', #3697, 2.000000000000005329 ) ;
#8881 = LINE ( 'NONE', #9538, #9733 ) ;
#8882 = EDGE_CURVE ( 'NONE', #7068, #1543, #1899, .T. ) ;
#8883 = EDGE_CURVE ( 'NONE', #1108, #2262, #6416, .T. ) ;
#8884 = CYLINDRICAL_SURFACE ( 'NONE', #8410, 34.50000000000000000 ) ;
#8885 = VECTOR ( 'NONE', #6146, 1000.000000000000114 ) ;
#8886 = VECTOR ( 'NONE', #3798, 1000.000000000000000 ) ;
#8887 = CARTESIAN_POINT ( 'NONE',  ( -32.39999999997924363, -31.70000000000001350, 1.249999999969477527 ) ) ;
#8888 = CARTESIAN_POINT ( 'NONE',  ( -23.49999999999998579, -20.03330444827313528, 19.23330444827405472 ) ) ;
#8889 = ORIENTED_EDGE ( 'NONE', *, *, #3940, .T. ) ;
#8890 = CIRCLE ( 'NONE', #6042, 1.249999999969347186 ) ;
#8891 = AXIS2_PLACEMENT_3D ( 'NONE', #8721, #8075, #1933 ) ;
#8892 = VERTEX_POINT ( 'NONE', #917 ) ;
#8893 = DIRECTION ( 'NONE',  ( 1.000000000000000000, 1.175656832681595541E-18, -2.479139147737537908E-18 ) ) ;
#8894 = CIRCLE ( 'NONE', #3973, 1.000000000000000000 ) ;
#8895 = VERTEX_POINT ( 'NONE', #116 ) ;
#8896 = LINE ( 'NONE', #2051, #2033 ) ;
#8897 = CARTESIAN_POINT ( 'NONE',  ( -6.212532315221978728E-15, -1.649999999999863576, -12.50000000000000000 ) ) ;
#8898 = CARTESIAN_POINT ( 'NONE',  ( -19.89732793106028552, 31.91870648514024467, -3.948350868272184844 ) ) ;
#8899 = VECTOR ( 'NONE', #5862, 1000.000000000000000 ) ;
#8900 = AXIS2_PLACEMENT_3D ( 'NONE', #4840, #2616, #1127 ) ;
#8901 = ADVANCED_FACE ( 'NONE', ( #4725 ), #2060, .F. ) ;
#8902 = AXIS2_PLACEMENT_3D ( 'NONE', #9658, #5129, #8850 ) ;
#8903 = CARTESIAN_POINT ( 'NONE',  ( -32.39999999999998437, -31.91870648513821962, -3.948350868272417102 ) ) ;
#8904 = AXIS2_PLACEMENT_3D ( 'NONE', #2141, #8345, #5210 ) ;
#8905 = CYLINDRICAL_SURFACE ( 'NONE', #5725, 0.7999999999999917177 ) ;
#8906 = ORIENTED_EDGE ( 'NONE', *, *, #9557, .T. ) ;
#8907 = EDGE_LOOP ( 'NONE', ( #9275, #3096, #5762, #7865, #660 ) ) ;
#8908 = CARTESIAN_POINT ( 'NONE',  ( -22.99999999999996803, 32.48544952681486109, -0.9724037437341378487 ) ) ;
#8909 = VECTOR ( 'NONE', #1477, 1000.000000000000000 ) ;
#8910 = LINE ( 'NONE', #7262, #2751 ) ;
#8911 = EDGE_LOOP ( 'NONE', ( #4867, #9827, #679, #8108, #2794 ) ) ;
#8912 = CARTESIAN_POINT ( 'NONE',  ( -33.32499999999999574, 31.69999999999998508, -2.750000000000147438 ) ) ;
#8913 = DIRECTION ( 'NONE',  ( 1.000000000000000000, -4.440892098500626162E-16, -2.121142188857532135E-16 ) ) ;
#8914 = ORIENTED_EDGE ( 'NONE', *, *, #4933, .F. ) ;
#8915 = FACE_OUTER_BOUND ( 'NONE', #5273, .T. ) ;
#8916 = CARTESIAN_POINT ( 'NONE',  ( -32.39999999999192681, 31.69999999999998508, -1.464757135027916490E-13 ) ) ;
#8917 = AXIS2_PLACEMENT_3D ( 'NONE', #3677, #67, #6771 ) ;
#8918 = EDGE_LOOP ( 'NONE', ( #9898, #2166, #4344, #70 ) ) ;
#8919 = ORIENTED_EDGE ( 'NONE', *, *, #7049, .T. ) ;
#8921 = ORIENTED_EDGE ( 'NONE', *, *, #8569, .T. ) ;
#8920 = AXIS2_PLACEMENT_3D ( 'NONE', #5380, #827, #6134 ) ;
#8922 = FACE_OUTER_BOUND ( 'NONE', #6717, .T. ) ;
#8923 = ORIENTED_EDGE ( 'NONE', *, *, #8831, .T. ) ;
#8924 = CIRCLE ( 'NONE', #5904, 1.249999999999992450 ) ;
#8925 = VERTEX_POINT ( 'NONE', #8554 ) ;
#8926 = EDGE_CURVE ( 'NONE', #7440, #3727, #8924, .T. ) ;
#8927 = CARTESIAN_POINT ( 'NONE',  ( -30.89999999999998082, -19.23499999999978627, 19.23500000000021615 ) ) ;
#8928 = AXIS2_PLACEMENT_3D ( 'NONE', #7838, #9237, #1592 ) ;
#8929 = FACE_OUTER_BOUND ( 'NONE', #3511, .T. ) ;
#8930 = CIRCLE ( 'NONE', #7032, 3.950000000000002842 ) ;
#8931 = CARTESIAN_POINT ( 'NONE',  ( -29.30000000000000071, -8.499999999999989342, -28.98275349237886545 ) ) ;
#8932 = AXIS2_PLACEMENT_3D ( 'NONE', #9423, #8671, #1827 ) ;
#8933 = ADVANCED_FACE ( 'NONE', ( #3219, #218 ), #9452, .T. ) ;
#8934 = ADVANCED_FACE ( 'NONE', ( #1020 ), #4779, .F. ) ;
#8935 = CARTESIAN_POINT ( 'NONE',  ( -30.99999999999998579, 9.947611131479868873E-13, -1.107619950837005845E-14 ) ) ;
#8936 = LINE ( 'NONE', #9221, #9077 ) ;
#8937 = VECTOR ( 'NONE', #1602, 1000.000000000000000 ) ;
#8938 = DIRECTION ( 'NONE',  ( 0.000000000000000000, -1.000000000000000000, 0.000000000000000000 ) ) ;
#8939 = DIRECTION ( 'NONE',  ( -1.000000000000000000, -1.175656832681595541E-18, 2.479139147737537908E-18 ) ) ;
#8940 = FACE_OUTER_BOUND ( 'NONE', #6131, .T. ) ;
#8941 = FACE_BOUND ( 'NONE', #8870, .T. ) ;
#8942 = AXIS2_PLACEMENT_3D ( 'NONE', #3527, #9563, #5674 ) ;
#8943 = CARTESIAN_POINT ( 'NONE',  ( -29.29999999999995808, 19.23330444827523777, 19.23330444827390906 ) ) ;
#8944 = ORIENTED_EDGE ( 'NONE', *, *, #2434, .T. ) ;
#8945 = CIRCLE ( 'NONE', #5928, 2.249999999999998668 ) ;
#8946 = ORIENTED_EDGE ( 'NONE', *, *, #9821, .T. ) ;
#8947 = EDGE_CURVE ( 'NONE', #4465, #8214, #1906, .T. ) ;
#8948 = ADVANCED_FACE ( 'NONE', ( #3413 ), #1853, .T. ) ;
#8949 = DIRECTION ( 'NONE',  ( -1.000000000000000000, 4.440892098500626162E-16, 2.121142188857532135E-16 ) ) ;
#8950 = ORIENTED_EDGE ( 'NONE', *, *, #4054, .F. ) ;
#8951 = FACE_OUTER_BOUND ( 'NONE', #2725, .T. ) ;
#8952 = LINE ( 'NONE', #6459, #6560 ) ;
#8953 = DIRECTION ( 'NONE',  ( 1.000000000000000000, -2.161476583036237957E-16, -5.473344771987708442E-16 ) ) ;
#8954 = CIRCLE ( 'NONE', #979, 14.69999999999999751 ) ;
#8955 = CARTESIAN_POINT ( 'NONE',  ( -32.69508667774753263, -31.82493143843175787, -3.950000000000137401 ) ) ;
#8956 = DIRECTION ( 'NONE',  ( -5.880418562633243017E-16, 0.000000000000000000, -1.000000000000000000 ) ) ;
#8957 = ORIENTED_EDGE ( 'NONE', *, *, #6141, .F. ) ;
#8958 = ORIENTED_EDGE ( 'NONE', *, *, #4830, .T. ) ;
#8959 = CARTESIAN_POINT ( 'NONE',  ( -32.89999999712293999, 31.64958464403374450, 8.825978256188902193 ) ) ;
#8960 = ADVANCED_FACE ( 'NONE', ( #4167 ), #4969, .F. ) ;
#8961 = DIRECTION ( 'NONE',  ( 0.000000000000000000, -1.000000000000000000, 0.000000000000000000 ) ) ;
#8962 = ORIENTED_EDGE ( 'NONE', *, *, #3764, .F. ) ;
#8963 = EDGE_CURVE ( 'NONE', #3393, #6658, #6461, .T. ) ;
#8964 = CARTESIAN_POINT ( 'NONE',  ( -1.912433787484726139E-14, -14.14999999999999503, 6.652504905089501525E-17 ) ) ;
#8965 = DIRECTION ( 'NONE',  ( 1.000000000000000000, -4.440892098500626162E-16, -2.121142188857532135E-16 ) ) ;
#8966 = VERTEX_POINT ( 'NONE', #7954 ) ;
#8967 =( LENGTH_UNIT ( ) NAMED_UNIT ( * ) SI_UNIT ( .MILLI., .METRE. ) );
#8968 = VECTOR ( 'NONE', #7870, 1000.000000000000000 ) ;
#8969 = ORIENTED_EDGE ( 'NONE', *, *, #7005, .T. ) ;
#8970 = VECTOR ( 'NONE', #7200, 1000.000000000000000 ) ;
#8971 = VERTEX_POINT ( 'NONE', #9500 ) ;
#8972 = DIRECTION ( 'NONE',  ( -1.000000000000000000, 4.440892098500626162E-16, 2.121142188857532135E-16 ) ) ;
#8973 = ORIENTED_EDGE ( 'NONE', *, *, #1620, .F. ) ;
#8974 = CARTESIAN_POINT ( 'NONE',  ( -33.89999999999998437, 16.25000000000088107, -15.00000000000006928 ) ) ;
#8975 = ORIENTED_EDGE ( 'NONE', *, *, #1872, .F. ) ;
#8976 = ORIENTED_EDGE ( 'NONE', *, *, #940, .T. ) ;
#8977 = FACE_BOUND ( 'NONE', #2595, .T. ) ;
#8978 = VECTOR ( 'NONE', #4879, 1000.000000000000000 ) ;
#8979 = CARTESIAN_POINT ( 'NONE',  ( -32.39999999999366054, -31.04339568581391617, -1.285380919387465903 ) ) ;
#8980 = DIRECTION ( 'NONE',  ( 0.000000000000000000, 0.000000000000000000, 1.000000000000000000 ) ) ;
#8981 = CARTESIAN_POINT ( 'NONE',  ( -29.29999999999997229, 15.00000000000001243, 15.00000000000001599 ) ) ;
#8982 = LINE ( 'NONE', #1386, #4034 ) ;
#8983 = DIRECTION ( 'NONE',  ( 1.000000000000000000, -4.440892098500626162E-16, -2.121142188857532135E-16 ) ) ;
#8984 = CARTESIAN_POINT ( 'NONE',  ( -22.99999999999998224, 9.920989292025522610E-13, -1.235384309998005111E-14 ) ) ;
#8985 = VECTOR ( 'NONE', #1585, 1000.000000000000000 ) ;
#8986 = EDGE_CURVE ( 'NONE', #8391, #5686, #1431, .T. ) ;
#8987 = FACE_OUTER_BOUND ( 'NONE', #2792, .T. ) ;
#8988 = EDGE_CURVE ( 'NONE', #9051, #7334, #4146, .T. ) ;
#8989 = CARTESIAN_POINT ( 'NONE',  ( -32.89999999855525203, -29.69832019199185069, -13.92485645145325712 ) ) ;
#8990 = ORIENTED_EDGE ( 'NONE', *, *, #8269, .T. ) ;
#8991 = ORIENTED_EDGE ( 'NONE', *, *, #7114, .F. ) ;
#8992 = CYLINDRICAL_SURFACE ( 'NONE', #6513, 1.249999999999992450 ) ;
#8993 = EDGE_LOOP ( 'NONE', ( #117, #812, #8514, #496 ) ) ;
#8994 = CARTESIAN_POINT ( 'NONE',  ( -33.32499999999999574, 25.55104163328743638, -0.05301890640177021191 ) ) ;
#8995 = CIRCLE ( 'NONE', #4703, 5.000000000000001776 ) ;
#8996 = LINE ( 'NONE', #5317, #8636 ) ;
#8997 = CARTESIAN_POINT ( 'NONE',  ( -32.90275887879867156, 31.82673534686833605, 4.159638747121603863 ) ) ;
#8998 = EDGE_CURVE ( 'NONE', #6441, #7455, #362, .T. ) ;
#8999 = ORIENTED_EDGE ( 'NONE', *, *, #9388, .F. ) ;
#9000 = ADVANCED_FACE ( 'NONE', ( #4915 ), #6510, .F. ) ;
#9001 = EDGE_CURVE ( 'NONE', #1524, #7157, #4216, .T. ) ;
#9002 = DIRECTION ( 'NONE',  ( 0.000000000000000000, 0.000000000000000000, 1.000000000000000000 ) ) ;
#9003 = VERTEX_POINT ( 'NONE', #2797 ) ;
#9004 = ORIENTED_EDGE ( 'NONE', *, *, #8145, .F. ) ;
#9005 = CARTESIAN_POINT ( 'NONE',  ( -28.99999999999998934, 15.00000000000087752, 17.60000000000005116 ) ) ;
#9006 = DIRECTION ( 'NONE',  ( -1.405735542323540892E-16, -0.6707851240784030722, 0.7416517493508131276 ) ) ;
#9007 = ORIENTED_EDGE ( 'NONE', *, *, #136, .F. ) ;
#9008 = LINE ( 'NONE', #5326, #4590 ) ;
#9009 = CYLINDRICAL_SURFACE ( 'NONE', #2721, 1.000000000000000888 ) ;
#9010 = VERTEX_POINT ( 'NONE', #1111 ) ;
#9011 = CARTESIAN_POINT ( 'NONE',  ( -32.39999999999996305, 31.91870648514026598, -4.948350868272169301 ) ) ;
#9012 = AXIS2_PLACEMENT_3D ( 'NONE', #7092, #5550, #7883 ) ;
#9013 = CARTESIAN_POINT ( 'NONE',  ( -32.39999999999998437, -31.91870648513821962, -4.948350868272433978 ) ) ;
#9014 = EDGE_CURVE ( 'NONE', #3627, #1182, #1754, .T. ) ;
#9015 = ORIENTED_EDGE ( 'NONE', *, *, #1603, .F. ) ;
#9016 = ORIENTED_EDGE ( 'NONE', *, *, #883, .F. ) ;
#9017 = DIRECTION ( 'NONE',  ( -3.690901012716610650E-16, -1.000000000000000000, 0.000000000000000000 ) ) ;
#9018 = EDGE_LOOP ( 'NONE', ( #3346, #9463, #5418, #1009 ) ) ;
#9019 = VECTOR ( 'NONE', #34, 999.9999999999998863 ) ;
#9020 = DIRECTION ( 'NONE',  ( 1.000000000000000000, -2.161476583036237957E-16, -5.473344771987708442E-16 ) ) ;
#9021 = ORIENTED_EDGE ( 'NONE', *, *, #1693, .T. ) ;
#9022 = CARTESIAN_POINT ( 'NONE',  ( -32.89999999999999147, -12.91645690924091561, 30.15510640552886201 ) ) ;
#9023 = EDGE_LOOP ( 'NONE', ( #318, #2755, #3300, #574, #1212, #4836 ) ) ;
#9024 = APPLICATION_PROTOCOL_DEFINITION ( 'draft international standard', 'automotive_design', 1998, #3229 ) ;
#9025 = DIRECTION ( 'NONE',  ( 1.000000000000000000, -2.161476583036237957E-16, -5.473344771987708442E-16 ) ) ;
#9026 = CARTESIAN_POINT ( 'NONE',  ( -25.19999999999997087, 15.20000000000101181, -1.002572868372741822E-14 ) ) ;
#9027 = DIRECTION ( 'NONE',  ( -1.000000000000000000, -1.175656832681595541E-18, 2.479139147737537908E-18 ) ) ;
#9028 = DIRECTION ( 'NONE',  ( 0.000000000000000000, -1.247441600702422063E-14, 1.000000000000000000 ) ) ;
#9029 = CARTESIAN_POINT ( 'NONE',  ( -33.63881708268909421, 34.11246253946865181, 3.188817082689248572 ) ) ;
#9030 = DIRECTION ( 'NONE',  ( 1.000000000000000000, -4.440892098500626162E-16, -2.121142188857532135E-16 ) ) ;
#9031 = CARTESIAN_POINT ( 'NONE',  ( -3.500000000000000444, 4.720351269540554041E-15, 5.746271514173151807E-16 ) ) ;
#9032 = DIRECTION ( 'NONE',  ( 0.000000000000000000, 0.000000000000000000, 1.000000000000000000 ) ) ;
#9033 = DIRECTION ( 'NONE',  ( 1.000000000000000000, -4.440892098500626162E-16, -2.121142188857532135E-16 ) ) ;
#9034 = CARTESIAN_POINT ( 'NONE',  ( -32.89999995711614389, -30.38207250369796242, -12.36110432233205003 ) ) ;
#9035 = EDGE_LOOP ( 'NONE', ( #209, #7094 ) ) ;
#9036 = AXIS2_PLACEMENT_3D ( 'NONE', #8631, #5689, #5644 ) ;
#9037 = ORIENTED_EDGE ( 'NONE', *, *, #646, .T. ) ;
#9038 = DIRECTION ( 'NONE',  ( 3.038316693786252215E-32, 1.000000000000000000, 5.551115123125803656E-17 ) ) ;
#9039 = ORIENTED_EDGE ( 'NONE', *, *, #4132, .T. ) ;
#9040 = DIRECTION ( 'NONE',  ( -1.000000000000000000, -1.175656832681595541E-18, 2.479139147737537908E-18 ) ) ;
#9041 = DIRECTION ( 'NONE',  ( 0.000000000000000000, -2.775557561630821741E-14, 1.000000000000000000 ) ) ;
#9042 = EDGE_CURVE ( 'NONE', #4987, #4688, #7405, .T. ) ;
#9043 = AXIS2_PLACEMENT_3D ( 'NONE', #4243, #5752, #8785 ) ;
#9044 = CARTESIAN_POINT ( 'NONE',  ( -33.70000000000000995, -30.51966178910086924, -2.310652217682086285 ) ) ;
#9045 = CIRCLE ( 'NONE', #4755, 1.500000000000001332 ) ;
#9046 = AXIS2_PLACEMENT_3D ( 'NONE', #2483, #6296, #847 ) ;
#9047 = ORIENTED_EDGE ( 'NONE', *, *, #4798, .F. ) ;
#9048 = LINE ( 'NONE', #8304, #2517 ) ;
#9049 = ORIENTED_EDGE ( 'NONE', *, *, #8330, .T. ) ;
#9050 = AXIS2_PLACEMENT_3D ( 'NONE', #712, #4621, #4520 ) ;
#9051 = VERTEX_POINT ( 'NONE', #8101 ) ;
#9052 = DIRECTION ( 'NONE',  ( 0.000000000000000000, 0.000000000000000000, 1.000000000000000000 ) ) ;
#9053 = LINE ( 'NONE', #3872, #436 ) ;
#9054 = VERTEX_POINT ( 'NONE', #2699 ) ;
#9055 = CARTESIAN_POINT ( 'NONE',  ( -30.69999999999999929, 31.69999999999998508, -1.500000000000148548 ) ) ;
#9056 = ADVANCED_FACE ( 'NONE', ( #2645 ), #7210, .F. ) ;
#9057 = CIRCLE ( 'NONE', #440, 34.50000000000000000 ) ;
#9058 = MECHANICAL_DESIGN_GEOMETRIC_PRESENTATION_REPRESENTATION (  '', ( #2665 ), #8103 ) ;
#9059 = CARTESIAN_POINT ( 'NONE',  ( -22.39999999999999858, 8.237508811983859191E-15, 1.157545637351138754E-14 ) ) ;
#9060 = ORIENTED_EDGE ( 'NONE', *, *, #283, .T. ) ;
#9061 = EDGE_CURVE ( 'NONE', #6766, #2199, #632, .T. ) ;
#9062 = CARTESIAN_POINT ( 'NONE',  ( -32.89997726397892563, 31.91870648514021624, 4.453119044457301889 ) ) ;
#9063 = VECTOR ( 'NONE', #4021, 1000.000000000000000 ) ;
#9064 = CARTESIAN_POINT ( 'NONE',  ( -32.39999999998410374, -32.74903950049144896, 0.6797176813725839262 ) ) ;
#9065 = ORIENTED_EDGE ( 'NONE', *, *, #3303, .T. ) ;
#9066 = CIRCLE ( 'NONE', #5249, 33.30000000000000426 ) ;
#9067 = ORIENTED_EDGE ( 'NONE', *, *, #8159, .F. ) ;
#9068 = DIRECTION ( 'NONE',  ( 1.000000000000000000, -4.440892098500626162E-16, -2.121142188857532135E-16 ) ) ;
#9069 = EDGE_LOOP ( 'NONE', ( #1545, #4536, #3059, #1983 ) ) ;
#9070 = CIRCLE ( 'NONE', #1734, 34.50000000000000000 ) ;
#9071 = LINE ( 'NONE', #1521, #3416 ) ;
#9072 = ORIENTED_EDGE ( 'NONE', *, *, #1309, .T. ) ;
#9073 = CARTESIAN_POINT ( 'NONE',  ( -32.89999991845337490, -8.710074904530294759, 31.62269429510136831 ) ) ;
#9074 = EDGE_CURVE ( 'NONE', #3607, #8589, #7340, .T. ) ;
#9075 = EDGE_LOOP ( 'NONE', ( #6957, #8975 ) ) ;
#9076 = EDGE_CURVE ( 'NONE', #2896, #2317, #5019, .T. ) ;
#9077 = VECTOR ( 'NONE', #6881, 1000.000000000000000 ) ;
#9078 = PRESENTATION_STYLE_ASSIGNMENT (( #6682 ) ) ;
#9079 = DIRECTION ( 'NONE',  ( -1.000000000000000000, 4.440892098500626162E-16, 2.121142188857532135E-16 ) ) ;
#9080 = LINE ( 'NONE', #4439, #9721 ) ;
#9081 = CARTESIAN_POINT ( 'NONE',  ( -32.39999999999999858, 8.604228440844963188E-13, -1.214306433183764966E-14 ) ) ;
#9082 =( BOUNDED_SURFACE ( )  B_SPLINE_SURFACE ( 3, 3, ( 
 ( #9404, #217, #3364, #5669 ),
 ( #5525, #7111, #7716, #9265 ),
 ( #7070, #3979, #2416, #1019 ),
 ( #6415, #4827, #1056, #258 ) ),
 .UNSPECIFIED., .F., .F., .F. ) 
 B_SPLINE_SURFACE_WITH_KNOTS ( ( 4, 4 ),
 ( 4, 4 ),
 ( 0.000000000000000000, 1.000000000000000000 ),
 ( 0.000000000000000000, 1.000000000000000000 ),
 .UNSPECIFIED. ) 
 GEOMETRIC_REPRESENTATION_ITEM ( )  RATIONAL_B_SPLINE_SURFACE ( (
 ( 1.000000000000000000, 0.9999444713666300055, 0.9999444713666300055, 1.000000000000000000),
 ( 0.8025111867385938957, 0.8024666243891301898, 0.8024666243891301898, 0.8025111867385938957),
 ( 0.8025111867385938957, 0.8024666243891301898, 0.8024666243891301898, 0.8025111867385938957),
 ( 1.000000000000000000, 0.9999444713666300055, 0.9999444713666300055, 1.000000000000000000) ) ) 
 REPRESENTATION_ITEM ( '' )  SURFACE ( )  );
#9083 = CIRCLE ( 'NONE', #5740, 1.249999999999990674 ) ;
#9084 = CARTESIAN_POINT ( 'NONE',  ( -4.000000000000003553, 5.392325654524796299E-15, 1.276223354473827061E-15 ) ) ;
#9085 = AXIS2_PLACEMENT_3D ( 'NONE', #2334, #1643, #7090 ) ;
#9086 = EDGE_CURVE ( 'NONE', #5584, #2118, #4318, .T. ) ;
#9087 = DIRECTION ( 'NONE',  ( 0.000000000000000000, 1.000000000000000000, 0.000000000000000000 ) ) ;
#9088 = EDGE_CURVE ( 'NONE', #6118, #3763, #975, .T. ) ;
#9089 = CIRCLE ( 'NONE', #4627, 1.249999999999992450 ) ;
#9090 = CARTESIAN_POINT ( 'NONE',  ( -33.89999999999997726, 9.947582915715884728E-13, -1.040834085586084257E-14 ) ) ;
#9091 = DIRECTION ( 'NONE',  ( -1.000000000000000000, 0.000000000000000000, 0.000000000000000000 ) ) ;
#9092 = AXIS2_PLACEMENT_3D ( 'NONE', #7112, #260, #3310 ) ;
#9093 = DIRECTION ( 'NONE',  ( -1.000000000000000000, 4.440892098500626162E-16, 2.121142188857532135E-16 ) ) ;
#9094 = CARTESIAN_POINT ( 'NONE',  ( -3.999999999999962697, 3.744000000000983430, 23.09853813556173918 ) ) ;
#9095 = CARTESIAN_POINT ( 'NONE',  ( -32.89999997840524770, -26.67558580888217890, -19.08566935088214578 ) ) ;
#9096 = ORIENTED_EDGE ( 'NONE', *, *, #5848, .F. ) ;
#9097 = AXIS2_PLACEMENT_3D ( 'NONE', #4887, #5033, #7917 ) ;
#9098 = VERTEX_POINT ( 'NONE', #5125 ) ;
#9099 = AXIS2_PLACEMENT_3D ( 'NONE', #2786, #5852, #2041 ) ;
#9100 = CARTESIAN_POINT ( 'NONE',  ( -33.89999999999998437, -34.49999999999902656, 3.449999999999854960 ) ) ;
#9101 = ORIENTED_EDGE ( 'NONE', *, *, #138, .F. ) ;
#9102 = CARTESIAN_POINT ( 'NONE',  ( -5.777789833161707559E-31, 1.038524144793675440E-45, 2.457916774107459589E-46 ) ) ;
#9103 = LINE ( 'NONE', #5960, #5624 ) ;
#9104 = DIRECTION ( 'NONE',  ( 0.000000000000000000, 0.000000000000000000, 1.000000000000000000 ) ) ;
#9105 = AXIS2_PLACEMENT_3D ( 'NONE', #1913, #3370, #2756 ) ;
#9106 = EDGE_LOOP ( 'NONE', ( #4960, #6647, #5649, #6012 ) ) ;
#9107 = DIRECTION ( 'NONE',  ( -4.167503846190527060E-16, -1.000000000000000000, 0.000000000000000000 ) ) ;
#9108 = ORIENTED_EDGE ( 'NONE', *, *, #8557, .F. ) ;
#9109 = ORIENTED_EDGE ( 'NONE', *, *, #2523, .T. ) ;
#9110 = DIRECTION ( 'NONE',  ( -1.000000000000000000, 2.161476583036237957E-16, 5.473344771987708442E-16 ) ) ;
#9111 = VERTEX_POINT ( 'NONE', #2900 ) ;
#9112 = DIRECTION ( 'NONE',  ( 0.000000000000000000, -0.4549088130556909748, 0.8905380237835228696 ) ) ;
#9113 = CIRCLE ( 'NONE', #1130, 18.80000000000000071 ) ;
#9114 = CARTESIAN_POINT ( 'NONE',  ( -22.40000000000000213, 8.237508811983860769E-15, 1.157545637351138912E-14 ) ) ;
#9115 = ORIENTED_EDGE ( 'NONE', *, *, #7492, .T. ) ;
#9116 = CARTESIAN_POINT ( 'NONE',  ( -25.19999999999997797, 15.00000000000088640, -15.00000000000006928 ) ) ;
#9117 = EDGE_LOOP ( 'NONE', ( #2635, #4736, #8906, #107, #8295 ) ) ;
#9118 = VECTOR ( 'NONE', #7651, 1000.000000000000000 ) ;
#9119 = EDGE_CURVE ( 'NONE', #1762, #6876, #4466, .T. ) ;
#9120 = ORIENTED_EDGE ( 'NONE', *, *, #438, .T. ) ;
#9121 = FACE_OUTER_BOUND ( 'NONE', #4253, .T. ) ;
#9122 = ORIENTED_EDGE ( 'NONE', *, *, #515, .T. ) ;
#9123 = DIRECTION ( 'NONE',  ( 0.000000000000000000, 1.000000000000000000, 0.000000000000000000 ) ) ;
#9124 = ORIENTED_EDGE ( 'NONE', *, *, #2279, .F. ) ;
#9125 = CARTESIAN_POINT ( 'NONE',  ( -32.89999977128233866, -10.27761765365350932, 31.14870925287668513 ) ) ;
#9126 = ORIENTED_EDGE ( 'NONE', *, *, #4010, .T. ) ;
#9127 = DIRECTION ( 'NONE',  ( 1.000000000000000000, -4.440892098500626162E-16, -2.121142188857532135E-16 ) ) ;
#9128 = CIRCLE ( 'NONE', #8799, 1.649999999999995248 ) ;
#9129 = DIRECTION ( 'NONE',  ( 1.000000000000000000, -4.440892098493159100E-16, -2.121142188919197885E-16 ) ) ;
#9130 = DIRECTION ( 'NONE',  ( 1.000000000000000000, 1.175656832681595541E-18, -2.479139147737537908E-18 ) ) ;
#9131 = ADVANCED_FACE ( 'NONE', ( #8301 ), #5766, .F. ) ;
#9132 = DIRECTION ( 'NONE',  ( 1.000000000000000000, 1.175656832681595541E-18, -2.479139147737537908E-18 ) ) ;
#9133 = EDGE_CURVE ( 'NONE', #707, #3018, #156, .T. ) ;
#9134 = EDGE_CURVE ( 'NONE', #4435, #6951, #9572, .T. ) ;
#9135 = DIRECTION ( 'NONE',  ( -4.167503846190528046E-16, -1.000000000000000000, 0.000000000000000000 ) ) ;
#9136 = DIRECTION ( 'NONE',  ( 0.000000000000000000, 0.7416517493508463232, -0.6707851240783663238 ) ) ;
#9137 = CARTESIAN_POINT ( 'NONE',  ( -23.49999999999995381, 17.50000000000098410, 22.99999999999998934 ) ) ;
#9138 = CARTESIAN_POINT ( 'NONE',  ( -23.49999999999996447, 30.45000000000097273, -9.989614082124786086E-15 ) ) ;
#9139 = DIRECTION ( 'NONE',  ( 0.000000000000000000, -1.000000000000000000, 0.000000000000000000 ) ) ;
#9140 = CARTESIAN_POINT ( 'NONE',  ( -23.49999999999995381, 17.50000000000098410, 22.99999999999998934 ) ) ;
#9141 = EDGE_CURVE ( 'NONE', #8892, #8925, #7817, .T. ) ;
#9142 = CARTESIAN_POINT ( 'NONE',  ( -32.89999997971420242, -26.65492620109091249, -19.11451289450079827 ) ) ;
#9143 = ORIENTED_EDGE ( 'NONE', *, *, #7724, .F. ) ;
#9144 = EDGE_LOOP ( 'NONE', ( #5572, #1166, #1041, #7323 ) ) ;
#9145 = CARTESIAN_POINT ( 'NONE',  ( -32.89999999999998437, 9.947588794000047587E-13, -1.107148914398935689E-14 ) ) ;
#9146 = ORIENTED_EDGE ( 'NONE', *, *, #1672, .T. ) ;
#9147 = LINE ( 'NONE', #9191, #4601 ) ;
#9148 = DIRECTION ( 'NONE',  ( 0.000000000000000000, -1.000000000000000000, 0.000000000000000000 ) ) ;
#9149 = CARTESIAN_POINT ( 'NONE',  ( -32.39999999999998437, 31.89289554065198473, 3.948684026197199159 ) ) ;
#9150 = EDGE_LOOP ( 'NONE', ( #1476, #1912, #8499, #1692 ) ) ;
#9151 = CIRCLE ( 'NONE', #4856, 33.29999999999999716 ) ;
#9152 = LINE ( 'NONE', #3762, #5883 ) ;
#9153 = ORIENTED_EDGE ( 'NONE', *, *, #575, .T. ) ;
#9154 = EDGE_LOOP ( 'NONE', ( #6309, #6540, #4988, #3359, #6368 ) ) ;
#9155 = CARTESIAN_POINT ( 'NONE',  ( -2.999999999999981348, 4.044244240893584208E-15, 33.00000000000000000 ) ) ;
#9156 = CIRCLE ( 'NONE', #7559, 1.400000000043711168 ) ;
#9157 = CARTESIAN_POINT ( 'NONE',  ( -32.39999999999998437, -31.90580101289410564, -4.448517447234845434 ) ) ;
#9158 = VERTEX_POINT ( 'NONE', #7446 ) ;
#9159 = DIRECTION ( 'NONE',  ( 1.000000000000000000, 0.000000000000000000, -0.000000000000000000 ) ) ;
#9160 = DIRECTION ( 'NONE',  ( -1.000000000000000000, 4.440892098500626162E-16, 2.121142188857532135E-16 ) ) ;
#9161 = VERTEX_POINT ( 'NONE', #4560 ) ;
#9162 = DIRECTION ( 'NONE',  ( -1.000000000000000000, 1.348081413631192369E-15, 3.190558386184555325E-16 ) ) ;
#9163 = ORIENTED_EDGE ( 'NONE', *, *, #6801, .T. ) ;
#9164 = VERTEX_POINT ( 'NONE', #2850 ) ;
#9165 = CARTESIAN_POINT ( 'NONE',  ( -29.29999999999998650, -17.72403791909681559, 20.90202088431345473 ) ) ;
#9166 = CARTESIAN_POINT ( 'NONE',  ( -32.39999999999998437, 31.79094230992349068, -3.949999999999888711 ) ) ;
#9167 = ORIENTED_EDGE ( 'NONE', *, *, #3335, .F. ) ;
#9168 = CARTESIAN_POINT ( 'NONE',  ( -32.89999987699296469, -10.72093260022760042, 30.99936113990200681 ) ) ;
#9169 = EDGE_LOOP ( 'NONE', ( #2456, #4731, #380, #616, #1301 ) ) ;
#9170 =( NAMED_UNIT ( * ) SI_UNIT ( $, .STERADIAN. ) SOLID_ANGLE_UNIT ( ) );
#9171 = EDGE_CURVE ( 'NONE', #6753, #1577, #3513, .T. ) ;
#9172 = DIRECTION ( 'NONE',  ( 0.000000000000000000, 0.000000000000000000, 1.000000000000000000 ) ) ;
#9173 = CARTESIAN_POINT ( 'NONE',  ( -30.69999999999998508, -33.87364542785547883, -2.950000000000143618 ) ) ;
#9174 = CARTESIAN_POINT ( 'NONE',  ( 1.902636613091547454E-14, 14.14999999999999503, 6.938893903907175130E-16 ) ) ;
#9175 = AXIS2_PLACEMENT_3D ( 'NONE', #2580, #7984, #7190 ) ;
#9176 = FACE_BOUND ( 'NONE', #9708, .T. ) ;
#9177 = DIRECTION ( 'NONE',  ( -2.584331021607711084E-18, 0.7071067811865450192, -0.7071067811865501263 ) ) ;
#9178 = EDGE_CURVE ( 'NONE', #5858, #1013, #3839, .T. ) ;
#9179 = CARTESIAN_POINT ( 'NONE',  ( -32.89999999999999858, -23.99665175549019125, 22.36111685274327598 ) ) ;
#9180 = EDGE_CURVE ( 'NONE', #7745, #9632, #6859, .T. ) ;
#9181 = EDGE_CURVE ( 'NONE', #920, #8238, #6386, .T. ) ;
#9182 = CARTESIAN_POINT ( 'NONE',  ( -29.29999999999999361, -17.54999999999900240, -14.99999999999995381 ) ) ;
#9183 = DIRECTION ( 'NONE',  ( 0.000000000000000000, 0.000000000000000000, 1.000000000000000000 ) ) ;
#9184 = CARTESIAN_POINT ( 'NONE',  ( -30.69999999999998508, 33.87364542785747545, 2.950000000000120526 ) ) ;
#9185 = PLANE ( 'NONE',  #6114 ) ;
#9186 = CARTESIAN_POINT ( 'NONE',  ( -32.89999999970581257, -28.90975946369785632, -15.49421576601769424 ) ) ;
#9187 = EDGE_LOOP ( 'NONE', ( #5082, #8015, #6133, #5232, #4603, #4372 ) ) ;
#9188 = EDGE_LOOP ( 'NONE', ( #5705, #7380, #9659, #4922 ) ) ;
#9189 = CARTESIAN_POINT ( 'NONE',  ( -499000.0000000000000, -31.79094231199090004, 498969.5499999999884 ) ) ;
#9190 = ORIENTED_EDGE ( 'NONE', *, *, #7904, .T. ) ;
#9191 = CARTESIAN_POINT ( 'NONE',  ( -29.30000000000000071, 8.500000000000012434, -33.49999999999998579 ) ) ;
#9192 = ADVANCED_FACE ( 'NONE', ( #3054 ), #87, .T. ) ;
#9193 = FACE_OUTER_BOUND ( 'NONE', #8651, .T. ) ;
#9194 = EDGE_CURVE ( 'NONE', #1498, #9650, #4637, .T. ) ;
#9195 = DIRECTION ( 'NONE',  ( 0.000000000000000000, 0.000000000000000000, 1.000000000000000000 ) ) ;
#9196 = ORIENTED_EDGE ( 'NONE', *, *, #1958, .T. ) ;
#9197 = MECHANICAL_DESIGN_GEOMETRIC_PRESENTATION_REPRESENTATION (  '', ( #6646 ), #5546 ) ;
#9198 = PLANE ( 'NONE',  #4283 ) ;
#9199 = ORIENTED_EDGE ( 'NONE', *, *, #1058, .T. ) ;
#9200 = ORIENTED_EDGE ( 'NONE', *, *, #1424, .F. ) ;
#9201 = CARTESIAN_POINT ( 'NONE',  ( -32.89999999999999858, -32.32371827021761845, -4.652892881644207890 ) ) ;
#9202 = CARTESIAN_POINT ( 'NONE',  ( -32.89999999999998437, -1.199999999998868638, -34.47912411880559347 ) ) ;
#9203 = ORIENTED_EDGE ( 'NONE', *, *, #438, .F. ) ;
#9204 = FACE_OUTER_BOUND ( 'NONE', #9719, .T. ) ;
#9205 = AXIS2_PLACEMENT_3D ( 'NONE', #1048, #4062, #5283 ) ;
#9206 = FACE_BOUND ( 'NONE', #210, .T. ) ;
#9207 = EDGE_LOOP ( 'NONE', ( #9600, #3112, #439, #1201 ) ) ;
#9208 = EDGE_CURVE ( 'NONE', #4330, #4877, #8930, .T. ) ;
#9209 = DIRECTION ( 'NONE',  ( 4.073328734088115622E-14, -1.000000000000000000, -3.224706902334340365E-29 ) ) ;
#9210 = AXIS2_PLACEMENT_3D ( 'NONE', #7988, #3498, #4198 ) ;
#9211 = VERTEX_POINT ( 'NONE', #8543 ) ;
#9212 = ORIENTED_EDGE ( 'NONE', *, *, #1855, .F. ) ;
#9213 = CARTESIAN_POINT ( 'NONE',  ( -33.70000000000000995, -28.55035281792038404, 4.275844668656863412 ) ) ;
#9214 = CIRCLE ( 'NONE', #3638, 1.000000000000000888 ) ;
#9215 = VECTOR ( 'NONE', #7981, 1000.000000000000000 ) ;
#9216 = FACE_OUTER_BOUND ( 'NONE', #2804, .T. ) ;
#9217 = VERTEX_POINT ( 'NONE', #7056 ) ;
#9218 = CARTESIAN_POINT ( 'NONE',  ( -32.89999991441484894, -1.765281220029307319, 32.75275796569620468 ) ) ;
#9219 = ORIENTED_EDGE ( 'NONE', *, *, #6878, .F. ) ;
#9220 = VECTOR ( 'NONE', #4774, 1000.000000000000000 ) ;
#9221 = CARTESIAN_POINT ( 'NONE',  ( -30.69999999999998508, -31.79094230992147985, -2.950000000000135181 ) ) ;
#9222 = DIRECTION ( 'NONE',  ( 1.000000000000000000, -4.440892098500626162E-16, -2.121142188857532135E-16 ) ) ;
#9223 = AXIS2_PLACEMENT_3D ( 'NONE', #4111, #8000, #1902 ) ;
#9224 = CARTESIAN_POINT ( 'NONE',  ( -33.69999999999999574, 30.91512962736362624, -1.211326476013527165 ) ) ;
#9225 = AXIS2_PLACEMENT_3D ( 'NONE', #2058, #560, #610 ) ;
#9226 = CARTESIAN_POINT ( 'NONE',  ( -29.49999999999997158, 32.95000000000096207, -9.062316333298367048E-15 ) ) ;
#9227 = CIRCLE ( 'NONE', #5885, 3.950000000000001954 ) ;
#9228 = VECTOR ( 'NONE', #7491, 1000.000000000000000 ) ;
#9229 = EDGE_CURVE ( 'NONE', #1001, #5383, #6544, .T. ) ;
#9230 = VERTEX_POINT ( 'NONE', #7849 ) ;
#9231 = LINE ( 'NONE', #7533, #377 ) ;
#9232 = CIRCLE ( 'NONE', #4936, 1.599999999999998979 ) ;
#9233 = DIRECTION ( 'NONE',  ( -1.000000000000000000, -1.179389324206871456E-17, 8.825547355056098943E-16 ) ) ;
#9234 = CARTESIAN_POINT ( 'NONE',  ( -32.89999999999999858, -27.84678483634332835, 17.41128709091078619 ) ) ;
#9235 = DIRECTION ( 'NONE',  ( -1.000000000000000000, -1.175656832681595541E-18, 2.479139147737537908E-18 ) ) ;
#9236 = DIRECTION ( 'NONE',  ( -1.000000000000000000, 2.161476583036237957E-16, 5.473344771987708442E-16 ) ) ;
#9237 = DIRECTION ( 'NONE',  ( 1.000000000000000000, -4.440892098500626162E-16, -2.121142188857532135E-16 ) ) ;
#9238 = COLOUR_RGB ( '',0.7764705882352941346, 0.7568627450980391913, 0.7372549019607843590 ) ;
#9239 = CARTESIAN_POINT ( 'NONE',  ( -33.70000000000000995, 37.01046404397898471, 0.04578905552852325506 ) ) ;
#9240 = CARTESIAN_POINT ( 'NONE',  ( -32.89999998646457868, -30.69175345096962815, -11.56995871509325546 ) ) ;
#9241 = ORIENTED_EDGE ( 'NONE', *, *, #1870, .T. ) ;
#9242 = EDGE_CURVE ( 'NONE', #6797, #612, #100, .T. ) ;
#9243 = AXIS2_PLACEMENT_3D ( 'NONE', #1310, #4370, #6610 ) ;
#9244 = ADVANCED_FACE ( 'NONE', ( #3149 ), #4101, .T. ) ;
#9245 = ORIENTED_EDGE ( 'NONE', *, *, #9134, .T. ) ;
#9246 = CIRCLE ( 'NONE', #9568, 1.649999999999995248 ) ;
#9247 = CARTESIAN_POINT ( 'NONE',  ( -32.39999999999999147, 33.14147468682243414, -0.07405444337430056034 ) ) ;
#9248 = ORIENTED_EDGE ( 'NONE', *, *, #7844, .F. ) ;
#9249 = DIRECTION ( 'NONE',  ( -1.000000000000000000, 1.348081413631192369E-15, 3.190558386184555325E-16 ) ) ;
#9250 = AXIS2_PLACEMENT_3D ( 'NONE', #7022, #173, #1770 ) ;
#9251 = PLANE ( 'NONE',  #2090 ) ;
#9252 = DIRECTION ( 'NONE',  ( -5.473344771987708442E-16, -0.000000000000000000, -1.000000000000000000 ) ) ;
#9253 = DIRECTION ( 'NONE',  ( 1.348081413631192369E-15, 1.000000000000000000, 0.000000000000000000 ) ) ;
#9254 = CONICAL_SURFACE ( 'NONE', #4952, 31.50000000000000000, 0.7853981633974344012 ) ;
#9255 = VERTEX_POINT ( 'NONE', #3913 ) ;
#9256 = CARTESIAN_POINT ( 'NONE',  ( -3.000000000000002665, 4.044244240893609452E-15, 9.571675158553733030E-16 ) ) ;
#9257 = ORIENTED_EDGE ( 'NONE', *, *, #5174, .T. ) ;
#9258 = AXIS2_PLACEMENT_3D ( 'NONE', #7243, #3501, #1840 ) ;
#9259 = EDGE_CURVE ( 'NONE', #7543, #8068, #7668, .T. ) ;
#9260 = EDGE_CURVE ( 'NONE', #8597, #3409, #7802, .T. ) ;
#9261 = DIRECTION ( 'NONE',  ( 1.000000000000000000, -0.000000000000000000, -0.000000000000000000 ) ) ;
#9262 = DIRECTION ( 'NONE',  ( 1.000000000000000000, -4.440892098500626162E-16, -2.121142188857532135E-16 ) ) ;
#9263 = EDGE_LOOP ( 'NONE', ( #6780, #20 ) ) ;
#9264 = DIRECTION ( 'NONE',  ( 0.000000000000000000, 0.000000000000000000, 1.000000000000000000 ) ) ;
#9265 = CARTESIAN_POINT ( 'NONE',  ( -32.69508667774753974, 31.79094230992348002, -3.949999999999891820 ) ) ;
#9266 = ORIENTED_EDGE ( 'NONE', *, *, #353, .T. ) ;
#9267 = CARTESIAN_POINT ( 'NONE',  ( -32.39999999999999147, 33.92634505945878942, 1.137272032639081720 ) ) ;
#9268 = EDGE_LOOP ( 'NONE', ( #3684, #8157, #5102, #1767, #8738, #4105 ) ) ;
#9269 = EDGE_CURVE ( 'NONE', #5720, #4234, #7180, .T. ) ;
#9270 = ORIENTED_EDGE ( 'NONE', *, *, #5892, .F. ) ;
#9271 = EDGE_CURVE ( 'NONE', #7846, #6015, #6392, .T. ) ;
#9272 = FACE_OUTER_BOUND ( 'NONE', #2800, .T. ) ;
#9273 = CIRCLE ( 'NONE', #8628, 33.30000000000000426 ) ;
#9274 = DIRECTION ( 'NONE',  ( 9.251858538542971828E-16, 0.000000000000000000, 1.000000000000000000 ) ) ;
#9275 = ORIENTED_EDGE ( 'NONE', *, *, #48, .T. ) ;
#9276 = LINE ( 'NONE', #2566, #5470 ) ;
#9277 = ORIENTED_EDGE ( 'NONE', *, *, #8378, .T. ) ;
#9278 = DIRECTION ( 'NONE',  ( 1.000000000000000000, -2.161476583036237957E-16, -5.473344771987708442E-16 ) ) ;
#9279 = CARTESIAN_POINT ( 'NONE',  ( -32.89999999999998437, 31.91870648514023046, -4.448350868272176406 ) ) ;
#9280 = AXIS2_PLACEMENT_3D ( 'NONE', #5052, #1095, #8683 ) ;
#9281 = DIRECTION ( 'NONE',  ( -1.000000000000000000, -1.175656832681595541E-18, 2.479139147737537908E-18 ) ) ;
#9282 = DIRECTION ( 'NONE',  ( 0.000000000000000000, 0.000000000000000000, 1.000000000000000000 ) ) ;
#9283 = AXIS2_PLACEMENT_3D ( 'NONE', #2834, #9835, #8938 ) ;
#9284 = DIRECTION ( 'NONE',  ( 0.000000000000000000, 1.000000000000000000, 0.000000000000000000 ) ) ;
#9285 = CARTESIAN_POINT ( 'NONE',  ( -32.89999999999999147, -18.08198462578824817, 27.38619625340031050 ) ) ;
#9286 = FACE_OUTER_BOUND ( 'NONE', #4406, .T. ) ;
#9287 = FACE_BOUND ( 'NONE', #3274, .T. ) ;
#9288 = PLANE ( 'NONE',  #3181 ) ;
#9289 = VECTOR ( 'NONE', #7727, 1000.000000000000000 ) ;
#9290 = CARTESIAN_POINT ( 'NONE',  ( -32.39999999999998437, -31.79094230992147985, -4.450000000000137845 ) ) ;
#9291 = EDGE_LOOP ( 'NONE', ( #262, #4186 ) ) ;
#9292 = EDGE_LOOP ( 'NONE', ( #780, #6398, #6371, #6075 ) ) ;
#9293 = FACE_OUTER_BOUND ( 'NONE', #7812, .T. ) ;
#9294 = EDGE_LOOP ( 'NONE', ( #9746, #720 ) ) ;
#9295 = CYLINDRICAL_SURFACE ( 'NONE', #7316, 1.500000000000001332 ) ;
#9296 = CARTESIAN_POINT ( 'NONE',  ( -29.29999999999998650, 15.00000000000016875, -14.99999999999982592 ) ) ;
#9297 = DIRECTION ( 'NONE',  ( 0.000000000000000000, 0.000000000000000000, 1.000000000000000000 ) ) ;
#9298 = EDGE_CURVE ( 'NONE', #1226, #2294, #3249, .T. ) ;
#9299 = FACE_BOUND ( 'NONE', #3867, .T. ) ;
#9300 = AXIS2_PLACEMENT_3D ( 'NONE', #3073, #6825, #6135 ) ;
#9301 = ORIENTED_EDGE ( 'NONE', *, *, #3715, .T. ) ;
#9302 = CARTESIAN_POINT ( 'NONE',  ( -32.40000000000000568, -32.48487037263636523, -1.211326476013321995 ) ) ;
#9303 = ORIENTED_EDGE ( 'NONE', *, *, #6370, .F. ) ;
#9304 = ORIENTED_EDGE ( 'NONE', *, *, #8732, .F. ) ;
#9305 = DIRECTION ( 'NONE',  ( 4.073328734088115622E-14, -1.000000000000000000, -3.224706902334340365E-29 ) ) ;
#9306 = CARTESIAN_POINT ( 'NONE',  ( -25.19999999999998508, -17.72403791909681559, 20.90202088431345473 ) ) ;
#9307 = ORIENTED_EDGE ( 'NONE', *, *, #3998, .F. ) ;
#9308 = CARTESIAN_POINT ( 'NONE',  ( -25.20000000000000284, -31.29423380247414599, -2.517509442474100023 ) ) ;
#9309 = CIRCLE ( 'NONE', #368, 1.249999999999994227 ) ;
#9310 = CARTESIAN_POINT ( 'NONE',  ( -25.19999999999997797, 9.931291899967220616E-13, -1.188719181843139689E-14 ) ) ;
#9311 = DIRECTION ( 'NONE',  ( 1.000000000000000000, -4.440892098493158114E-16, -2.121142188919196899E-16 ) ) ;
#9312 = EDGE_CURVE ( 'NONE', #5383, #6529, #6350, .T. ) ;
#9313 = ADVANCED_FACE ( 'NONE', ( #9343 ), #4712, .F. ) ;
#9314 = EDGE_CURVE ( 'NONE', #9707, #3542, #3350, .T. ) ;
#9315 = ORIENTED_EDGE ( 'NONE', *, *, #5642, .T. ) ;
#9316 = AXIS2_PLACEMENT_3D ( 'NONE', #381, #7425, #3633 ) ;
#9317 = ORIENTED_EDGE ( 'NONE', *, *, #8461, .F. ) ;
#9318 = CARTESIAN_POINT ( 'NONE',  ( -30.90000000000000213, 9.500000000000014211, -28.98275349237886545 ) ) ;
#9319 = DIRECTION ( 'NONE',  ( 1.000000000000000000, -2.161476583036237957E-16, -5.473344771987708442E-16 ) ) ;
#9320 = VERTEX_POINT ( 'NONE', #4815 ) ;
#9321 = CARTESIAN_POINT ( 'NONE',  ( -32.89999999941716879, -0.3959894168980405693, 32.79782693402183469 ) ) ;
#9322 = ORIENTED_EDGE ( 'NONE', *, *, #9739, .F. ) ;
#9323 = DIRECTION ( 'NONE',  ( -4.440892098500626162E-16, -1.000000000000000000, 0.000000000000000000 ) ) ;
#9324 = EDGE_CURVE ( 'NONE', #6083, #4282, #2402, .T. ) ;
#9325 = LINE ( 'NONE', #4789, #4602 ) ;
#9326 = FACE_BOUND ( 'NONE', #5835, .T. ) ;
#9327 = VERTEX_POINT ( 'NONE', #5469 ) ;
#9328 = CARTESIAN_POINT ( 'NONE',  ( 70.33232511283229371, 31.49999999999990408, -2.243993897086055271E-14 ) ) ;
#9329 = CARTESIAN_POINT ( 'NONE',  ( -32.89999999999998437, -24.24340134285717596, 22.09463425849379803 ) ) ;
#9330 = ADVANCED_FACE ( 'NONE', ( #5612 ), #247, .F. ) ;
#9331 = DIRECTION ( 'NONE',  ( 1.000000000000000000, -4.440892098500626162E-16, -2.121142188857532135E-16 ) ) ;
#9332 = DIRECTION ( 'NONE',  ( 1.000000000000000000, -1.348081413631192369E-15, -3.190558386184555325E-16 ) ) ;
#9333 = VECTOR ( 'NONE', #9027, 1000.000000000000000 ) ;
#9334 = CARTESIAN_POINT ( 'NONE',  ( -33.89999999999681535, -33.82451034383454669, 3.449999999996688160 ) ) ;
#9335 = DIRECTION ( 'NONE',  ( -4.919709548711541756E-16, -0.8905380237835197610, -0.4549088130556971921 ) ) ;
#9336 = VERTEX_POINT ( 'NONE', #54 ) ;
#9337 = VERTEX_POINT ( 'NONE', #903 ) ;
#9338 = CIRCLE ( 'NONE', #6473, 33.30000000000000426 ) ;
#9339 = DIRECTION ( 'NONE',  ( 0.7071067811865474617, 2.932628631685171310E-15, -0.7071067811865474617 ) ) ;
#9340 = EDGE_LOOP ( 'NONE', ( #8451, #6121, #5140, #9470, #9855, #4518 ) ) ;
#9341 = DIRECTION ( 'NONE',  ( 0.000000000000000000, 0.000000000000000000, -1.000000000000000000 ) ) ;
#9342 = DIRECTION ( 'NONE',  ( 0.000000000000000000, -0.9999167070499421772, -0.01290654726874120722 ) ) ;
#9343 = FACE_OUTER_BOUND ( 'NONE', #8317, .T. ) ;
#9344 = CARTESIAN_POINT ( 'NONE',  ( -19.89732793106028552, 31.79094230992348002, 1.125943473490256854E-13 ) ) ;
#9345 = EDGE_LOOP ( 'NONE', ( #6503, #3047, #6901, #5466 ) ) ;
#9346 = LINE ( 'NONE', #2454, #4304 ) ;
#9347 = ORIENTED_EDGE ( 'NONE', *, *, #9375, .F. ) ;
#9348 = ORIENTED_EDGE ( 'NONE', *, *, #4788, .F. ) ;
#9349 = DIRECTION ( 'NONE',  ( -5.421010862427524142E-16, -1.000000000000000000, 0.000000000000000000 ) ) ;
#9350 = EDGE_CURVE ( 'NONE', #2856, #5780, #8495, .T. ) ;
#9351 = CARTESIAN_POINT ( 'NONE',  ( -32.39999999999999147, 33.14147468682205044, -0.07405444337489738849 ) ) ;
#9352 = VERTEX_POINT ( 'NONE', #1194 ) ;
#9353 = CARTESIAN_POINT ( 'NONE',  ( -2.000000000000015543, 2.696162827262434831E-15, 6.381116772369197426E-16 ) ) ;
#9354 = DIRECTION ( 'NONE',  ( -1.000000000000000000, -5.260939983112882261E-16, 1.029891477379908339E-15 ) ) ;
#9355 = PLANE ( 'NONE',  #3027 ) ;
#9356 = VERTEX_POINT ( 'NONE', #8038 ) ;
#9357 = VERTEX_POINT ( 'NONE', #4201 ) ;
#9358 = CARTESIAN_POINT ( 'NONE',  ( -29.30000000000001137, -19.23330444827312746, -19.23330444827405472 ) ) ;
#9359 = VECTOR ( 'NONE', #1701, 1000.000000000000000 ) ;
#9360 = EDGE_CURVE ( 'NONE', #2706, #1599, #9439, .T. ) ;
#9361 = EDGE_CURVE ( 'NONE', #1873, #9158, #7498, .T. ) ;
#9362 = LINE ( 'NONE', #2468, #8978 ) ;
#9363 = ORIENTED_EDGE ( 'NONE', *, *, #4090, .T. ) ;
#9364 = CARTESIAN_POINT ( 'NONE',  ( -32.89999999999998437, -0.003782332533737566525, 32.79999993903732047 ) ) ;
#9365 = ORIENTED_EDGE ( 'NONE', *, *, #8032, .T. ) ;
#9366 = PLANE ( 'NONE',  #7483 ) ;
#9367 = AXIS2_PLACEMENT_3D ( 'NONE', #9462, #790, #4929 ) ;
#9368 = CARTESIAN_POINT ( 'NONE',  ( -33.69999999999999574, 32.35660431418607885, -1.285380919387681509 ) ) ;
#9369 = CIRCLE ( 'NONE', #9849, 34.50000000000000000 ) ;
#9370 = LINE ( 'NONE', #2325, #1759 ) ;
#9371 = CIRCLE ( 'NONE', #5565, 2.600000000000001421 ) ;
#9372 = AXIS2_PLACEMENT_3D ( 'NONE', #3546, #2674, #6483 ) ;
#9373 = ORIENTED_EDGE ( 'NONE', *, *, #8819, .F. ) ;
#9374 = ADVANCED_FACE ( 'NONE', ( #1096 ), #4956, .T. ) ;
#9375 = EDGE_CURVE ( 'NONE', #6014, #4307, #397, .T. ) ;
#9376 = CIRCLE ( 'NONE', #5084, 33.00000000000000000 ) ;
#9377 = DIRECTION ( 'NONE',  ( 1.000000000000000000, -1.348081413631192369E-15, -3.190558386184555325E-16 ) ) ;
#9378 = VECTOR ( 'NONE', #8440, 1000.000000000000000 ) ;
#9379 = AXIS2_PLACEMENT_3D ( 'NONE', #6929, #7773, #4582 ) ;
#9380 = DIRECTION ( 'NONE',  ( 0.000000000000000000, -0.4549088130556971921, 0.8905380237835196500 ) ) ;
#9381 = DIRECTION ( 'NONE',  ( 0.000000000000000000, 0.000000000000000000, 1.000000000000000000 ) ) ;
#9382 = CIRCLE ( 'NONE', #7632, 3.950000000000002842 ) ;
#9383 = CARTESIAN_POINT ( 'NONE',  ( -19.99999999999997868, 9.897813386386472467E-13, 17.75000000000000711 ) ) ;
#9384 = CIRCLE ( 'NONE', #4447, 1.249999999999997558 ) ;
#9385 = CARTESIAN_POINT ( 'NONE',  ( 70.33232511283222266, -33.00000000000009948, -1.839860453367428651E-14 ) ) ;
#9386 = ORIENTED_EDGE ( 'NONE', *, *, #3999, .F. ) ;
#9387 = EDGE_CURVE ( 'NONE', #4078, #7543, #5656, .T. ) ;
#9389 = ORIENTED_EDGE ( 'NONE', *, *, #5214, .F. ) ;
#9388 = EDGE_CURVE ( 'NONE', #9579, #30, #6449, .T. ) ;
#9390 = PLANE ( 'NONE',  #290 ) ;
#9391 = FACE_OUTER_BOUND ( 'NONE', #7428, .T. ) ;
#9392 = CARTESIAN_POINT ( 'NONE',  ( -30.89999999999998437, 1.007476390756466385E-14, 1.622779942970096575E-14 ) ) ;
#9393 = CARTESIAN_POINT ( 'NONE',  ( -19.89732793106028552, -31.89289554065002363, 3.948684026196952690 ) ) ;
#9394 = PRESENTATION_LAYER_ASSIGNMENT (  '', '', ( #8118 ) ) ;
#9395 = FACE_OUTER_BOUND ( 'NONE', #5672, .T. ) ;
#9396 = CARTESIAN_POINT ( 'NONE',  ( -25.19999999999999929, -20.90202088431252747, -17.72403791909772508 ) ) ;
#9397 = DIRECTION ( 'NONE',  ( -1.000000000000000000, -9.646292633376703921E-33, 2.479139147737542530E-18 ) ) ;
#9398 = ORIENTED_EDGE ( 'NONE', *, *, #5675, .T. ) ;
#9399 = VERTEX_POINT ( 'NONE', #4154 ) ;
#9400 = FACE_OUTER_BOUND ( 'NONE', #7515, .T. ) ;
#9401 = LINE ( 'NONE', #9351, #919 ) ;
#9402 = ORIENTED_EDGE ( 'NONE', *, *, #9324, .F. ) ;
#9403 = CARTESIAN_POINT ( 'NONE',  ( -29.50000000000000355, -31.69999999999902585, -1.273480417125352780E-14 ) ) ;
#9404 = CARTESIAN_POINT ( 'NONE',  ( -32.39999999999998437, 31.89289554065200605, -3.948684026196974450 ) ) ;
#9405 = CARTESIAN_POINT ( 'NONE',  ( -29.29999999999998650, -20.90202088431246352, 17.72403791909764337 ) ) ;
#9406 = AXIS2_PLACEMENT_3D ( 'NONE', #5800, #8828, #289 ) ;
#9407 = AXIS2_PLACEMENT_3D ( 'NONE', #6063, #3812, #605 ) ;
#9408 = CARTESIAN_POINT ( 'NONE',  ( -32.39999999999631797, -30.91512962736366887, 1.211326476013453224 ) ) ;
#9409 = ORIENTED_EDGE ( 'NONE', *, *, #9181, .F. ) ;
#9410 = VERTEX_POINT ( 'NONE', #7289 ) ;
#9411 = CARTESIAN_POINT ( 'NONE',  ( -29.29999999999998650, -31.99999999999999289, 1.357570742678267688E-14 ) ) ;
#9412 = VECTOR ( 'NONE', #3788, 1000.000000000000000 ) ;
#9413 = DIRECTION ( 'NONE',  ( 0.000000000000000000, 0.9881952472179333924, -0.1531997172839683619 ) ) ;
#9414 = ORIENTED_EDGE ( 'NONE', *, *, #5955, .T. ) ;
#9415 = DIRECTION ( 'NONE',  ( 1.000000000000000000, -2.161476583036237957E-16, -5.473344771987708442E-16 ) ) ;
#9416 = AXIS2_PLACEMENT_3D ( 'NONE', #6260, #5514, #6213 ) ;
#9417 = ORIENTED_EDGE ( 'NONE', *, *, #2909, .T. ) ;
#9418 = DIRECTION ( 'NONE',  ( 0.000000000000000000, 0.7071067811865529018, -0.7071067811865422437 ) ) ;
#9419 = FILL_AREA_STYLE_COLOUR ( '', #9682 ) ;
#9420 = EDGE_CURVE ( 'NONE', #921, #3885, #164, .T. ) ;
#9421 = CIRCLE ( 'NONE', #3365, 34.50000000000000000 ) ;
#9422 = EDGE_CURVE ( 'NONE', #2320, #3426, #8136, .T. ) ;
#9423 = CARTESIAN_POINT ( 'NONE',  ( -32.39999999997924363, -31.70000000000001350, 6.613633252161577047E-14 ) ) ;
#9424 = VERTEX_POINT ( 'NONE', #9485 ) ;
#9425 = CARTESIAN_POINT ( 'NONE',  ( -21.59999999999997655, 8.064590685340961693E-15, 33.00000000000001421 ) ) ;
#9426 = UNCERTAINTY_MEASURE_WITH_UNIT (LENGTH_MEASURE( 1.000000000000000082E-05 ), #3841, 'distance_accuracy_value', 'NONE');
#9427 = B_SPLINE_CURVE_WITH_KNOTS ( 'NONE', 3,
 ( #1493, #4597, #6054, #1340 ),
 .UNSPECIFIED., .F., .F.,
 ( 4, 4 ),
 ( 1.734723475976807094E-18, 0.0003909094051976744525 ),
 .UNSPECIFIED. ) ;
#9428 = AXIS2_PLACEMENT_3D ( 'NONE', #5974, #3013, #6077 ) ;
#9429 = DIRECTION ( 'NONE',  ( 9.251858538542971828E-16, 0.000000000000000000, 1.000000000000000000 ) ) ;
#9430 = DIRECTION ( 'NONE',  ( -2.465190328815661892E-32, -5.551115123125782702E-17, 1.000000000000000000 ) ) ;
#9431 = EDGE_CURVE ( 'NONE', #7593, #7507, #3495, .T. ) ;
#9432 = EDGE_CURVE ( 'NONE', #6156, #6795, #8881, .T. ) ;
#9433 = FACE_OUTER_BOUND ( 'NONE', #3873, .T. ) ;
#9434 = DIRECTION ( 'NONE',  ( 1.000000000000000000, -4.440892098500626162E-16, -2.121142188857532135E-16 ) ) ;
#9435 = ORIENTED_EDGE ( 'NONE', *, *, #834, .T. ) ;
#9436 = DIRECTION ( 'NONE',  ( -4.448008912761041834E-16, -1.000000000000000000, 0.000000000000000000 ) ) ;
#9437 = CARTESIAN_POINT ( 'NONE',  ( -22.99999999999999645, -30.73958990536178248, 0.8000702782374109479 ) ) ;
#9438 = CARTESIAN_POINT ( 'NONE',  ( -5.777789833161707559E-31, 1.038524144793675440E-45, 2.457916774107459589E-46 ) ) ;
#9439 = LINE ( 'NONE', #1294, #5282 ) ;
#9440 = AXIS2_PLACEMENT_3D ( 'NONE', #2387, #1687, #8482 ) ;
#9441 = ADVANCED_FACE ( 'NONE', ( #1988 ), #8836, .F. ) ;
#9442 = CARTESIAN_POINT ( 'NONE',  ( -25.19999999999997442, 20.90202088431444238, -17.72403791909765758 ) ) ;
#9443 = ORIENTED_EDGE ( 'NONE', *, *, #1855, .T. ) ;
#9444 = DIRECTION ( 'NONE',  ( 1.345039216880567882E-15, 1.000000000000000000, 0.000000000000000000 ) ) ;
#9445 = ORIENTED_EDGE ( 'NONE', *, *, #5846, .T. ) ;
#9446 = ORIENTED_EDGE ( 'NONE', *, *, #942, .T. ) ;
#9447 = CARTESIAN_POINT ( 'NONE',  ( -22.19999999999998508, 9.917436578346719282E-13, -1.252353447508865236E-14 ) ) ;
#9448 = CARTESIAN_POINT ( 'NONE',  ( 3.988197982730637260E-15, -4.433740612592987085E-14, 12.50000000000000000 ) ) ;
#9449 = EDGE_LOOP ( 'NONE', ( #4631, #8537, #1510, #3738 ) ) ;
#9450 = FACE_OUTER_BOUND ( 'NONE', #2735, .T. ) ;
#9451 = DIRECTION ( 'NONE',  ( 0.000000000000000000, -1.387778780781458928E-14, 1.000000000000000000 ) ) ;
#9452 = PLANE ( 'NONE',  #8441 ) ;
#9453 = CIRCLE ( 'NONE', #1954, 2.549999999999998490 ) ;
#9454 = LINE ( 'NONE', #4874, #3281 ) ;
#9455 = VERTEX_POINT ( 'NONE', #7198 ) ;
#9456 = VERTEX_POINT ( 'NONE', #5698 ) ;
#9457 = CYLINDRICAL_SURFACE ( 'NONE', #4647, 2.599999999999998312 ) ;
#9458 = AXIS2_PLACEMENT_3D ( 'NONE', #4107, #3360, #1156 ) ;
#9459 = LINE ( 'NONE', #7725, #1162 ) ;
#9460 = ORIENTED_EDGE ( 'NONE', *, *, #9494, .T. ) ;
#9461 = CARTESIAN_POINT ( 'NONE',  ( -30.89999999999997016, 19.23500000000001009, 19.23500000000001720 ) ) ;
#9462 = CARTESIAN_POINT ( 'NONE',  ( -33.32500000000000995, -31.70000000000001350, 6.635223905227784706E-14 ) ) ;
#9463 = ORIENTED_EDGE ( 'NONE', *, *, #2222, .T. ) ;
#9464 = DIRECTION ( 'NONE',  ( -4.270088556250603178E-16, -1.000000000000000000, 0.000000000000000000 ) ) ;
#9465 = LINE ( 'NONE', #4886, #5089 ) ;
#9466 = AXIS2_PLACEMENT_3D ( 'NONE', #8627, #282, #8718 ) ;
#9467 = FACE_OUTER_BOUND ( 'NONE', #1314, .T. ) ;
#9468 = CIRCLE ( 'NONE', #5184, 2.599999999999998312 ) ;
#9469 = ORIENTED_EDGE ( 'NONE', *, *, #8690, .T. ) ;
#9470 = ORIENTED_EDGE ( 'NONE', *, *, #4916, .T. ) ;
#9471 = FACE_OUTER_BOUND ( 'NONE', #709, .T. ) ;
#9472 = VECTOR ( 'NONE', #1473, 1000.000000000000000 ) ;
#9473 = ADVANCED_FACE ( 'NONE', ( #6597 ), #2739, .F. ) ;
#9474 = CARTESIAN_POINT ( 'NONE',  ( 70.33232511283222266, -31.50000000000009592, -1.858230155354638923E-14 ) ) ;
#9475 = FACE_OUTER_BOUND ( 'NONE', #6807, .T. ) ;
#9476 = CARTESIAN_POINT ( 'NONE',  ( -24.69999999999997087, -14.69999999999900631, -1.280926285097376644E-14 ) ) ;
#9477 = CARTESIAN_POINT ( 'NONE',  ( -25.19999999999996376, 18.50000000000098765, 22.99999999999998934 ) ) ;
#9478 = VERTEX_POINT ( 'NONE', #8731 ) ;
#9479 = ADVANCED_FACE ( 'NONE', ( #8085 ), #4152, .F. ) ;
#9480 = ADVANCED_FACE ( 'NONE', ( #4301 ), #3554, .F. ) ;
#9481 = CYLINDRICAL_SURFACE ( 'NONE', #7798, 18.80000000000000071 ) ;
#9482 = DIRECTION ( 'NONE',  ( -1.000000000000000000, -1.175656832681595541E-18, 2.479139147737537908E-18 ) ) ;
#9483 = DIRECTION ( 'NONE',  ( 0.7071067811865591191, 2.752173021815337916E-15, -0.7071067811865359154 ) ) ;
#9484 = CONICAL_SURFACE ( 'NONE', #8053, 3.449999999872808587, 0.7853981633974482790 ) ;
#9485 = CARTESIAN_POINT ( 'NONE',  ( -30.69999999999999574, 31.69999999999998508, 2.749999999999853895 ) ) ;
#9486 = DIRECTION ( 'NONE',  ( 0.000000000000000000, -0.7416517493508463232, 0.6707851240783663238 ) ) ;
#9487 = FACE_BOUND ( 'NONE', #1801, .T. ) ;
#9488 = CARTESIAN_POINT ( 'NONE',  ( -23.49999999999995737, 19.23330444827523777, 19.23330444827390906 ) ) ;
#9489 = ORIENTED_EDGE ( 'NONE', *, *, #257, .T. ) ;
#9490 = AXIS2_PLACEMENT_3D ( 'NONE', #9542, #3447, #2788 ) ;
#9491 = VECTOR ( 'NONE', #3548, 1000.000000000000000 ) ;
#9492 = ORIENTED_EDGE ( 'NONE', *, *, #4339, .T. ) ;
#9493 = CARTESIAN_POINT ( 'NONE',  ( -32.89999999999998437, 32.24971503485127755, 4.572839030990146547 ) ) ;
#9494 = EDGE_CURVE ( 'NONE', #9357, #965, #2241, .T. ) ;
#9495 = EDGE_CURVE ( 'NONE', #1570, #2453, #1591, .T. ) ;
#9496 = DIRECTION ( 'NONE',  ( 0.000000000000000000, 1.000000000000000000, 3.083952846180992055E-15 ) ) ;
#9497 = ORIENTED_EDGE ( 'NONE', *, *, #2716, .F. ) ;
#9498 = DIRECTION ( 'NONE',  ( 1.175656832681585912E-18, -1.000000000000000000, -3.890984756615977524E-15 ) ) ;
#9499 = LINE ( 'NONE', #8050, #3858 ) ;
#9500 = CARTESIAN_POINT ( 'NONE',  ( -29.29999999999997939, 20.03330444827511059, -19.23330444827406538 ) ) ;
#9501 = DIRECTION ( 'NONE',  ( -0.000000000000000000, 0.9986829581603670070, -0.05130642338010732439 ) ) ;
#9502 = CARTESIAN_POINT ( 'NONE',  ( -29.50000000000000355, -31.29423380247414599, 2.517509442474076042 ) ) ;
#9503 = VERTEX_POINT ( 'NONE', #1338 ) ;
#9504 = B_SPLINE_CURVE_WITH_KNOTS ( 'NONE', 3,
 ( #7822, #5676, #1626, #925 ),
 .UNSPECIFIED., .F., .F.,
 ( 4, 4 ),
 ( 2.468240949770607685E-11, 0.0004683476515069805060 ),
 .UNSPECIFIED. ) ;
#9505 = ORIENTED_EDGE ( 'NONE', *, *, #5892, .T. ) ;
#9506 = CARTESIAN_POINT ( 'NONE',  ( -29.29999999999999361, -16.89121196084371235, -13.28949793360005849 ) ) ;
#9507 = EDGE_CURVE ( 'NONE', #4055, #5333, #487, .T. ) ;
#9508 = FACE_BOUND ( 'NONE', #8500, .T. ) ;
#9509 = ORIENTED_EDGE ( 'NONE', *, *, #1971, .F. ) ;
#9510 = DIRECTION ( 'NONE',  ( -1.000000000000000000, 0.000000000000000000, 0.000000000000000000 ) ) ;
#9511 = CYLINDRICAL_SURFACE ( 'NONE', #593, 31.50000000000000000 ) ;
#9512 = ORIENTED_EDGE ( 'NONE', *, *, #7618, .F. ) ;
#9513 = DIRECTION ( 'NONE',  ( -2.479139147737537908E-18, -0.000000000000000000, -1.000000000000000000 ) ) ;
#9514 = DIRECTION ( 'NONE',  ( -1.000000000000000000, 4.440892098500626162E-16, 2.121142188857532135E-16 ) ) ;
#9515 = AXIS2_PLACEMENT_3D ( 'NONE', #44, #9033, #3093 ) ;
#9516 = CARTESIAN_POINT ( 'NONE',  ( -25.19999999999998508, -20.90202088431246352, 17.72403791909765047 ) ) ;
#9517 = ORIENTED_EDGE ( 'NONE', *, *, #2535, .T. ) ;
#9518 = AXIS2_PLACEMENT_3D ( 'NONE', #6390, #5041, #1231 ) ;
#9519 = EDGE_LOOP ( 'NONE', ( #4995, #3415, #7944, #1165 ) ) ;
#9520 = PLANE ( 'NONE',  #3739 ) ;
#9521 = VERTEX_POINT ( 'NONE', #5204 ) ;
#9522 = ORIENTED_EDGE ( 'NONE', *, *, #7591, .T. ) ;
#9523 = AXIS2_PLACEMENT_3D ( 'NONE', #7172, #5454, #8427 ) ;
#9524 = DIRECTION ( 'NONE',  ( -4.720335989052536868E-16, -1.000000000000000000, 0.000000000000000000 ) ) ;
#9525 = CARTESIAN_POINT ( 'NONE',  ( -25.19999999999999929, -17.72403791909672677, -20.90202088431338723 ) ) ;
#9526 = AXIS2_PLACEMENT_3D ( 'NONE', #5989, #9636, #4347 ) ;
#9527 = DIRECTION ( 'NONE',  ( 1.348081413631192369E-15, 1.000000000000000000, 0.000000000000000000 ) ) ;
#9528 = CARTESIAN_POINT ( 'NONE',  ( -33.89999999990322976, -31.79094230992149406, -1.348747502571967516E-13 ) ) ;
#9529 = EDGE_CURVE ( 'NONE', #1966, #7129, #1763, .T. ) ;
#9530 = ORIENTED_EDGE ( 'NONE', *, *, #4814, .F. ) ;
#9531 = CIRCLE ( 'NONE', #7307, 34.50000000000000000 ) ;
#9532 = VECTOR ( 'NONE', #7127, 1000.000000000000000 ) ;
#9533 = PLANE ( 'NONE',  #9043 ) ;
#9534 = AXIS2_PLACEMENT_3D ( 'NONE', #2287, #9236, #9183 ) ;
#9535 = DIRECTION ( 'NONE',  ( -1.000000000000000000, -1.175656832681595541E-18, 2.479139147737537908E-18 ) ) ;
#9536 = CARTESIAN_POINT ( 'NONE',  ( -20.89999999999997371, 29.11588541666667851, 4.745020168928402171 ) ) ;
#9537 = CIRCLE ( 'NONE', #7302, 23.40000000000001279 ) ;
#9538 = CARTESIAN_POINT ( 'NONE',  ( -22.80000000001791705, 31.69999999999998508, 1.500000000016659785 ) ) ;
#9539 = LINE ( 'NONE', #3604, #5067 ) ;
#9540 = EDGE_CURVE ( 'NONE', #9562, #5218, #9836, .T. ) ;
#9541 = CIRCLE ( 'NONE', #8102, 1.249999999969410247 ) ;
#9542 = CARTESIAN_POINT ( 'NONE',  ( -29.49999999999998934, -31.69999999999900808, -1.344241350018181572E-13 ) ) ;
#9543 = ADVANCED_FACE ( 'NONE', ( #6841 ), #2182, .T. ) ;
#9544 = CARTESIAN_POINT ( 'NONE',  ( -32.89999999999997726, -20.90030925745595880, -25.27988692653793734 ) ) ;
#9545 = EDGE_LOOP ( 'NONE', ( #1876, #1236, #7728 ) ) ;
#9546 = VECTOR ( 'NONE', #6594, 1000.000000000000000 ) ;
#9547 = ORIENTED_EDGE ( 'NONE', *, *, #409, .F. ) ;
#9548 = CARTESIAN_POINT ( 'NONE',  ( -33.89999999999997726, 9.947582915715884728E-13, -1.040834085586084257E-14 ) ) ;
#9549 = CARTESIAN_POINT ( 'NONE',  ( -23.50000000000000355, -20.03330444827312107, -19.23330444827405472 ) ) ;
#9550 = VERTEX_POINT ( 'NONE', #7392 ) ;
#9551 = DIRECTION ( 'NONE',  ( 0.000000000000000000, 0.000000000000000000, 1.000000000000000000 ) ) ;
#9552 = VECTOR ( 'NONE', #2737, 999.9999999999998863 ) ;
#9553 = CARTESIAN_POINT ( 'NONE',  ( -32.39999999998894253, 30.25852531317753602, 0.07405444337400712840 ) ) ;
#9554 = CARTESIAN_POINT ( 'NONE',  ( -39.92017501842904181, 30.97598580441740168, -4.492026652257696817 ) ) ;
#9555 = EDGE_CURVE ( 'NONE', #2340, #5180, #7346, .T. ) ;
#9556 = CARTESIAN_POINT ( 'NONE',  ( -32.89999999999997726, -31.16010862825670102, -10.24146604081643730 ) ) ;
#9557 = EDGE_CURVE ( 'NONE', #707, #8006, #1388, .T. ) ;
#9558 = EDGE_CURVE ( 'NONE', #4209, #3734, #9741, .T. ) ;
#9559 = DIRECTION ( 'NONE',  ( 0.000000000000000000, 0.000000000000000000, 1.000000000000000000 ) ) ;
#9560 = EDGE_LOOP ( 'NONE', ( #134, #4972, #4045, #3983, #1710, #3268 ) ) ;
#9561 = COLOUR_RGB ( '',0.8901960784313724950, 0.8901960784313724950, 0.8901960784313724950 ) ;
#9562 = VERTEX_POINT ( 'NONE', #3603 ) ;
#9563 = DIRECTION ( 'NONE',  ( -1.000000000000000000, -1.175656832681595541E-18, 2.479139147737537908E-18 ) ) ;
#9564 = VECTOR ( 'NONE', #7755, 1000.000000000000000 ) ;
#9565 = CARTESIAN_POINT ( 'NONE',  ( -29.49999999999998934, 31.79094230992348002, -3.949999999999890044 ) ) ;
#9566 = ORIENTED_EDGE ( 'NONE', *, *, #2106, .T. ) ;
#9567 = CARTESIAN_POINT ( 'NONE',  ( -33.63881709647567675, 34.11246252433322468, -3.188817096475596635 ) ) ;
#9568 = AXIS2_PLACEMENT_3D ( 'NONE', #3902, #6941, #91 ) ;
#9569 = CARTESIAN_POINT ( 'NONE',  ( -3.500000000000021760, -14.14999999999999147, 6.652504905089420174E-17 ) ) ;
#9570 = VERTEX_POINT ( 'NONE', #7539 ) ;
#9571 = DIRECTION ( 'NONE',  ( 1.000000000000000000, -4.440892098500626162E-16, -2.121142188857532135E-16 ) ) ;
#9572 = CIRCLE ( 'NONE', #2226, 1.000000000000000000 ) ;
#9573 = CYLINDRICAL_SURFACE ( 'NONE', #6980, 1.249999999999997558 ) ;
#9574 = EDGE_CURVE ( 'NONE', #1154, #7153, #3043, .T. ) ;
#9575 = CARTESIAN_POINT ( 'NONE',  ( -32.90275887879866445, -31.86252540250360354, 4.159176782598144051 ) ) ;
#9576 = ORIENTED_EDGE ( 'NONE', *, *, #3907, .T. ) ;
#9577 = CIRCLE ( 'NONE', #6541, 3.750000000000000000 ) ;
#9578 = EDGE_LOOP ( 'NONE', ( #5956, #1080, #7353, #82 ) ) ;
#9579 = VERTEX_POINT ( 'NONE', #8183 ) ;
#9580 = VECTOR ( 'NONE', #447, 1000.000000000000114 ) ;
#9581 = CARTESIAN_POINT ( 'NONE',  ( -22.19999999999997442, 9.899395454196562507E-13, 32.49999999999995737 ) ) ;
#9582 = ORIENTED_EDGE ( 'NONE', *, *, #3334, .F. ) ;
#9583 = VERTEX_POINT ( 'NONE', #6105 ) ;
#9584 = VECTOR ( 'NONE', #1426, 1000.000000000000000 ) ;
#9585 = APPLICATION_PROTOCOL_DEFINITION ( 'draft international standard', 'automotive_design', 1998, #672 ) ;
#9586 = LINE ( 'NONE', #287, #9215 ) ;
#9587 = CARTESIAN_POINT ( 'NONE',  ( -32.89999999999998437, 31.91870648514021624, 4.448350868272410885 ) ) ;
#9588 = DIRECTION ( 'NONE',  ( -1.000000000000000000, 4.440892098500626162E-16, 2.121142188857532135E-16 ) ) ;
#9589 = VERTEX_POINT ( 'NONE', #3703 ) ;
#9590 = AXIS2_PLACEMENT_3D ( 'NONE', #6365, #4031, #6273 ) ;
#9591 = DIRECTION ( 'NONE',  ( 0.000000000000000000, -1.000000000000000000, 0.000000000000000000 ) ) ;
#9592 = DIRECTION ( 'NONE',  ( -1.000000000000000000, 4.440892098500626162E-16, 2.121142188857532135E-16 ) ) ;
#9593 = LINE ( 'NONE', #7990, #3549 ) ;
#9594 = DIRECTION ( 'NONE',  ( -1.000000000000000000, 2.161476583036237957E-16, 5.473344771987708442E-16 ) ) ;
#9595 = DIRECTION ( 'NONE',  ( 1.000000000000000000, -4.440892098500626162E-16, -2.121142188857532135E-16 ) ) ;
#9596 = AXIS2_PLACEMENT_3D ( 'NONE', #7144, #4016, #6304 ) ;
#9597 = CARTESIAN_POINT ( 'NONE',  ( -32.39999999997924363, -31.70000000000001350, 6.613633252161577047E-14 ) ) ;
#9598 = CARTESIAN_POINT ( 'NONE',  ( -32.89999999999999858, -18.06468329969727193, -27.39337471900332588 ) ) ;
#9599 = ORIENTED_EDGE ( 'NONE', *, *, #220, .F. ) ;
#9600 = ORIENTED_EDGE ( 'NONE', *, *, #167, .F. ) ;
#9601 = DIRECTION ( 'NONE',  ( -1.000000000000000000, -1.175656832681595541E-18, 2.479139147737537908E-18 ) ) ;
#9602 = CARTESIAN_POINT ( 'NONE',  ( -32.40000000000000568, -32.35660431418611438, 1.285380919387597576 ) ) ;
#9603 = VERTEX_POINT ( 'NONE', #5351 ) ;
#9604 = DIRECTION ( 'NONE',  ( 0.000000000000000000, -3.890984756615977524E-15, 1.000000000000000000 ) ) ;
#9605 = AXIS2_PLACEMENT_3D ( 'NONE', #4397, #2931, #7536 ) ;
#9606 = EDGE_CURVE ( 'NONE', #1013, #3607, #5127, .T. ) ;
#9607 = DIRECTION ( 'NONE',  ( 1.000000000000000000, 1.175656832681595541E-18, -2.479139147737537908E-18 ) ) ;
#9608 = EDGE_CURVE ( 'NONE', #6478, #1428, #9686, .T. ) ;
#9609 = DIRECTION ( 'NONE',  ( -0.000000000000000000, 0.5437741451046754770, 0.8392316004034162669 ) ) ;
#9610 = DIRECTION ( 'NONE',  ( -1.000000000000000000, 4.440892098500626162E-16, 2.121142188857532135E-16 ) ) ;
#9611 = CARTESIAN_POINT ( 'NONE',  ( -33.70000000000000995, -34.84964718196446398, -4.275844668500356605 ) ) ;
#9612 = EDGE_LOOP ( 'NONE', ( #2598, #4850 ) ) ;
#9613 = ORIENTED_EDGE ( 'NONE', *, *, #3565, .F. ) ;
#9614 = DIRECTION ( 'NONE',  ( 1.000000000000000000, -1.348081413631192369E-15, -3.190558386184555325E-16 ) ) ;
#9615 = CARTESIAN_POINT ( 'NONE',  ( -2.000000000000015543, 2.696162827262434831E-15, 6.381116772369197426E-16 ) ) ;
#9616 = ORIENTED_EDGE ( 'NONE', *, *, #8862, .T. ) ;
#9617 = DIRECTION ( 'NONE',  ( 1.349229370204182792E-15, 1.000000000000000000, 0.000000000000000000 ) ) ;
#9618 = EDGE_CURVE ( 'NONE', #3373, #6916, #1597, .T. ) ;
#9619 = LINE ( 'NONE', #4981, #1390 ) ;
#9620 = ORIENTED_EDGE ( 'NONE', *, *, #4615, .T. ) ;
#9621 = EDGE_CURVE ( 'NONE', #1227, #6469, #9736, .T. ) ;
#9622 = EDGE_CURVE ( 'NONE', #9589, #3537, #3199, .T. ) ;
#9623 = FACE_OUTER_BOUND ( 'NONE', #9519, .T. ) ;
#9624 = CARTESIAN_POINT ( 'NONE',  ( -32.89997779355446283, -31.79094230992150827, 4.454712319216440619 ) ) ;
#9625 = ORIENTED_EDGE ( 'NONE', *, *, #2772, .T. ) ;
#9626 = VECTOR ( 'NONE', #1214, 1000.000000000000000 ) ;
#9627 = ORIENTED_EDGE ( 'NONE', *, *, #343, .F. ) ;
#9628 = VERTEX_POINT ( 'NONE', #2885 ) ;
#9629 = CARTESIAN_POINT ( 'NONE',  ( -33.81307909512131715, -33.92074789035028459, -3.363079095121476403 ) ) ;
#9630 = VERTEX_POINT ( 'NONE', #3797 ) ;
#9631 = EDGE_CURVE ( 'NONE', #7764, #2064, #8780, .T. ) ;
#9632 = VERTEX_POINT ( 'NONE', #9138 ) ;
#9633 = EDGE_CURVE ( 'NONE', #4078, #9424, #3685, .T. ) ;
#9634 = CIRCLE ( 'NONE', #6599, 1.000000000000000000 ) ;
#9635 = CARTESIAN_POINT ( 'NONE',  ( -32.40000000000001279, -33.92634505945881074, -1.137272032639177866 ) ) ;
#9636 = DIRECTION ( 'NONE',  ( 1.000000000000000000, -2.161476583036237957E-16, -5.473344771987708442E-16 ) ) ;
#9637 = DIRECTION ( 'NONE',  ( -1.000000000000000000, -1.175656832681595541E-18, 2.479139147737537908E-18 ) ) ;
#9638 = CYLINDRICAL_SURFACE ( 'NONE', #6310, 2.550000000000000266 ) ;
#9639 = CIRCLE ( 'NONE', #7402, 1.599999999999997202 ) ;
#9640 = VERTEX_POINT ( 'NONE', #9182 ) ;
#9641 = ADVANCED_FACE ( 'NONE', ( #1589 ), #5599, .T. ) ;
#9642 = CARTESIAN_POINT ( 'NONE',  ( -29.50000000000000355, -31.69999999999902585, -1.273480417125352938E-14 ) ) ;
#9643 = FILL_AREA_STYLE_COLOUR ( '', #2528 ) ;
#9644 = DIRECTION ( 'NONE',  ( -5.473344771987640402E-16, 0.000000000000000000, -1.000000000000000000 ) ) ;
#9645 = DIRECTION ( 'NONE',  ( -1.000000000000000000, 2.161476583036224152E-16, 5.473344771987640402E-16 ) ) ;
#9646 = FACE_BOUND ( 'NONE', #8725, .T. ) ;
#9647 = DIRECTION ( 'NONE',  ( 2.479139147737537908E-18, 0.000000000000000000, 1.000000000000000000 ) ) ;
#9648 = CARTESIAN_POINT ( 'NONE',  ( -32.89999999999999147, -13.96851812353284039, -29.73683820262358068 ) ) ;
#9649 = EDGE_LOOP ( 'NONE', ( #8070, #9489 ) ) ;
#9650 = VERTEX_POINT ( 'NONE', #7785 ) ;
#9651 = PLANE ( 'NONE',  #7780 ) ;
#9652 = ORIENTED_EDGE ( 'NONE', *, *, #3504, .T. ) ;
#9653 = CARTESIAN_POINT ( 'NONE',  ( -29.29999999999998650, 8.500000000000010658, -11.08986650213440761 ) ) ;
#9654 = LINE ( 'NONE', #9553, #2085 ) ;
#9655 = DIRECTION ( 'NONE',  ( 0.000000000000000000, 1.000000000000000000, 0.000000000000000000 ) ) ;
#9656 = CARTESIAN_POINT ( 'NONE',  ( -33.70000000000000995, -30.25852531317756444, -0.07405444337407801614 ) ) ;
#9657 = CIRCLE ( 'NONE', #2315, 18.00000000000000711 ) ;
#9658 = CARTESIAN_POINT ( 'NONE',  ( 0.000000000000000000, -1.004182420872080172E-19, -3.205467292565838918E-16 ) ) ;
#9659 = ORIENTED_EDGE ( 'NONE', *, *, #6575, .T. ) ;
#9660 = ADVANCED_FACE ( 'NONE', ( #8531 ), #41, .T. ) ;
#9661 = ORIENTED_EDGE ( 'NONE', *, *, #9119, .F. ) ;
#9662 = PLANE ( 'NONE',  #4203 ) ;
#9663 = CARTESIAN_POINT ( 'NONE',  ( -29.29999999999997229, 15.00000000000098765, 14.99999999999992717 ) ) ;
#9664 = ORIENTED_EDGE ( 'NONE', *, *, #6991, .T. ) ;
#9665 = DIRECTION ( 'NONE',  ( 1.000000000000000000, 1.175656832681595541E-18, -2.479139147737537908E-18 ) ) ;
#9666 = CARTESIAN_POINT ( 'NONE',  ( -32.89999999999997726, -32.24414550087777798, 4.567178969305525804 ) ) ;
#9667 = ORIENTED_EDGE ( 'NONE', *, *, #5103, .T. ) ;
#9668 = CARTESIAN_POINT ( 'NONE',  ( -42.91599376778213326, -33.29999999999899529, -8.129377638593412891E-15 ) ) ;
#9669 = ORIENTED_EDGE ( 'NONE', *, *, #1542, .T. ) ;
#9670 = ADVANCED_FACE ( 'NONE', ( #3946 ), #8460, .F. ) ;
#9671 = EDGE_CURVE ( 'NONE', #1555, #6268, #6242, .T. ) ;
#9672 = ORIENTED_EDGE ( 'NONE', *, *, #7918, .F. ) ;
#9673 = VERTEX_POINT ( 'NONE', #8429 ) ;
#9674 = DIRECTION ( 'NONE',  ( -1.000000000000000000, 4.440892098500626162E-16, 2.121142188857532135E-16 ) ) ;
#9675 = VERTEX_POINT ( 'NONE', #2482 ) ;
#9676 = VERTEX_POINT ( 'NONE', #236 ) ;
#9677 = CARTESIAN_POINT ( 'NONE',  ( -32.40000000000001279, -33.92634505945881074, -1.137272032639177866 ) ) ;
#9678 = DIRECTION ( 'NONE',  ( 0.000000000000000000, 4.704334850109276541E-15, -1.000000000000000000 ) ) ;
#9679 = ADVANCED_FACE ( 'NONE', ( #1740 ), #4801, .T. ) ;
#9680 = PLANE ( 'NONE',  #8693 ) ;
#9681 = ADVANCED_FACE ( 'NONE', ( #9286 ), #6336, .T. ) ;
#9682 = COLOUR_RGB ( '',0.000000000000000000, 1.000000000000000000, 0.000000000000000000 ) ;
#9683 = CARTESIAN_POINT ( 'NONE',  ( -21.59999999999999432, 8.064590685340961693E-15, 1.113758879175237465E-14 ) ) ;
#9684 = FACE_BOUND ( 'NONE', #7263, .T. ) ;
#9685 = CARTESIAN_POINT ( 'NONE',  ( -25.19999999999999218, -13.28949793359917209, -16.89121196084442289 ) ) ;
#9686 = LINE ( 'NONE', #8336, #2076 ) ;
#9687 = DIRECTION ( 'NONE',  ( -1.000000000000000000, -1.175656832681595541E-18, 2.479139147737537908E-18 ) ) ;
#9688 = CIRCLE ( 'NONE', #5868, 16.19999999999997087 ) ;
#9689 = AXIS2_PLACEMENT_3D ( 'NONE', #2089, #4449, #3704 ) ;
#9690 = DIRECTION ( 'NONE',  ( -1.000000000000000000, -1.175656832681595541E-18, 2.479139147737537908E-18 ) ) ;
#9691 = ADVANCED_FACE ( 'NONE', ( #2388 ), #8483, .F. ) ;
#9692 = ADVANCED_FACE ( 'NONE', ( #5547 ), #191, .F. ) ;
#9693 = CARTESIAN_POINT ( 'NONE',  ( -22.89999999999997016, 33.30000000000099192, -8.371220657317957582E-15 ) ) ;
#9694 = ORIENTED_EDGE ( 'NONE', *, *, #6040, .F. ) ;
#9695 = CIRCLE ( 'NONE', #4757, 2.000000000000005329 ) ;
#9696 = ORIENTED_EDGE ( 'NONE', *, *, #8572, .F. ) ;
#9697 = DIRECTION ( 'NONE',  ( 0.000000000000000000, 1.000000000000000000, 0.000000000000000000 ) ) ;
#9698 = AXIS2_PLACEMENT_3D ( 'NONE', #5971, #3009, #5371 ) ;
#9699 = ORIENTED_EDGE ( 'NONE', *, *, #5665, .F. ) ;
#9700 = CARTESIAN_POINT ( 'NONE',  ( -33.69999999999999574, 30.51966178910085503, 2.310652217682017451 ) ) ;
#9701 = CYLINDRICAL_SURFACE ( 'NONE', #4496, 33.30000000000001137 ) ;
#9702 = DIRECTION ( 'NONE',  ( -1.000000000000000000, -1.175656832681595541E-18, 2.479139147737537908E-18 ) ) ;
#9703 = AXIS2_PLACEMENT_3D ( 'NONE', #4967, #7253, #460 ) ;
#9704 = VECTOR ( 'NONE', #2799, 999.9999999999998863 ) ;
#9705 = CARTESIAN_POINT ( 'NONE',  ( -32.69508667774753974, -31.79094230992148340, -3.950000000000137401 ) ) ;
#9706 = CARTESIAN_POINT ( 'NONE',  ( -30.89999999999998792, 1.007476390756466385E-14, 1.622779942970096890E-14 ) ) ;
#9707 = VERTEX_POINT ( 'NONE', #4593 ) ;
#9708 = EDGE_LOOP ( 'NONE', ( #1736, #2257 ) ) ;
#9709 = DIRECTION ( 'NONE',  ( 1.000000000000000000, -1.348081413631192369E-15, -3.190558386184555325E-16 ) ) ;
#9710 = CIRCLE ( 'NONE', #5417, 1.249999999999987121 ) ;
#9711 = DIRECTION ( 'NONE',  ( 1.000000000000000000, 0.000000000000000000, -0.000000000000000000 ) ) ;
#9712 = ORIENTED_EDGE ( 'NONE', *, *, #8445, .T. ) ;
#9713 = DIRECTION ( 'NONE',  ( 6.938893903907226405E-16, 0.000000000000000000, 1.000000000000000000 ) ) ;
#9714 = CARTESIAN_POINT ( 'NONE',  ( -33.89999999999997016, 15.00000000000098943, 14.99999999999992895 ) ) ;
#9715 = ORIENTED_EDGE ( 'NONE', *, *, #9432, .T. ) ;
#9716 = DIRECTION ( 'NONE',  ( -0.7071067811865522357, -0.7071067811865427988, 2.266607659444999368E-16 ) ) ;
#9717 = DIRECTION ( 'NONE',  ( -1.000000000000000000, 4.440892098500626162E-16, 2.121142188857532135E-16 ) ) ;
#9718 = ORIENTED_EDGE ( 'NONE', *, *, #2147, .T. ) ;
#9719 = EDGE_LOOP ( 'NONE', ( #1562, #2487, #4287, #6507 ) ) ;
#9720 = CYLINDRICAL_SURFACE ( 'NONE', #4166, 34.50000000000000000 ) ;
#9722 = ORIENTED_EDGE ( 'NONE', *, *, #5967, .F. ) ;
#9721 = VECTOR ( 'NONE', #1380, 1000.000000000000000 ) ;
#9723 = FACE_OUTER_BOUND ( 'NONE', #4424, .T. ) ;
#9724 = EDGE_LOOP ( 'NONE', ( #2908, #6828 ) ) ;
#9725 =( BOUNDED_SURFACE ( )  B_SPLINE_SURFACE ( 3, 3, ( 
 ( #9062, #7566, #7461, #3067 ),
 ( #3827, #19, #6129, #620 ),
 ( #3926, #3165, #5485, #2603 ),
 ( #1813, #7071, #6366, #4873 ) ),
 .UNSPECIFIED., .F., .F., .F. ) 
 B_SPLINE_SURFACE_WITH_KNOTS ( ( 4, 4 ),
 ( 4, 4 ),
 ( 0.000000000000000000, 1.000000000000000000 ),
 ( 0.000000000000000000, 1.000000000000000000 ),
 .UNSPECIFIED. ) 
 GEOMETRIC_REPRESENTATION_ITEM ( )  RATIONAL_B_SPLINE_SURFACE ( (
 ( 1.000000000000000000, 0.9999444713666300055, 0.9999444713666300055, 1.000000000000000000),
 ( 0.8024847298000976625, 0.8024401689197515619, 0.8024401689197515619, 0.8024847298000976625),
 ( 0.8024847298000976625, 0.8024401689197515619, 0.8024401689197515619, 0.8024847298000976625),
 ( 1.000000000000000000, 0.9999444713666300055, 0.9999444713666300055, 1.000000000000000000) ) ) 
 REPRESENTATION_ITEM ( '' )  SURFACE ( )  );
#9726 = AXIS2_PLACEMENT_3D ( 'NONE', #3613, #556, #9655 ) ;
#9727 = ORIENTED_EDGE ( 'NONE', *, *, #7535, .T. ) ;
#9728 = EDGE_CURVE ( 'NONE', #4234, #8048, #1688, .T. ) ;
#9729 = EDGE_CURVE ( 'NONE', #3497, #6906, #2439, .T. ) ;
#9730 = CARTESIAN_POINT ( 'NONE',  ( -30.70000000000001350, -28.95000000000001350, 6.641061700974770858E-14 ) ) ;
#9731 = AXIS2_PLACEMENT_3D ( 'NONE', #7777, #935, #3331 ) ;
#9732 = CARTESIAN_POINT ( 'NONE',  ( -29.49999999999998934, 31.91870648514024467, -4.948350868272185288 ) ) ;
#9733 = VECTOR ( 'NONE', #6546, 1000.000000000000000 ) ;
#9734 = DIRECTION ( 'NONE',  ( 1.000000000000000000, 1.179389324206870994E-17, -8.825547355056099929E-16 ) ) ;
#9735 = CARTESIAN_POINT ( 'NONE',  ( -29.49999999999997158, 32.90690173235817895, -5.101550585556146267 ) ) ;
#9736 = CIRCLE ( 'NONE', #1917, 2.950000000000000178 ) ;
#9737 = ADVANCED_FACE ( 'NONE', ( #6196 ), #3189, .T. ) ;
#9738 = FACE_OUTER_BOUND ( 'NONE', #8107, .T. ) ;
#9739 = EDGE_CURVE ( 'NONE', #7593, #4821, #793, .T. ) ;
#9740 = EDGE_CURVE ( 'NONE', #7799, #9603, #1222, .T. ) ;
#9741 = LINE ( 'NONE', #2932, #5601 ) ;
#9742 = DIRECTION ( 'NONE',  ( -4.440892098500626162E-16, -1.000000000000000000, 0.000000000000000000 ) ) ;
#9743 = CARTESIAN_POINT ( 'NONE',  ( -33.89999999999998437, 15.00000000000088995, -15.00000000000006750 ) ) ;
#9744 = CIRCLE ( 'NONE', #6376, 33.30000000000001137 ) ;
#9745 = FACE_OUTER_BOUND ( 'NONE', #1649, .T. ) ;
#9746 = ORIENTED_EDGE ( 'NONE', *, *, #9171, .T. ) ;
#9747 = VECTOR ( 'NONE', #9813, 1000.000000000000227 ) ;
#9748 = ORIENTED_EDGE ( 'NONE', *, *, #9133, .F. ) ;
#9749 = DIRECTION ( 'NONE',  ( 0.000000000000000000, -1.000000000000000000, 0.000000000000000000 ) ) ;
#9750 = ORIENTED_EDGE ( 'NONE', *, *, #3145, .F. ) ;
#9751 = CARTESIAN_POINT ( 'NONE',  ( -33.69999999999999574, 25.89835735373650394, -0.05002420411625522340 ) ) ;
#9752 = DIRECTION ( 'NONE',  ( 0.000000000000000000, 0.000000000000000000, 1.000000000000000000 ) ) ;
#9753 = EDGE_CURVE ( 'NONE', #8589, #2320, #7043, .T. ) ;
#9754 = CARTESIAN_POINT ( 'NONE',  ( -29.29999999999999716, -19.23499999999998877, -19.23499999999998522 ) ) ;
#9755 = AXIS2_PLACEMENT_3D ( 'NONE', #8493, #2401, #6348 ) ;
#9756 = ORIENTED_EDGE ( 'NONE', *, *, #3028, .F. ) ;
#9757 = FACE_OUTER_BOUND ( 'NONE', #6873, .T. ) ;
#9758 = ORIENTED_EDGE ( 'NONE', *, *, #4663, .T. ) ;
#9759 = ORIENTED_EDGE ( 'NONE', *, *, #7916, .F. ) ;
#9760 = DIRECTION ( 'NONE',  ( -1.000000000000000000, -0.000000000000000000, 0.000000000000000000 ) ) ;
#9761 = VECTOR ( 'NONE', #3700, 1000.000000000000114 ) ;
#9762 = CARTESIAN_POINT ( 'NONE',  ( -33.70000000000000284, 30.61959168403986453, 2.115027865327779644 ) ) ;
#9763 = ORIENTED_EDGE ( 'NONE', *, *, #2473, .T. ) ;
#9764 = CARTESIAN_POINT ( 'NONE',  ( -20.89999999999996660, 15.00000000000001066, 15.00000000000001243 ) ) ;
#9765 = LINE ( 'NONE', #669, #9747 ) ;
#9766 = ORIENTED_EDGE ( 'NONE', *, *, #4830, .F. ) ;
#9767 = CARTESIAN_POINT ( 'NONE',  ( -22.99999999999998224, 9.920989292025522610E-13, -1.235384309998005111E-14 ) ) ;
#9768 = CARTESIAN_POINT ( 'NONE',  ( -29.49999999999997158, 31.70000000000096918, -9.215397183191785983E-15 ) ) ;
#9769 = VECTOR ( 'NONE', #1823, 1000.000000000000000 ) ;
#9770 = ORIENTED_EDGE ( 'NONE', *, *, #7429, .T. ) ;
#9771 = ORIENTED_EDGE ( 'NONE', *, *, #756, .F. ) ;
#9772 = LINE ( 'NONE', #1471, #9584 ) ;
#9773 = ORIENTED_EDGE ( 'NONE', *, *, #9361, .T. ) ;
#9774 = DIRECTION ( 'NONE',  ( -1.000000000000000000, 2.161476583036237957E-16, 5.473344771987708442E-16 ) ) ;
#9775 = VERTEX_POINT ( 'NONE', #7186 ) ;
#9776 = CARTESIAN_POINT ( 'NONE',  ( -32.89999973467578798, -3.557113926642545554, 32.60707462286309521 ) ) ;
#9777 = ORIENTED_EDGE ( 'NONE', *, *, #5097, .T. ) ;
#9778 = SURFACE_STYLE_FILL_AREA ( #3636 ) ;
#9779 = CARTESIAN_POINT ( 'NONE',  ( -32.89999999999998437, -1.199999999998882849, -31.83191206961782171 ) ) ;
#9780 = VECTOR ( 'NONE', #1027, 1000.000000000000000 ) ;
#9781 = FACE_OUTER_BOUND ( 'NONE', #8060, .T. ) ;
#9782 = PLANE ( 'NONE',  #4717 ) ;
#9783 = EDGE_CURVE ( 'NONE', #7590, #426, #1703, .T. ) ;
#9784 = CARTESIAN_POINT ( 'NONE',  ( -33.89999999998009628, -31.79094230992147985, -3.449999999980245757 ) ) ;
#9785 = VECTOR ( 'NONE', #5425, 999.9999999999998863 ) ;
#9786 = LINE ( 'NONE', #2883, #2660 ) ;
#9787 = DIRECTION ( 'NONE',  ( 1.206764157201257143E-15, 1.000000000000000000, 0.000000000000000000 ) ) ;
#9788 = ADVANCED_BREP_SHAPE_REPRESENTATION ( 'RMD-7015', ( #8508, #8670, #2045, #2110, #8654, #8422, #906 ), #3624 ) ;
#9789 = CARTESIAN_POINT ( 'NONE',  ( -32.89999999999998437, -31.79094230992150827, 4.449999999999866951 ) ) ;
#9790 = DIRECTION ( 'NONE',  ( 0.000000000000000000, -0.9999167070499447307, 0.01290654726853268826 ) ) ;
#9791 = VECTOR ( 'NONE', #6332, 1000.000000000000000 ) ;
#9792 = DIRECTION ( 'NONE',  ( 0.000000000000000000, -1.000000000000000000, 0.000000000000000000 ) ) ;
#9793 = CARTESIAN_POINT ( 'NONE',  ( -32.89999997813779942, -26.67973872472602181, -19.07986514397005706 ) ) ;
#9794 = ORIENTED_EDGE ( 'NONE', *, *, #36, .T. ) ;
#9795 = EDGE_CURVE ( 'NONE', #426, #7590, #7284, .T. ) ;
#9796 = EDGE_CURVE ( 'NONE', #6253, #7601, #1085, .T. ) ;
#9797 = VERTEX_POINT ( 'NONE', #8720 ) ;
#9798 = DIRECTION ( 'NONE',  ( -1.000000000000000000, -1.175656832681595541E-18, 2.479139147737537908E-18 ) ) ;
#9799 = ORIENTED_EDGE ( 'NONE', *, *, #5554, .F. ) ;
#9800 = CARTESIAN_POINT ( 'NONE',  ( -33.69999999999999574, 30.25852531317753602, 0.07405444337400836352 ) ) ;
#9801 = CYLINDRICAL_SURFACE ( 'NONE', #337, 2.950000000000000178 ) ;
#9802 = CARTESIAN_POINT ( 'NONE',  ( -33.70000000000000284, 30.61959168403986453, 2.115027865327779644 ) ) ;
#9803 = EDGE_LOOP ( 'NONE', ( #3571, #6731, #7013, #8454, #1266 ) ) ;
#9804 = FACE_OUTER_BOUND ( 'NONE', #9023, .T. ) ;
#9805 = ORIENTED_EDGE ( 'NONE', *, *, #5055, .T. ) ;
#9806 = ADVANCED_FACE ( 'NONE', ( #1977 ), #4142, .T. ) ;
#9807 = EDGE_CURVE ( 'NONE', #6806, #1013, #6482, .T. ) ;
#9808 = EDGE_LOOP ( 'NONE', ( #7213, #5511 ) ) ;
#9809 = CARTESIAN_POINT ( 'NONE',  ( -32.89999997588742531, 13.19419591531979385, 30.09175479286055221 ) ) ;
#9810 = DIRECTION ( 'NONE',  ( -1.000000000000000000, 4.440892098500626162E-16, 2.121142188857532135E-16 ) ) ;
#9811 = EDGE_LOOP ( 'NONE', ( #5015, #8018, #7956, #2006 ) ) ;
#9812 = CARTESIAN_POINT ( 'NONE',  ( -29.29999999999997229, 13.28949793360126641, 16.89121196084430920 ) ) ;
#9813 = DIRECTION ( 'NONE',  ( -0.000000000000000000, -0.5437741451046695929, -0.8392316004034200416 ) ) ;
#9814 = EDGE_LOOP ( 'NONE', ( #5145, #7995, #6679, #5378 ) ) ;
#9815 = DIRECTION ( 'NONE',  ( 0.000000000000000000, 1.000000000000000000, 0.000000000000000000 ) ) ;
#9816 = CIRCLE ( 'NONE', #723, 3.449999999929899808 ) ;
#9817 = FACE_OUTER_BOUND ( 'NONE', #7464, .T. ) ;
#9818 = ORIENTED_EDGE ( 'NONE', *, *, #1364, .F. ) ;
#9819 = ADVANCED_FACE ( 'NONE', ( #1786 ), #3490, .F. ) ;
#9820 = ORIENTED_EDGE ( 'NONE', *, *, #5602, .F. ) ;
#9821 = EDGE_CURVE ( 'NONE', #8793, #3450, #6335, .T. ) ;
#9822 = CARTESIAN_POINT ( 'NONE',  ( -29.29999999999999361, -13.28949793359917031, -16.89121196084442289 ) ) ;
#9823 = CLOSED_SHELL ( 'NONE', ( #8586, #2906, #7537, #4076, #4369, #5362, #7193, #6708, #7466, #6833, #4324, #1970, #5364, #3266, #1541, #6767, #528, #7021, #579, #2892, #4999, #2408, #2329, #3643, #2837, #8132, #3390, #3081, #2301, #3388, #7113, #8462, #6151, #9670 ) ) ;
#9824 = ORIENTED_EDGE ( 'NONE', *, *, #2588, .T. ) ;
#9825 = VECTOR ( 'NONE', #1061, 1000.000000000000000 ) ;
#9826 = DIRECTION ( 'NONE',  ( 0.000000000000000000, 0.000000000000000000, -1.000000000000000000 ) ) ;
#9827 = ORIENTED_EDGE ( 'NONE', *, *, #8622, .T. ) ;
#9828 = CARTESIAN_POINT ( 'NONE',  ( -32.89999974149165496, -9.974912117622706020, 31.24829084112339572 ) ) ;
#9829 = EDGE_LOOP ( 'NONE', ( #8551, #8659 ) ) ;
#9830 = CARTESIAN_POINT ( 'NONE',  ( -28.99999999999998934, -14.99999999999901235, 12.39999999999992575 ) ) ;
#9831 = CARTESIAN_POINT ( 'NONE',  ( -1.467566920986434022E-14, -10.85000000000000497, -6.938893903907175130E-16 ) ) ;
#9832 = CARTESIAN_POINT ( 'NONE',  ( -33.90000000001691660, 31.79094230992348002, 1.125401855039953602E-13 ) ) ;
#9833 = LINE ( 'NONE', #2177, #1335 ) ;
#9834 = CARTESIAN_POINT ( 'NONE',  ( -3.500000000000015987, -9.499999999999994671, 2.359873854009202459E-15 ) ) ;
#9835 = DIRECTION ( 'NONE',  ( -1.000000000000000000, 4.440892098493159100E-16, 2.121142188919197885E-16 ) ) ;
#9836 = LINE ( 'NONE', #9789, #3358 ) ;
#9837 = CARTESIAN_POINT ( 'NONE',  ( -21.60000000000000142, 8.064590685340961693E-15, 1.113758879175237781E-14 ) ) ;
#9838 = CARTESIAN_POINT ( 'NONE',  ( -32.39999999999999147, 32.35660431418607885, -1.285380919387683063 ) ) ;
#9839 = CARTESIAN_POINT ( 'NONE',  ( -32.89999999876656034, -25.74986055996230760, -20.31720458821078523 ) ) ;
#9840 = VERTEX_POINT ( 'NONE', #4190 ) ;
#9841 = AXIS2_PLACEMENT_3D ( 'NONE', #2740, #8733, #3503 ) ;
#9842 = ORIENTED_EDGE ( 'NONE', *, *, #13, .F. ) ;
#9843 = DIRECTION ( 'NONE',  ( 2.573514702612333718E-16, 0.8392316004034201526, -0.5437741451046697039 ) ) ;
#9844 = ORIENTED_EDGE ( 'NONE', *, *, #7592, .T. ) ;
#9845 = CARTESIAN_POINT ( 'NONE',  ( -33.70000000000000284, 28.55035281803551683, -4.275844668500571544 ) ) ;
#9846 = CARTESIAN_POINT ( 'NONE',  ( 70.33232511283226529, -9.481370026207550088E-14, -2.243993897086055271E-14 ) ) ;
#9847 = CIRCLE ( 'NONE', #3305, 1.249999999999994227 ) ;
#9848 = DIRECTION ( 'NONE',  ( 1.000000000000000000, -2.161476583036237957E-16, -5.473344771987708442E-16 ) ) ;
#9849 = AXIS2_PLACEMENT_3D ( 'NONE', #3556, #548, #1536 ) ;
#9850 = EDGE_CURVE ( 'NONE', #8818, #3282, #3298, .T. ) ;
#9851 = EDGE_CURVE ( 'NONE', #5686, #8057, #8675, .T. ) ;
#9852 = CIRCLE ( 'NONE', #2351, 1.599999999999998979 ) ;
#9853 = ORIENTED_EDGE ( 'NONE', *, *, #6110, .F. ) ;
#9854 = FACE_OUTER_BOUND ( 'NONE', #4390, .T. ) ;
#9855 = ORIENTED_EDGE ( 'NONE', *, *, #1324, .T. ) ;
#9856 = AXIS2_PLACEMENT_3D ( 'NONE', #5666, #4909, #1900 ) ;
#9857 = ORIENTED_EDGE ( 'NONE', *, *, #5349, .T. ) ;
#9858 = CARTESIAN_POINT ( 'NONE',  ( -32.39999999999996305, 31.91870648514026598, -4.948350868272169301 ) ) ;
#9859 = CARTESIAN_POINT ( 'NONE',  ( -33.70000000000000995, -28.55035281803556657, 4.275844668500498713 ) ) ;
#9860 = ORIENTED_EDGE ( 'NONE', *, *, #1133, .T. ) ;
#9861 = CARTESIAN_POINT ( 'NONE',  ( -42.91599376778211195, 14.70000000000099938, -6.329146843846804951E-15 ) ) ;
#9862 = AXIS2_PLACEMENT_3D ( 'NONE', #8759, #9510, #3472 ) ;
#9863 = AXIS2_PLACEMENT_3D ( 'NONE', #6095, #7628, #8372 ) ;
#9864 = DIRECTION ( 'NONE',  ( 0.000000000000000000, -0.7071067811865555663, 0.7071067811865393571 ) ) ;
#9865 = ORIENTED_EDGE ( 'NONE', *, *, #1938, .T. ) ;
#9866 = CARTESIAN_POINT ( 'NONE',  ( -3.500000000000003109, 4.718284947709202875E-15, 1.116695435164598604E-15 ) ) ;
#9867 = CIRCLE ( 'NONE', #3992, 1.000000000000000000 ) ;
#9868 = ADVANCED_FACE ( 'NONE', ( #1880 ), #8826, .T. ) ;
#9869 = ADVANCED_FACE ( 'NONE', ( #8074 ), #7980, .F. ) ;
#9870 = ORIENTED_EDGE ( 'NONE', *, *, #2134, .F. ) ;
#9871 = AXIS2_PLACEMENT_3D ( 'NONE', #2448, #7847, #9341 ) ;
#9872 = VERTEX_POINT ( 'NONE', #3545 ) ;
#9873 = CARTESIAN_POINT ( 'NONE',  ( -83.77726090546464377, 9.946990652005932957E-13, -1.094535733474896288E-14 ) ) ;
#9874 = ORIENTED_EDGE ( 'NONE', *, *, #7465, .T. ) ;
#9875 = LINE ( 'NONE', #1576, #9472 ) ;
#9876 = VERTEX_POINT ( 'NONE', #2673 ) ;
#9877 = CARTESIAN_POINT ( 'NONE',  ( -32.89999971568913395, -3.494485160211993069, 32.61385522802424219 ) ) ;
#9878 = ORIENTED_EDGE ( 'NONE', *, *, #1673, .T. ) ;
#9879 = CARTESIAN_POINT ( 'NONE',  ( -1.499999999999959144, 31.50000000000000000, 2.227185021712291538E-15 ) ) ;
#9880 = EDGE_CURVE ( 'NONE', #8512, #6083, #8560, .T. ) ;
#9881 = CARTESIAN_POINT ( 'NONE',  ( -30.90000000000000213, -8.499999999999989342, -28.98275349237886545 ) ) ;
#9882 = DIRECTION ( 'NONE',  ( -1.000000000000000000, 4.440892098500626162E-16, 2.121142188857532135E-16 ) ) ;
#9883 = CARTESIAN_POINT ( 'NONE',  ( -33.40000000000023306, -31.79094230992150827, 2.949999999984880716 ) ) ;
#9884 = CIRCLE ( 'NONE', #2684, 9.500000000000000000 ) ;
#9885 = LINE ( 'NONE', #6985, #8985 ) ;
#9886 = CIRCLE ( 'NONE', #2687, 29.50000000000000711 ) ;
#9887 = DIRECTION ( 'NONE',  ( 1.000000000000000000, 0.000000000000000000, 0.000000000000000000 ) ) ;
#9888 = B_SPLINE_CURVE_WITH_KNOTS ( 'NONE', 3,
 ( #5923, #8203, #4374, #2259, #4566, #9809, #5323, #7605, #5969, #2955, #2905, #7558, #7410, #8252, #1357, #8959, #1411, #4414 ),
 .UNSPECIFIED., .F., .F.,
 ( 4, 2, 2, 2, 2, 2, 2, 2, 4 ),
 ( 0.5000000000000000000, 0.5625000000000000000, 0.6250000000000000000, 0.6875000000000000000, 0.7500000000000000000, 0.8125000000000000000, 0.8750000000000001110, 0.9375000000000000000, 1.000000000000000000 ),
 .UNSPECIFIED. ) ;
#9889 = CIRCLE ( 'NONE', #627, 30.75000000000000000 ) ;
#9890 = LINE ( 'NONE', #5253, #5944 ) ;
#9891 = DIRECTION ( 'NONE',  ( 1.000000000000000000, -4.440892098500626162E-16, -2.121142188857532135E-16 ) ) ;
#9892 = AXIS2_PLACEMENT_3D ( 'NONE', #3000, #7598, #3662 ) ;
#9893 = DIRECTION ( 'NONE',  ( -1.000000000000000000, 4.440892098500626162E-16, 2.121142188857532135E-16 ) ) ;
#9894 = DIRECTION ( 'NONE',  ( 0.000000000000000000, 1.000000000000000000, 0.000000000000000000 ) ) ;
#9895 = CARTESIAN_POINT ( 'NONE',  ( -32.89999994490101898, -27.19491941158829107, -18.33865510608749005 ) ) ;
#9896 = ORIENTED_EDGE ( 'NONE', *, *, #7549, .F. ) ;
#9897 = AXIS2_PLACEMENT_3D ( 'NONE', #8814, #1076, #1220 ) ;
#9898 = ORIENTED_EDGE ( 'NONE', *, *, #4478, .F. ) ;
ENDSEC;
END-ISO-10303-21;
